Feature,Importance
num__PV_kWac,0.5217675840792991
num__PV_kWdc,0.4182411110857891
cat__City_STATEN ISLAND,0.019643457087296423
cat__Connection_Date_2011-11-01 00:00:00,0.013494875773375275
cat__Circuit_ID_JA NWK,0.011878823500249248
num__Connection_Year,0.007135882744608814
cat__Connection_Date_2018-07-01 00:00:00,0.002782463254368114
cat__Developer_Vivint Solar,0.0017672801674298183
cat__County_Suffolk,0.0012400048644177334
cat__Utility_PSEGLI,0.0003869005763057284
cat__Connection_Date_2019-04-25 00:00:00,0.0002462660752745034
cat__Connection_Date_2016-05-31 00:00:00,0.00023745009634157634
num__Connection_Month,0.00022118619802383076
cat__Metering Method_FIT,0.0001883433776078137
cat__Substation_8DR,0.00016609611164516096
cat__Developer_Sybac Solar_ LLC,0.00012387550603897455
num__Zip,0.0001223146886564364
cat__City_Shoreham,0.00012151089782396579
cat__City_Manorville,0.00010670827694627583
cat__Developer_Silverado,5.6531229779720775e-05
cat__Circuit_ID_8DR425,4.976594053048661e-05
num__Connection_Day,2.3555001708895164e-06
cat__Division_Newburgh,1.5840851699907207e-06
cat__Utility_RGE,5.272567003215395e-07
cat__County_Wayne,5.197761544773819e-07
cat__Substation_8RX,5.181511793290684e-07
cat__Circuit_ID_8RX744,5.058251664702978e-07
cat__Division_020-Oneida,4.721246595371972e-07
cat__Connection_Date_2022-12-28 00:00:00,4.152183980592558e-07
cat__Circuit_ID_36_23_77352,4.0178504980203336e-07
cat__Utility_Central Hudson,3.814211318183945e-07
cat__Connection_Date_2021-09-10 00:00:00,3.773512416597264e-07
cat__Circuit_ID_36_20_51452,3.5062405844232844e-07
cat__Developer_Mark Richardson (Solitude Solar LLC),3.1490334177452173e-07
cat__County_Onondaga,2.9107446585914305e-07
"cat__Developer_Sterling Power Opportunities, LLC",2.790454419675913e-07
cat__County_Orange,2.7814013864319754e-07
cat__City_Newburgh,2.774216083983188e-07
cat__Utility_NYSEG,2.588083242135755e-07
"cat__Developer_Kendall Sustainable Infrastructure, LLC",2.513141234950734e-07
cat__Circuit_ID_4027,2.4737655012365793e-07
cat__City_LOWVILLE,2.450259642703769e-07
cat__Developer_EnterSolar,2.3334297122636966e-07
cat__Substation_WEAVER ST 245,2.1207868019579924e-07
cat__Connection_Date_2021-11-30 00:00:00,2.1111775382092422e-07
cat__Substation_SOUTHWOOD 244,1.9369833162108516e-07
cat__Utility_Con Ed,1.8868074910287023e-07
cat__City_SCHENECTADY,1.837061092308171e-07
cat__Utility_National Grid,1.8287456274833992e-07
cat__Circuit_ID_0168CF5190,1.7603133249732476e-07
cat__Substation_Coldenham,1.6210260041145675e-07
cat__Circuit_ID_8102802,1.5589808909120664e-07
cat__Division_011 - Syracuse,1.549179211027624e-07
cat__Metering Method_CDG,1.497661380193903e-07
cat__City_Castle Creek,1.4312814981026083e-07
cat__Connection_Date_2022-06-28 00:00:00,1.4281751583222656e-07
cat__Connection_Date_2022-12-20 00:00:00,1.4183717650751475e-07
cat__Connection_Date_2023-10-17 00:00:00,1.3905158486444545e-07
cat__County_Saratoga,1.3733673967823936e-07
"cat__Developer_Generate Capital, Inc",1.3147020045674926e-07
cat__City_Jordan,1.3036941465935955e-07
cat__Circuit_ID_3004,1.2885396155529303e-07
cat__Connection_Date_2020-12-28 00:00:00,1.2823645753771219e-07
cat__Connection_Date_2023-12-29 00:00:00,1.280756554580717e-07
cat__Division_CENY-Q,1.2658354004625768e-07
cat__Circuit_ID_36_18_66953,1.212863339666082e-07
cat__Circuit_ID_2403252,1.1687826437793713e-07
cat__Metering Method_RNM,1.1575328416880914e-07
cat__Connection_Date_2022-07-26 00:00:00,1.1439175002730621e-07
cat__Division_Binghamton,1.1396931724959314e-07
cat__Connection_Date_2023-01-03 00:00:00,1.1348391971246647e-07
cat__Developer_Green Street Power Partners,1.1085288320040805e-07
cat__City_GOUVERNEUR,1.0915805489011074e-07
cat__Substation_CAVANAUGH 616,1.0526921989952469e-07
cat__Connection_Date_2021-01-04 00:00:00,1.0019931448367341e-07
cat__City_EAST SYRACUSE,9.900201853288459e-08
cat__Developer_SunPower,9.552940104366237e-08
cat__Substation_COLLAMER CROSSING,9.275033984678394e-08
cat__Substation_NYS-RIDGE RD 501,9.210636221228602e-08
cat__Metering Method_NM,9.161684361425829e-08
cat__Substation_0168CF5190-Farmington Victor RD,9.034391143459537e-08
cat__County_Monroe,8.131172940116855e-08
cat__Connection_Date_2022-01-04 00:00:00,7.770390523754153e-08
cat__Developer_Cypress Creek Renewables,7.714757092310501e-08
cat__Circuit_ID_8101705,7.60541461421138e-08
cat__Division_017 - Utica,7.289206997842314e-08
cat__Substation_NYS-CHENANGO BRIDGE 428,7.156069261058113e-08
cat__Circuit_ID_36_11_151156,7.110044234069471e-08
cat__Connection_Date_2022-09-27 00:00:00,7.095232695865003e-08
cat__Developer_DSD Renewables,7.031041469001745e-08
cat__Circuit_ID_4097,6.68550341007544e-08
cat__City_Saugerties,6.63571975332303e-08
cat__Developer_Nexamp Inc,6.404005346217224e-08
cat__Circuit_ID_36_17_61652,6.386649486665944e-08
cat__Division_018 - Rome,6.23745802959241e-08
cat__Developer_Barton Pitts (Nexamp),6.187025790372178e-08
cat__City_Farmington,6.100600123172317e-08
cat__Developer_Bartolo Jimenez (Cipriani Energy Group Corp.),6.049957717523945e-08
cat__Circuit_ID_0230RO5163,5.973043093183234e-08
cat__City_Elmira,5.7899528243778713e-08
cat__Substation_Bethlehem Rd,5.6815504236550955e-08
cat__City_New Windsor,5.568220531860097e-08
cat__Circuit_ID_221,5.56607645259293e-08
cat__County_Sullivan,5.519170369526046e-08
cat__Developer_Kevin Bailey (High Peaks Solar/Sycaway Solar and W,5.418406917858845e-08
cat__City_OSWEGO,5.292292378094128e-08
cat__Circuit_ID_5201601,5.218004878477982e-08
cat__Substation_NYS-SCIOTA-FLATROCK 517,4.933958644792544e-08
cat__Connection_Date_2023-12-08 00:00:00,4.869849407753407e-08
cat__Division_032 - Schenectady,4.835851092792907e-08
cat__Connection_Date_2019-12-28 00:00:00,4.641424955358389e-08
cat__County_Ulster,4.5571425599719296e-08
cat__County_Lewis,4.506966091459269e-08
cat__City_REXFORD,4.4752720664095794e-08
cat__Substation_NYS-WHITE LAKE 290,4.2569659654164906e-08
cat__City_MARCY,4.126495500106713e-08
cat__County_St Lawrence,4.098838719706375e-08
cat__Division_Geneva,4.021446705762902e-08
cat__Substation_GROOMS RD 345,4.0207513977940214e-08
cat__County_Jefferson,3.9622950367964315e-08
cat__City_JOHNSTOWN,3.9544498912828355e-08
cat__City_Hilton,3.914822217896622e-08
cat__County_Clinton,3.789749573473698e-08
cat__County_Broome,3.787577193668231e-08
cat__Connection_Date_2021-01-07 00:00:00,3.6922106329012715e-08
cat__Division_Sodus,3.5754039933178825e-08
cat__Circuit_ID_4026,3.547735831468736e-08
cat__Connection_Date_2022-09-26 00:00:00,3.484015136858887e-08
cat__Connection_Date_2021-12-22 00:00:00,3.4533584607514175e-08
cat__Connection_Date_2020-02-27 00:00:00,3.423698362180681e-08
"cat__Developer_129 Cream Street, LLC",3.417708570691923e-08
cat__Division_Liberty,3.350546163150554e-08
cat__County_Schenectady,3.348090628300098e-08
cat__Developer_103 Sparling Road LLC,3.307497638292983e-08
cat__City_Palmyra,3.306851610086235e-08
cat__Circuit_ID_8ED3H8,3.2744060550354375e-08
cat__Division_Elmira,3.160107501194056e-08
cat__Developer_Benjamin Rubin (Ameresco Inc.),3.0556229667960245e-08
cat__Substation_0230RO5163-1102 Atlantic AVE,3.0539576760431456e-08
cat__City_STOCKHOLM,2.993756723334967e-08
cat__Circuit_ID_2307211,2.9371492830463365e-08
cat__Developer_Theresa Baker (General Electric International Inc),2.9143147800610783e-08
cat__Division_Canandaigua,2.8738840164087397e-08
cat__Division_020 - Oneida,2.8499328269011872e-08
cat__Substation_LEHIGH 669,2.8325633609464386e-08
cat__Division_Kingston,2.8204680317185666e-08
cat__Circuit_ID_36_13_81756,2.8166875057767326e-08
cat__Connection_Date_2023-10-20 00:00:00,2.7432811297821447e-08
cat__Circuit_ID_36_25_97654,2.7211818499578448e-08
cat__Division_CENY-SI,2.682057717866596e-08
cat__Connection_Date_2023-06-23 00:00:00,2.6667999925468278e-08
cat__Connection_Date_2020-12-19 00:00:00,2.6470334423943195e-08
cat__Developer_East Light Partners PBC,2.6439067877983853e-08
cat__Substation_FRESH_KILLS,2.6411385102001436e-08
cat__Substation_Jamaica,2.501960781067841e-08
cat__City_VERNON,2.478049747568619e-08
cat__Circuit_ID_36_35_35852,2.4725801187132043e-08
cat__Division_Oneonta,2.4616616906813424e-08
cat__City_CAMDEN,2.327117171547981e-08
cat__Circuit_ID_3014,2.3162989657328563e-08
cat__Connection_Date_2021-09-03 00:00:00,2.286774432740145e-08
cat__Substation_NYS-DELHI 211,2.2547846791978008e-08
cat__Circuit_ID_63-3-13,2.1689543256973568e-08
cat__County_Chemung,2.1209152551271188e-08
cat__Substation_SUBT 27,2.108408946877729e-08
cat__City_Rock Tvrn,2.0929222131437953e-08
cat__Circuit_ID_36_35_02051,2.0002623643124766e-08
cat__Connection_Date_2019-09-20 00:00:00,1.964410292129408e-08
"cat__Developer_Michael Prinzi (Solar Liberty Energy Systems, Inc.",1.9352324438675138e-08
"cat__Developer_Green Street Power Partners, LLC",1.934623029959755e-08
cat__Developer_Colin Walker (SSC Oswego LLC),1.9332592125586204e-08
cat__Division_Auburn,1.800871022999953e-08
cat__Developer_NextAmp Inc,1.7694535105846698e-08
cat__County_Cattaraugus,1.749412847595198e-08
cat__Circuit_ID_36_11_29451,1.708079662251274e-08
cat__Connection_Date_2021-12-30 00:00:00,1.5789721647533185e-08
cat__Division_Central,1.578840186461705e-08
cat__Connection_Date_2022-08-30 00:00:00,1.5242350768447233e-08
cat__Developer_Nate Williams (DSD Renewables),1.5199387582864177e-08
cat__Circuit_ID_33R37,1.5035185433985723e-08
cat__Circuit_ID_36_20_51457,1.4719654898876554e-08
cat__Connection_Date_2021-12-28 00:00:00,1.4639676690636423e-08
cat__Circuit_ID_6051,1.4598655208292176e-08
cat__Connection_Date_2021-03-17 00:00:00,1.45264221251167e-08
cat__Substation_NYS-FALLS PARK 640,1.4490450484854345e-08
cat__City_Garden City,1.4269376838439859e-08
cat__Connection_Date_2021-06-15 00:00:00,1.4259967756504444e-08
cat__County_Oneida,1.4097233339512805e-08
cat__City_Chester,1.4016729350787858e-08
cat__City_Melville,1.3973371023741e-08
cat__Circuit_ID_1206401,1.3245577639573908e-08
cat__Substation_STONER 358,1.3150190047230436e-08
cat__Substation_W. ADAMS 875,1.3054226727943955e-08
cat__Substation_Woodstock,1.302771248841455e-08
cat__County_Nassau,1.3004251306594424e-08
cat__City_WATERTOWN,1.2869386689769392e-08
cat__Utility_O&R,1.2697181156926291e-08
cat__City_Mooers,1.2575718549452115e-08
cat__County_Richmond,1.252731110020617e-08
cat__City_AVON,1.2478578973420088e-08
cat__County_Delaware,1.221917497293104e-08
cat__City_Binghamton,1.197223713386588e-08
cat__Substation_N. CARTHAGE 816,1.1779764117301238e-08
cat__Connection_Date_2022-03-25 00:00:00,1.087719942888133e-08
cat__Connection_Date_2018-12-18 00:00:00,1.0789577497737e-08
cat__City_HAMLIN,1.0742077245415178e-08
cat__Substation_NYS-SOUTH OWEGO 540,1.0735072446413392e-08
cat__Connection_Date_2020-07-10 00:00:00,1.070175153794432e-08
cat__City_AUBURN,1.0698868375729844e-08
cat__Circuit_ID_36_13_87551,1.05811107394727e-08
cat__Connection_Date_2021-09-29 00:00:00,1.0201254490675319e-08
cat__Substation_LOWVILLE 773,1.0166650521208647e-08
cat__County_Chautauqua,1.0091445425094096e-08
cat__Connection_Date_2021-08-27 00:00:00,9.64812239040824e-09
cat__City_Ellenburg,9.5893449701697e-09
cat__Substation_NYS-LOUNSBERRY 179,9.188016514503952e-09
cat__Connection_Date_2019-12-31 00:00:00,9.154842116143547e-09
cat__City_Ghent,9.072818526559806e-09
cat__Connection_Date_2016-12-27 00:00:00,9.03438321971302e-09
cat__Developer_Caitlin Majewski (xxx),9.026696229102162e-09
cat__Division_Plattsburgh,8.849644051898508e-09
cat__Division_Rochester,8.739587790577258e-09
cat__Substation_NYS-YAWGER RD 362,8.711558554267668e-09
cat__Metering Method_RC,8.706581736494759e-09
cat__Substation_East Park,8.614073436569038e-09
cat__Circuit_ID_36_32_36556,8.514793371635789e-09
cat__Substation_8WF,8.477341659614961e-09
cat__City_Calverton,8.460640269857552e-09
cat__Developer_Solar Liberty Energy Systems,8.383230587712537e-09
cat__Substation_CURRY RD 365,8.369471147517428e-09
cat__Division_Poughkeepsie,8.281777710116107e-09
cat__Connection_Date_2015-12-15 00:00:00,8.249912177673419e-09
cat__Circuit_ID_COLD SPRING-W SALAMANCA #804,8.248986010467088e-09
cat__Circuit_ID_36_08_15352,8.127794598578853e-09
cat__County_Tioga,8.00920878309411e-09
cat__Division_010 - Olean,7.961987224117845e-09
cat__City_Lagrangeville,7.883166164367238e-09
cat__Developer_Sunpower,7.87908143794577e-09
cat__Division_030 - Albany,7.863604429636654e-09
cat__Substation_BRUNSWICK 264,7.833779081149993e-09
cat__Circuit_ID_36_23_81653,7.826822508097121e-09
cat__Developer_Other,7.801482205670147e-09
cat__Circuit_ID_4203096,7.635202610071922e-09
cat__County_Westchester,7.500969825133392e-09
cat__Substation_White_Plains,7.473040175277815e-09
cat__Division_East,7.330949075432388e-09
cat__County_Franklin,7.3047610030829615e-09
cat__Connection_Date_2021-08-30 00:00:00,7.242069943621548e-09
cat__Developer_Soltage VUL1600 Chemung LLC,7.2378882521909425e-09
cat__Circuit_ID_36_17_60656,7.189418416497366e-09
cat__Substation_NYS-PHILO RD 330,7.106019766759359e-09
cat__Developer_Common Energy,7.042762870702861e-09
cat__Substation_DEERFIELD 606,7.038058925432775e-09
"cat__Developer_Borrego Solar Systems, Inc.",6.98943658215847e-09
cat__City_CARTHAGE,6.9723218976597716e-09
cat__City_TROY,6.9335780461805065e-09
cat__County_Dutchess,6.929535058059224e-09
cat__City_Shirley,6.874613842786877e-09
cat__Circuit_ID_0071RO5110,6.812002247244608e-09
cat__Substation_LAWRENCE AVE 976,6.7956143816878785e-09
cat__Circuit_ID_JH NWK,6.7891641195043016e-09
cat__Circuit_ID_1500517,6.778026583007874e-09
cat__Connection_Date_2017-12-21 00:00:00,6.730758089664675e-09
cat__City_LAFAYETTE,6.472245593799103e-09
cat__County_Queens,6.284010062511766e-09
cat__Connection_Date_2020-10-06 00:00:00,6.234183527479067e-09
cat__Division_West,6.225692212336355e-09
cat__Circuit_ID_36_32_24551,6.2076558907277905e-09
cat__Connection_Date_2021-12-15 00:00:00,6.137300085491852e-09
cat__Circuit_ID_0205LS5202,5.998608372838961e-09
cat__Developer_GENERAL ELECTRIC,5.818372520612977e-09
cat__County_Rockland,5.761886079649113e-09
cat__Circuit_ID_0070RO5236,5.647301231270151e-09
cat__Circuit_ID_1500113,5.509597478760588e-09
cat__Circuit_ID_6073,5.497808713506804e-09
cat__Circuit_ID_41582,5.479125890972922e-09
cat__City_OLEAN,5.347247364310848e-09
cat__Circuit_ID_8W77,5.318756288215881e-09
cat__Circuit_ID_8104601,5.222732378740857e-09
cat__Substation_Saugerties,5.222367256217288e-09
cat__Connection_Date_2022-02-03 00:00:00,5.136299224124629e-09
cat__City_Hyde Park,5.0545125143107926e-09
"cat__Developer_C2 Omega, LLC",4.984256024285764e-09
cat__County_Rensselaer,4.817904928262529e-09
cat__Division_Catskill,4.811155122551693e-09
cat__Developer_Solar City,4.776256099482912e-09
"cat__Developer_Elie Schecter (Potsdam Community Solar, LLC)",4.733448921744224e-09
cat__Circuit_ID_8WF1H1,4.7177448765499055e-09
cat__Connection_Date_2023-11-20 00:00:00,4.661065457538799e-09
cat__City_White Plains,4.64933044653036e-09
cat__Connection_Date_2021-10-09 00:00:00,4.637399239549698e-09
cat__City_Lagrange,4.508679395921047e-09
cat__Substation_FRONT ST 360,4.48635860133749e-09
cat__Developer_Joe Fiori (Nexamp Solar LLC),4.342586819451782e-09
cat__Developer_Renovus Solar,4.285996013585702e-09
cat__Substation_MAPLEHURST,4.2521382740508066e-09
cat__Developer_Hudson Solar,4.209464480997695e-09
cat__Developer_GREEN POWER DEVELOPERS LLC,4.147447780381686e-09
cat__Connection_Date_2017-05-01 00:00:00,4.145830107434027e-09
cat__City_Staten Island,4.125566889364765e-09
cat__Division_CENY-BX,4.119663985428612e-09
cat__City_Walton,4.0995298979308004e-09
cat__Circuit_ID_36_06_8254,4.0843448627149765e-09
cat__Circuit_ID_8107402,4.059559493585567e-09
cat__City_Tomkins Cove,4.0038890405273105e-09
cat__Developer_OYA Solar Inc.,3.9981180403820195e-09
cat__Circuit_ID_36_30_14951,3.940738483220979e-09
cat__Substation_MUMFORD 50,3.883460201439316e-09
cat__Connection_Date_2019-06-19 00:00:00,3.827465750320832e-09
cat__Substation_NYS-MACEDON 602,3.7233206564285166e-09
cat__Substation_0071RO5110-852 Manitou RD,3.6827130281670145e-09
cat__Connection_Date_2017-02-17 00:00:00,3.677746604375783e-09
cat__Substation_E. DUNKIRK 63,3.587554038028576e-09
cat__Developer_Adam Loudon (Portville CSG 3 LLC),3.585216378417196e-09
cat__Circuit_ID_4202302,3.5552411402585638e-09
cat__Connection_Date_2017-10-25 00:00:00,3.539962452967166e-09
cat__Connection_Date_2013-12-19 00:00:00,3.5382732254424922e-09
cat__Substation_PETERBORO 514,3.535549382608837e-09
cat__County_Columbia,3.494245036812565e-09
cat__Developer_Citizens Energy,3.4916491561391184e-09
cat__Substation_BUTTS RD 72,3.4747839134358226e-09
cat__Connection_Date_2020-07-14 00:00:00,3.426556837433368e-09
cat__Connection_Date_2023-08-28 00:00:00,3.3957138087953585e-09
cat__Developer_BQ Energy Inc.,3.3283865332678188e-09
cat__Substation_Chester,3.320818914815778e-09
cat__Substation_0205LS5202-1589 RTE 104,3.319861371358642e-09
cat__Division_Ithaca,3.242078510923268e-09
cat__Connection_Date_2020-12-31 00:00:00,3.204443086345721e-09
cat__Substation_9A,3.197238115841392e-09
cat__Developer_Forefront Power LLC,3.181478689744627e-09
cat__Connection_Date_2019-12-24 00:00:00,3.1738662748502493e-09
cat__City_UTICA,3.167639949839037e-09
cat__Division_Fillmore,3.162707057239985e-09
cat__Connection_Date_2020-12-23 00:00:00,3.158658406521586e-09
cat__Developer_FOREFRONT POWER LLC,3.158409221348354e-09
cat__City_Farmingville,3.119339005304708e-09
cat__Circuit_ID_1107433,3.1061571210411614e-09
cat__Connection_Date_2017-08-02 00:00:00,3.0856454928376236e-09
cat__Circuit_ID_3005,3.067442441083913e-09
cat__Connection_Date_2019-05-10 00:00:00,3.058702221737339e-09
cat__City_Buchanan,2.9818146150609835e-09
cat__Substation_Todd Hill,2.9225832464320092e-09
cat__Connection_Date_2022-11-30 00:00:00,2.8966798259043006e-09
cat__Connection_Date_2021-05-07 00:00:00,2.8480812539225553e-09
cat__Developer_Sybac Solar,2.836419342474253e-09
cat__Substation_Rhinebeck,2.8233940301384515e-09
cat__Circuit_ID_36_31_26453,2.808195342159476e-09
cat__City_Middletown,2.75867380372432e-09
cat__Division_CENY-W,2.704412747016901e-09
cat__Circuit_ID_0126RO5226,2.694169644272341e-09
cat__Connection_Date_2019-09-26 00:00:00,2.6531825745243212e-09
"cat__Developer_174 Power Global NorthEast, LLC",2.649953541399388e-09
cat__Connection_Date_2016-11-17 00:00:00,2.6233897582348894e-09
cat__Circuit_ID_36_11_24453,2.5930787040645607e-09
cat__Connection_Date_2019-09-19 00:00:00,2.5895625416381254e-09
cat__City_Rochester,2.585329256768956e-09
cat__Connection_Date_2022-08-16 00:00:00,2.5388037223581658e-09
cat__Substation_ROME 762,2.5042708787146567e-09
cat__Division_001 - Buffalo,2.4617790438582616e-09
cat__County_Madison,2.43239280526236e-09
cat__City_Walworth,2.4250769372065375e-09
cat__Division_008 - Dunkirk/Fredoni,2.4194202390864784e-09
cat__City_SLINGERLANDS,2.369545952789838e-09
cat__City_Plattsburgh,2.35050147190902e-09
cat__City_Riverhead,2.3462705581474993e-09
cat__City_Macedon,2.3386646041253674e-09
num__Storage_kWac,2.2882873147792883e-09
"cat__Developer_Atlus Power, LLC",2.2823472515064465e-09
cat__County_Putnam,2.2367963158168704e-09
cat__Connection_Date_2017-10-30 00:00:00,2.2185126428464768e-09
cat__City_Warwick,2.2049950600945443e-09
cat__Substation_NYS-LIMESTONE 470,2.1524636520313225e-09
cat__Connection_Date_2023-06-30 00:00:00,2.1429867226184776e-09
cat__Connection_Date_2016-01-28 00:00:00,2.0966168294606876e-09
"cat__Developer_Carrie Cosentino (Solar Liberty Energy Systems, In",2.0930187998842033e-09
cat__Circuit_ID_9W69,2.0422607002630593e-09
cat__Developer_Distributed Solar Development,2.023362319418182e-09
cat__Circuit_ID_5206530,2.015573127199455e-09
cat__Substation_VOORHEESVILLE 178,2.0144470109923317e-09
cat__Substation_8ED,2.0105806502166747e-09
cat__City_Nichols,1.999031623925319e-09
cat__Connection_Date_2017-12-29 00:00:00,1.994349757678197e-09
cat__Circuit_ID_Rotterdam to General Electric 14,1.987892638232844e-09
cat__Substation_0070RO5236-1694 Manitou RD,1.9848284266505876e-09
cat__Developer_General Electric,1.948362124542446e-09
cat__Substation_Fresh_Kills,1.942018354197037e-09
cat__Circuit_ID_1501370,1.911093002146126e-09
cat__Circuit_ID_36_30_17852,1.888257150202864e-09
cat__Circuit_ID_8RR927,1.8748441016952307e-09
cat__Substation_HARBORFRONT 212,1.8708335967326438e-09
cat__Substation_NYS-KATTLEVILLE 422,1.859398906505579e-09
cat__City_Patterson,1.8591066128443085e-09
cat__City_Brooklyn,1.845082090512476e-09
cat__Substation_0126RO5226-2097 Ridgeway RD,1.809435520621959e-09
cat__Circuit_ID_8W18,1.8051426105513691e-09
cat__County_Erie,1.7914887579026412e-09
cat__Substation_Pleasantville,1.7910673640376927e-09
cat__Developer_Safari Energy,1.78306062920816e-09
cat__Circuit_ID_7012,1.7391814762322578e-09
cat__Substation_PALOMA 254,1.7116519933075623e-09
cat__City_Purchase,1.6933587732733478e-09
cat__City_West Harrison,1.6873456202728572e-09
cat__City_Montgomery,1.6751539366271228e-09
cat__Circuit_ID_9A764,1.6693738096424417e-09
cat__Substation_Shoemaker,1.6248757183395247e-09
cat__Developer_Wendy DeWolf (East Light Partners),1.6158852190470061e-09
cat__Circuit_ID_5303794,1.6090534222607372e-09
cat__Division_Lancaster,1.5542771314367556e-09
cat__Division_013 - Watertown,1.552430360006491e-09
"cat__Developer_GSPP Sentinel Heights Road, LLC",1.534885056717962e-09
cat__Circuit_ID_8G974,1.5314198100585336e-09
cat__Developer_GenPro Energy Solutions,1.5301819023044588e-09
cat__City_HUDSON,1.5200650404448692e-09
cat__Circuit_ID_7054,1.517213354558226e-09
cat__Connection_Date_2020-12-29 00:00:00,1.5164159650715438e-09
cat__Circuit_ID_33R04,1.515640709393212e-09
cat__County_Livingston,1.5143257912443906e-09
cat__Substation_NYS-HAVILAND HOLLOW 426,1.5004602624016576e-09
cat__Division_028 - Ogdensburg,1.4986481872994877e-09
"cat__Developer_Robert Jendrysek (Solar Liberty Energy Systems, In",1.4969849523803345e-09
cat__Circuit_ID_23-1-13,1.4488856580101883e-09
cat__Developer_Michael McNeley (Kearsarge Solar LLC),1.4438148160158606e-09
cat__City_Middlesex,1.4277970245499313e-09
"cat__Developer_Distributed Solar Projects, LLC",1.4269810050062262e-09
cat__City_Callicoon,1.4075655968941099e-09
cat__Developer_Solar Liberty Energy Systems LLC,1.4064277425572975e-09
cat__Circuit_ID_6055,1.4049851588041852e-09
cat__Connection_Date_2017-01-25 00:00:00,1.4041039292112908e-09
cat__City_West Nyack,1.3850046594551437e-09
cat__County_Greene,1.3846416497341518e-09
cat__City_Constable,1.3813922799580369e-09
cat__City_AMSTERDAM,1.3757966970837366e-09
cat__City_FREDONIA,1.3549879539236728e-09
cat__Connection_Date_2022-04-29 00:00:00,1.3461522303427747e-09
cat__Substation_VAIL MILLS 392,1.3216816795234194e-09
cat__Substation_NYS-SOUTH LANSING TAP 522,1.3215438175370493e-09
cat__City_Red Hook,1.3142122488455835e-09
cat__Connection_Date_2018-12-13 00:00:00,1.3115002519527165e-09
cat__Developer_AES Distributed Energy,1.3108603483766242e-09
cat__Substation_SELKIRK 149,1.3032298824519126e-09
cat__Circuit_ID_36_01_21257,1.3002751655652136e-09
cat__County_Tompkins,1.2894555080835237e-09
cat__Connection_Date_2021-01-28 00:00:00,1.2864570336567324e-09
cat__Substation_NYS-CHATEAUGAY 513,1.27416870187305e-09
cat__Connection_Date_2014-09-29 00:00:00,1.2695544980883647e-09
cat__Connection_Date_2017-09-27 00:00:00,1.2499154234909514e-09
cat__Circuit_ID_36_33_45451,1.2393329253256763e-09
cat__Connection_Date_2022-10-28 00:00:00,1.2368545645241218e-09
cat__Developer_Tesla,1.234033765906545e-09
cat__Developer_RER Energy Group,1.2314945018428904e-09
cat__County_Albany,1.2298508048563762e-09
cat__Circuit_ID_109-4-34,1.2203568575739392e-09
cat__Substation_Glendale,1.2169750099738046e-09
cat__Connection_Date_2015-12-21 00:00:00,1.2040056515677127e-09
cat__Connection_Date_2015-07-16 00:00:00,1.199083623894091e-09
"cat__Developer_altPOWER, Inc.",1.1688856094536358e-09
cat__City_Pleasantville,1.1521182770275157e-09
cat__Developer_Agilitas,1.1363196348341033e-09
cat__Connection_Date_2019-03-30 00:00:00,1.1267760052511089e-09
cat__Connection_Date_2018-12-17 00:00:00,1.1162346550078151e-09
cat__Connection_Date_2015-12-24 00:00:00,1.075180607035256e-09
cat__County_Fulton,1.048579157321528e-09
cat__City_Hicksville,1.0478115830055789e-09
cat__County_Yates,1.0292065491989194e-09
cat__Circuit_ID_DAVID-MCINTYRE #21,1.0222484986034375e-09
cat__City_MALONE,1.022045369976265e-09
cat__Developer_Samantha Lennon (Green Street Power Partners),1.0202675707258075e-09
cat__Substation_BUCKLEY CORNERS 454,1.0118466565203167e-09
cat__Developer_American Capital Energy,9.75558423428901e-10
cat__Circuit_ID_MA NWK,9.527124115667126e-10
cat__Connection_Date_2019-12-27 00:00:00,9.502511383271587e-10
cat__Connection_Date_2019-03-29 00:00:00,9.437336416076926e-10
cat__City_Beaver Dams,9.371639264417242e-10
cat__Developer_Phoenix Solar,9.366568786462357e-10
cat__Circuit_ID_21-11-13,8.866330997148607e-10
cat__City_Westhampton Beach,8.76373372041462e-10
"cat__Developer_Borrego Solar Systems, Inc",8.666470356655238e-10
cat__Connection_Date_2015-11-02 00:00:00,8.571157491259088e-10
cat__Circuit_ID_4303801,8.552552379647281e-10
cat__Developer_AKF Engineers LLP,8.516853322472127e-10
cat__Substation_High Falls,8.44689145495103e-10
cat__Connection_Date_2017-05-09 00:00:00,8.279690118775224e-10
"cat__Developer_DG New York CS, LLC affiliate of NextEra",8.14579867292961e-10
cat__Circuit_ID_36_18_76258,8.051581093629673e-10
cat__Division_033 - Hudson,8.033655009920535e-10
cat__Circuit_ID_9AU798,7.941647917259971e-10
cat__Connection_Date_2023-05-17 00:00:00,7.865870679382841e-10
cat__Developer_GreenSpark Solar,7.84989982956377e-10
cat__Developer_Distributed Sun,7.716304930005572e-10
cat__City_Geneva,7.708114142453153e-10
cat__Connection_Date_2021-05-05 00:00:00,7.590200548873276e-10
cat__Connection_Date_2020-10-29 00:00:00,7.558194811481868e-10
cat__County_Bronx,7.484031395683793e-10
cat__Circuit_ID_4201002,7.4771538828719e-10
cat__Connection_Date_2019-08-22 00:00:00,7.462715318006923e-10
cat__Connection_Date_2015-11-16 00:00:00,7.386868971852651e-10
cat__Substation_Washington heights,7.382405906830181e-10
cat__Connection_Date_2023-12-27 00:00:00,7.333661121290747e-10
cat__Developer_Siemens,7.251539001519122e-10
cat__Developer_Ameresco,7.219121432938686e-10
cat__City_ROME,7.162423227595193e-10
"cat__Developer_Delaware River Solar, LLC",7.102989509413198e-10
cat__Connection_Date_2023-07-21 00:00:00,7.09368061172007e-10
cat__Developer_BQ Energy,7.042234812030566e-10
cat__Connection_Date_2023-07-03 00:00:00,7.040708395876462e-10
cat__Substation_Stony Point,6.972654269989357e-10
cat__City_CALEDONIA,6.961795619785036e-10
cat__Connection_Date_2021-01-14 00:00:00,6.958560629444082e-10
cat__Substation_9AU,6.930920342585932e-10
cat__City_BRONX,6.749214111612417e-10
cat__Circuit_ID_36_39_34258,6.682994762486583e-10
cat__Connection_Date_2023-09-01 00:00:00,6.671484436359698e-10
cat__City_Smithtown,6.580964363127196e-10
cat__Developer_Will Jurith (Standard Solar),6.570676324133895e-10
cat__Circuit_ID_0124RO5127,6.45211092853479e-10
cat__Substation_NYS-MONTOUR FALLS 512,6.450517802690094e-10
cat__Circuit_ID_7041,6.441710873552255e-10
cat__Connection_Date_2021-06-17 00:00:00,6.404527587461459e-10
cat__Circuit_ID_2403885,6.350782515253238e-10
cat__Developer_Solar City (Solar City),6.323628792640554e-10
cat__City_Newfield,6.308103081701907e-10
cat__Developer_Centrica,6.246568613303833e-10
cat__Developer_OnForce Solar Inc,6.197114858456258e-10
cat__City_Wappingrs Fls,6.091461156180982e-10
cat__City_Torrey,6.080497282359441e-10
cat__Circuit_ID_33R02,6.076406259283521e-10
cat__Substation_Silver Lake,6.063511082760885e-10
cat__Substation_Corona_2,6.00659928175663e-10
cat__Developer_Greenskies Renewable Energy LLC,5.987843866670834e-10
cat__Circuit_ID_5R29,5.961007819916776e-10
cat__City_Hyde Pk,5.912821952123949e-10
cat__Substation_Spackenkill,5.899781135482355e-10
cat__Circuit_ID_6U622,5.838029042849815e-10
cat__Circuit_ID_13-9-13,5.827320718429699e-10
cat__Developer_Steel Sun LLC,5.813431738462467e-10
cat__Circuit_ID_36_08_6355,5.804626752889688e-10
cat__Connection_Date_2020-01-24 00:00:00,5.694387248125003e-10
cat__Connection_Date_2019-12-23 00:00:00,5.674673611937908e-10
cat__Circuit_ID_16W53,5.62572695682459e-10
cat__Division_006 - Albion/Medina,5.583710324876406e-10
cat__Circuit_ID_69U2,5.577707626669341e-10
cat__Substation_Hartley Road,5.555601448044862e-10
cat__City_Penfield,5.548125035477463e-10
cat__Connection_Date_2020-09-01 00:00:00,5.527714857292824e-10
cat__Circuit_ID_HOMER HILL-NILE #811,5.4683895343633e-10
cat__Connection_Date_2017-09-28 00:00:00,5.411668746371047e-10
cat__City_SCOTIA,5.362671140958391e-10
cat__Substation_NYS-DRYDEN TAP 524,5.321623098581543e-10
cat__Connection_Date_2017-06-19 00:00:00,5.235461408114788e-10
cat__Developer_Nexamp Interconnections (Nexamp),5.192735029797677e-10
cat__Developer_Entersolar,5.160767730863134e-10
cat__Circuit_ID_59U1,5.12580982385719e-10
cat__City_ALBANY,5.099124649431404e-10
cat__Circuit_ID_8WF1H2,5.091838155073517e-10
cat__Circuit_ID_3071,5.082760193131886e-10
cat__Circuit_ID_36_32_13853,5.048678372859399e-10
cat__Connection_Date_2021-07-21 00:00:00,5.035541652262155e-10
cat__Connection_Date_2022-11-04 00:00:00,5.007416155492545e-10
cat__Developer_Sunation Solar Systems,4.983206081922258e-10
cat__Circuit_ID_7S8H1,4.938572544803342e-10
cat__Division_CENY-BK,4.907071584545434e-10
cat__Connection_Date_2018-01-11 00:00:00,4.88656922413639e-10
cat__City_Gainesville,4.791789678311627e-10
"cat__Developer_Tesla Energy Operations, Inc.",4.783621241248237e-10
cat__Substation_Bensonhurst_1,4.74164435877355e-10
cat__Connection_Date_2021-04-13 00:00:00,4.722704593390606e-10
cat__Connection_Date_2013-11-30 00:00:00,4.707593190285324e-10
cat__City_Flushing,4.699671862655655e-10
cat__City_LACKAWANNA,4.648748867401156e-10
"cat__Developer_CES Danbury Solar, LLC",4.6480670060079814e-10
cat__Substation_NYS-RUSHVILLE 202,4.5933820006311914e-10
cat__Connection_Date_2014-01-01 00:00:00,4.551408117915894e-10
cat__Developer_Xzerta Energy Group LLC,4.511679625682145e-10
cat__City_Mount Kisco,4.5045063789002386e-10
cat__Connection_Date_2012-04-11 00:00:00,4.5016773417130425e-10
cat__Circuit_ID_33R06,4.499041216714781e-10
cat__Circuit_ID_113-8-13,4.460438929830226e-10
cat__Circuit_ID_9E937,4.454206386261063e-10
cat__City_Bethpage,4.444922176968793e-10
cat__Connection_Date_2017-12-07 00:00:00,4.4060384431134916e-10
cat__City_CLIFTON PARK,4.403116465549903e-10
cat__City_Kingston,4.395414927394325e-10
cat__Connection_Date_2017-07-21 00:00:00,4.34927691201598e-10
cat__Connection_Date_2016-07-12 00:00:00,4.288688386297312e-10
cat__Connection_Date_2023-06-20 00:00:00,4.2612408277434077e-10
cat__City_Williamson,4.251345447784104e-10
cat__Circuit_ID_4055,4.192204938391254e-10
"cat__Developer_New York Light Energy, LLC",4.1825069090170266e-10
cat__Substation_Honk Falls,4.1571503437890895e-10
cat__Connection_Date_2020-01-17 00:00:00,4.134060067676291e-10
cat__Circuit_ID_11W21,4.1206648652517713e-10
cat__Circuit_ID_SUNY Cortland to Cortland 2,4.087889731444082e-10
cat__Substation_0179GV1221-RTE 19 N,4.0618195259994436e-10
cat__Connection_Date_2019-12-17 00:00:00,4.044439135202647e-10
cat__City_STEAMBURG,4.0134522388630273e-10
cat__Developer_Suncommon,3.9573328023561544e-10
cat__City_Tusten,3.952319012679858e-10
cat__Substation_8G,3.940255893803823e-10
cat__Developer_LightHouse Solar,3.905322301724e-10
cat__Connection_Date_2014-06-24 00:00:00,3.7750442912415995e-10
cat__City_Goshen,3.7305773398011716e-10
cat__Circuit_ID_2402182,3.69505329605307e-10
cat__Connection_Date_2016-10-03 00:00:00,3.6826192277813375e-10
cat__Connection_Date_2022-11-01 00:00:00,3.66713089689471e-10
cat__Circuit_ID_BSB NWK,3.6149469166395705e-10
cat__Connection_Date_2018-09-06 00:00:00,3.613749336386899e-10
cat__City_Monroe,3.5853212539156834e-10
"cat__Developer_Scott Kerner (Green Street Power Partners, LLC)",3.559637358781185e-10
cat__Circuit_ID_54-4-13,3.5525445946313177e-10
cat__Developer_SUNation Solar Systems,3.544045655459485e-10
cat__City_Ronkonkoma,3.502272713318709e-10
cat__Circuit_ID_SPENCERS CORNERS-MALONE #26,3.48522205897876e-10
cat__Developer_EmPower  Solar,3.450381820373272e-10
cat__County_Kings,3.438810614264824e-10
cat__Substation_7ZM,3.433498081132915e-10
cat__Substation_ROTTERDAM 138,3.4303902883111496e-10
cat__Substation_6K,3.4255200065122657e-10
cat__Connection_Date_2013-04-17 00:00:00,3.4026784335262516e-10
cat__Division_007 - Angola,3.393167798299662e-10
cat__Substation_NYS-CANADA RD 562,3.35232899597931e-10
"cat__Developer_Theresa Baker (Distributed Solar Development, LLC)",3.323398614920597e-10
cat__City_Selden,3.313278846467353e-10
cat__Substation_PROSPECT HILL 413,3.307886435200816e-10
cat__Circuit_ID_8W94,3.299611070099771e-10
cat__Division_027 - Malone,3.281369482526998e-10
cat__Connection_Date_2014-02-15 00:00:00,3.276780669497805e-10
cat__Connection_Date_2015-04-11 00:00:00,3.271102104697073e-10
cat__Connection_Date_2020-04-08 00:00:00,3.243594905173278e-10
cat__Substation_Staatsburg,3.241471149913126e-10
cat__Circuit_ID_6046,3.237304853735451e-10
cat__Circuit_ID_GOLAH-N LAKEVILLE #217,3.1757147787523444e-10
cat__Developer_Ameresco Inc.,3.138721911804396e-10
cat__Circuit_ID_8E828,3.1212140729102835e-10
cat__Circuit_ID_0113RO5228,3.118612677895047e-10
cat__Substation_NYS-CHEMUNG 318,3.114720547464124e-10
cat__Circuit_ID_36_06_7252,3.109921426361438e-10
cat__Developer_Big Shine Energy,3.106021064506877e-10
cat__County_Cortland,3.091856133325349e-10
cat__Substation_NILES 294,3.0908180928985627e-10
cat__Division_039 - Saratoga,3.0900311799642593e-10
cat__City_Bay Shore,3.080387671938839e-10
cat__City_Ontario,3.061807170623263e-10
cat__Connection_Date_2020-04-23 00:00:00,3.059542467765859e-10
cat__City_GLOVERSVILLE,3.048663027081586e-10
cat__Connection_Date_2021-07-20 00:00:00,3.047195743329886e-10
cat__City_OGDENSBURG,3.0330023773789875e-10
cat__Substation_Grasslands,3.0289970567183267e-10
cat__Circuit_ID_MARYKL2,2.9986599299629643e-10
cat__Developer_SolarCity,2.990879804754165e-10
cat__Developer_Sam Youneszadeh (Dimension NY 1 LLC),2.9804295371729683e-10
cat__Substation_E. GOLAH 51,2.979023120827727e-10
cat__Connection_Date_2021-12-10 00:00:00,2.9781038154780265e-10
cat__County_Ontario,2.939240679161698e-10
cat__Substation_Millwood_West,2.937633239042761e-10
cat__Substation_5R,2.9059133457025597e-10
cat__Substation_8A,2.893868542146859e-10
cat__City_Farmingdale,2.890668317429853e-10
cat__Connection_Date_2015-11-23 00:00:00,2.8716447216713817e-10
cat__Connection_Date_2016-03-08 00:00:00,2.8553646619785953e-10
cat__Circuit_ID_1107239,2.855241361720055e-10
cat__Substation_West Nyack,2.85127784055071e-10
cat__Developer_Green Street Solar Power,2.848797258529019e-10
cat__Substation_Maybrook,2.8372496658711043e-10
cat__Developer_Pfister Energy Inc.,2.810646922849964e-10
cat__Division_003 - Niagara Falls,2.809669018468813e-10
cat__Connection_Date_2021-12-23 00:00:00,2.791709855608719e-10
cat__Circuit_ID_36_07_9353,2.761318031840625e-10
cat__City_BROOKLYN,2.7276428527212956e-10
cat__Circuit_ID_BRH NWK,2.7144709232079096e-10
cat__Circuit_ID_0125CF5134,2.713018590698831e-10
cat__Connection_Date_2022-05-02 00:00:00,2.711799420310965e-10
cat__Connection_Date_2021-07-08 00:00:00,2.6914610562564614e-10
cat__City_FULTON,2.67107522638075e-10
cat__Developer_Green Logic Energy,2.6582892880377027e-10
cat__Substation_SUBT 28,2.641298346663212e-10
cat__City_Centereach,2.635598628184401e-10
cat__Developer_Sunrise Power Solutions,2.582382895938075e-10
cat__City_Bellmore,2.574149388932284e-10
cat__City_Deer Park,2.56443984753652e-10
cat__Connection_Date_2018-12-21 00:00:00,2.5118855946134157e-10
cat__Substation_NYS-GREENIDGE 596,2.498545613115996e-10
cat__City_SELKIRK,2.483272640633268e-10
cat__City_Valhalla,2.4826404014194273e-10
cat__Division_Brewster,2.4754394937046776e-10
cat__Developer_AES,2.468558916901862e-10
cat__Substation_WOODROW,2.4675605210363384e-10
cat__Connection_Date_2019-09-06 00:00:00,2.4670535074406714e-10
cat__City_Orangeburg,2.3806635271851183e-10
cat__Substation_BATTENKILL 342,2.379286357675403e-10
cat__Circuit_ID_4301403,2.372260015934287e-10
cat__City_East Yaphank,2.363453581300512e-10
cat__Connection_Date_2019-01-16 00:00:00,2.330897167941485e-10
cat__Circuit_ID_5202012,2.330676767850363e-10
cat__Developer_Dynamic Energy,2.3026258985063966e-10
cat__City_Plainview,2.2759839783952467e-10
cat__Circuit_ID_7W44,2.257782790655963e-10
cat__Substation_0230RO5162-1102 Atlantic AVE,2.2392287912734446e-10
cat__County_Washington,2.2367591640219914e-10
cat__Substation_Lincoln Park,2.1979596630491172e-10
cat__Substation_CLINTON 366,2.187751598394039e-10
cat__Connection_Date_2022-10-01 00:00:00,2.1685585055331467e-10
cat__Circuit_ID_8WF1H5,2.145619378069051e-10
cat__City_Ridgewood,2.1263455208414736e-10
cat__Circuit_ID_36_30_34452,2.111246980488835e-10
cat__Circuit_ID_6H2H7,2.1031431119964336e-10
cat__Substation_NYS-WEST GENEVA 602,2.052114075771307e-10
cat__City_Syosset,2.03869182430375e-10
cat__Circuit_ID_7UM655,2.033593161582607e-10
cat__City_CORTLAND,2.030069670559121e-10
cat__Connection_Date_2023-10-05 00:00:00,2.0269690362886084e-10
cat__Connection_Date_2016-03-25 00:00:00,2.0156803816702265e-10
cat__Developer_G&S Operations LLC,2.0120059826933289e-10
cat__City_Brentwood,2.0087993259057754e-10
cat__Circuit_ID_1R38,1.9881612923983052e-10
cat__City_ADAMS,1.9726113972063434e-10
cat__City_Laurens,1.9167067510322429e-10
cat__Substation_NYS-LUXTON LAKE 182,1.8753563442572968e-10
cat__City_Ogden,1.8722354433537744e-10
cat__Developer_Sunrise SOlar Solutions LLC,1.862868483400147e-10
cat__City_ALBION,1.8548414227954986e-10
cat__Connection_Date_2021-04-07 00:00:00,1.8389138093706855e-10
cat__Substation_Washington_St,1.8264160203606092e-10
cat__City_Maspeth,1.8247661812829708e-10
cat__Developer_Sunrise Electric,1.7701051178920192e-10
"cat__Developer_Solar Generation Projects, LLC",1.7664542778552502e-10
cat__Circuit_ID_4303601,1.7215021157742733e-10
cat__Substation_N. BOMBAY 866,1.7172579461648802e-10
cat__Circuit_ID_8A713,1.6962562900774227e-10
cat__Connection_Date_2023-10-30 00:00:00,1.6923632546107556e-10
cat__Developer_Solar Liberty Energy Services,1.689391944834935e-10
cat__Circuit_ID_6L967,1.6875407587082338e-10
cat__Division_022 - Carthage,1.671582377721738e-10
cat__Substation_Mohansic,1.6448227862907542e-10
cat__Circuit_ID_36_32_36051,1.639003080589036e-10
cat__Substation_INGHAMS 20,1.6377764945066352e-10
cat__Circuit_ID_2403659,1.6372175752696415e-10
cat__Substation_Orangeburg,1.6178276482863578e-10
cat__Circuit_ID_7DM793,1.6177957576142774e-10
cat__Circuit_ID_0230RO5162,1.6155076736444054e-10
cat__Circuit_ID_8E824,1.612220275031411e-10
cat__Developer_Sean McCleneghen (Active Solar Development),1.6060383000736826e-10
cat__Division_029 - Gouvernur,1.584442693933221e-10
cat__Circuit_ID_36_35_33554,1.5638169038635436e-10
cat__Connection_Date_2016-02-09 00:00:00,1.5628500790052835e-10
cat__Circuit_ID_36_38_45352,1.5462595492818362e-10
cat__Developer_Dynamic Energy USA,1.5256895153678264e-10
cat__Circuit_ID_36_32_34558,1.51816810153319e-10
cat__City_GLENMONT,1.5069397881047452e-10
cat__Circuit_ID_7EM821,1.5061200296318181e-10
cat__Connection_Date_2016-03-09 00:00:00,1.5020063022895604e-10
cat__City_Wawarsing,1.487185124958537e-10
cat__Circuit_ID_33R35,1.4781725259078374e-10
cat__Connection_Date_2022-11-28 00:00:00,1.4684414235818237e-10
cat__City_Hannacroix,1.466054904692358e-10
cat__Connection_Date_2016-11-01 00:00:00,1.4560245817170582e-10
cat__Developer_NEXTera Energy Resources,1.4511070648489295e-10
cat__Circuit_ID_8JR959,1.435180826559267e-10
cat__Substation_Westtown,1.4266172978482758e-10
cat__Connection_Date_2022-04-08 00:00:00,1.424883903409203e-10
cat__City_Woodbury,1.4195448034989674e-10
cat__Circuit_ID_17W43,1.404879711956043e-10
cat__Circuit_ID_36_29_98353,1.3854222307223892e-10
cat__Circuit_ID_2092,1.3836048949980819e-10
cat__Developer_Sustainable Energy Developments,1.3681020565038844e-10
cat__Division_Mechanicville,1.3566966219536148e-10
cat__Developer_Sunrise Energy Corp.,1.3345480671429267e-10
cat__Circuit_ID_8100102,1.313358704876493e-10
cat__Circuit_ID_2301358,1.3115479334174466e-10
cat__City_GREENWICH,1.3105728776457723e-10
cat__County_Orleans,1.3008925575637845e-10
cat__City_FORT PLAIN,1.2937829980061527e-10
cat__County_Montgomery,1.2821280996083682e-10
cat__Circuit_ID_7T9N2,1.2805083454083735e-10
cat__Developer_SOLARCITY CORP. (Solar City),1.2716068083963264e-10
"cat__Developer_Solar Liberty Energy Systems, Inc.",1.2361922425475444e-10
cat__Circuit_ID_36_12_33452,1.2303541057639364e-10
cat__Connection_Date_2019-12-19 00:00:00,1.2302811143819902e-10
cat__Connection_Date_2014-07-29 00:00:00,1.224717326769366e-10
cat__Connection_Date_2018-09-28 00:00:00,1.205974820337398e-10
cat__City_Medford,1.1922985178477867e-10
cat__City_Central Islip,1.191241897440857e-10
cat__Substation_NYS-TILLY FOSTER 439,1.1882390520802735e-10
cat__Developer_EnterSolar Engineering (EnterSolar),1.1699648572823564e-10
cat__County_Allegany,1.1682811463477846e-10
cat__City_Islip Terrace,1.1668040501999717e-10
cat__Connection_Date_2014-10-13 00:00:00,1.1636377553386069e-10
cat__Division_012 - Cortland,1.1499067612144792e-10
cat__Connection_Date_2023-11-30 00:00:00,1.1484988070886326e-10
cat__Substation_Brownsville_2,1.139071437103326e-10
cat__Division_035 - Gloversville,1.1386839520716698e-10
cat__City_CENTRAL SQUARE,1.1315251887416393e-10
cat__Developer_Austin Jarvis (Green Visions Solar LLC),1.1164988115639045e-10
cat__City_New Hampton,1.1147917282038908e-10
cat__City_Carmel,1.1118906253877071e-10
cat__City_Nesconset,1.1058872498532913e-10
cat__Substation_Deerpark,1.1016949657638594e-10
cat__Connection_Date_2015-04-10 00:00:00,1.0826163077400012e-10
cat__Connection_Date_2023-12-06 00:00:00,1.0658115085011175e-10
cat__Circuit_ID_1102,1.060758646877141e-10
cat__City_Houghton,1.0428142254798792e-10
cat__Developer_NYS Parks,1.0308480315931537e-10
cat__Developer_Nexamp Inc.,1.017394008018351e-10
cat__Connection_Date_2020-01-02 00:00:00,1.0141434955102112e-10
cat__City_SAINT JOHNSVILLE,1.013433074450166e-10
cat__City_West Babylon,1.0097743761811473e-10
cat__Circuit_ID_8373GV7705,1.0057439001374486e-10
cat__Connection_Date_2019-07-05 00:00:00,9.974615516307768e-11
cat__Division_031 - Troy,9.927388611795334e-11
cat__Circuit_ID_15-3-13,9.83390958915773e-11
cat__Circuit_ID_36_35_36653,9.679757712391002e-11
"cat__Developer_Map Energy Solutions, LLC",9.677680956423709e-11
cat__Division_005 - Avon,9.336627606512077e-11
cat__City_Victor,9.332970463654792e-11
cat__Substation_8M,9.261957911768897e-11
cat__Substation_NYS-CALLICOON 285,9.209623959787771e-11
cat__Substation_Ossining_West,9.200011463995551e-11
cat__Substation_SWEET HOME 224,9.1204801287543e-11
cat__Substation_N. GOVERNEUR 983,9.072451051618276e-11
cat__Circuit_ID_2307011,8.987276941338606e-11
cat__Circuit_ID_6K448,8.782820880728255e-11
cat__City_Minisink,8.76746244568716e-11
cat__Circuit_ID_6L4H5,8.704767363306741e-11
cat__Circuit_ID_5R394,8.641749827960375e-11
cat__Circuit_ID_19W23,8.596599256723497e-11
cat__Substation_8GX,8.483928612628808e-11
cat__Circuit_ID_6U603,8.449427149608283e-11
cat__Developer_YSG Solar LLC,8.304780412193008e-11
cat__Circuit_ID_PP NWK,8.197191095948701e-11
cat__Circuit_ID_13W90,8.151651322152983e-11
cat__Developer_O'Connell Electric,8.145348258497947e-11
cat__County_Oswego,8.138683198282203e-11
cat__Division_CENY-M,8.083343564939443e-11
cat__Connection_Date_2016-01-15 00:00:00,7.94448779099273e-11
cat__Substation_6J,7.940043572380548e-11
cat__Developer_Neil Libidinsky (Solar City),7.939286946880861e-11
cat__Substation_0070RO5237-1694 Manitou RD,7.930597500499403e-11
cat__City_WEST ISLIP,7.736796667949209e-11
cat__Connection_Date_2017-06-20 00:00:00,7.72689850171012e-11
cat__Connection_Date_2015-03-31 00:00:00,7.661241899562084e-11
cat__Substation_Union Ave,7.634811508836639e-11
cat__Connection_Date_2023-08-25 00:00:00,7.616711206427871e-11
"cat__Developer_Jason Kuflik (Green Street Power Partners, LLC)",7.58835934456425e-11
cat__Connection_Date_2023-08-01 00:00:00,7.473626470076452e-11
cat__Circuit_ID_36_35_04356,7.455112486740973e-11
cat__Developer_PureSky Energy,7.334274988769241e-11
cat__Substation_East Wallkill,7.317896534848864e-11
cat__City_Yorktown Heights,7.301852720485061e-11
"cat__City_Farmingville, NY",7.281712740260523e-11
cat__Connection_Date_2017-01-30 00:00:00,7.233784733735975e-11
cat__Circuit_ID_BFB NWK,7.162858148427512e-11
cat__Circuit_ID_8DR426,7.150515025039473e-11
cat__Substation_2M,7.113663916506608e-11
cat__Circuit_ID_6J1P1,6.975831194201487e-11
cat__Circuit_ID_5R15,6.964900805297695e-11
cat__Circuit_ID_8WF1H7,6.927218618527426e-11
"cat__Developer_Strata Solar, LLC",6.877449228408127e-11
cat__City_ANGOLA,6.77720748178452e-11
cat__Circuit_ID_6HL814,6.773374455965598e-11
cat__Connection_Date_2015-05-12 00:00:00,6.719106307889516e-11
cat__City_Huntington,6.71306670582603e-11
cat__Connection_Date_2017-08-25 00:00:00,6.661755369843812e-11
cat__City_Nanuet,6.64964448309528e-11
cat__Circuit_ID_5B24,6.626833770796239e-11
cat__Substation_Sherman_Creek,6.498178655784823e-11
cat__Developer_Standard Solar Inc.,6.422713646737207e-11
cat__Circuit_ID_5300468,6.332271646795658e-11
cat__Substation_Nanuet,6.304671342737508e-11
cat__Developer_Jennifer hoeffner (Monolith Solar Assoc. LLC),6.287674966301527e-11
cat__Substation_7UM,6.273924242429047e-11
cat__City_DELMAR,6.20748158554912e-11
cat__Developer_Kamtech Solar Solutions,6.176895782410157e-11
cat__Connection_Date_2014-04-04 00:00:00,6.113486061885916e-11
cat__Developer_Dynamic Energy Solutions,6.022137239763645e-11
cat__Circuit_ID_8HX4P6,5.969335293376962e-11
cat__Substation_6L,5.888740405126643e-11
cat__Connection_Date_2017-05-08 00:00:00,5.876595898645018e-11
cat__Circuit_ID_BATTLE2,5.869311824011356e-11
cat__Developer_Josh Laber ((GMES) Green Mountain Electric Supply),5.860693979776232e-11
cat__Substation_0113RO5228-2670 Union ST,5.7889291481531533e-11
cat__Substation_DELAMETER RD SUBSTATION,5.779244497583019e-11
cat__Substation_Granite_Hill,5.7561152444120514e-11
cat__Circuit_ID_5208162,5.737874795357037e-11
cat__Circuit_ID_36_30_02156,5.714474602189366e-11
cat__Circuit_ID_36_39_01254,5.514615077605294e-11
cat__Connection_Date_2016-09-27 00:00:00,5.423057804020486e-11
cat__Developer_Solar City Corp,5.4197192662937606e-11
cat__Circuit_ID_4405001,5.419695150193424e-11
cat__Circuit_ID_5X267,5.3834211904045845e-11
cat__Substation_NYS-AXTELL RD 511,5.346259247292133e-11
cat__Developer_Sustainable Energy,5.287831050005511e-11
cat__Connection_Date_2015-12-31 00:00:00,5.193040740115853e-11
cat__Substation_WOLF RD 344,4.976297758363942e-11
cat__Circuit_ID_8RR902,4.9480053452372164e-11
cat__Connection_Date_2020-04-15 00:00:00,4.9460280218181556e-11
cat__Substation_5X,4.9265380030390904e-11
cat__Circuit_ID_36_30_27652,4.857156395532702e-11
cat__Substation_NYS-MORRIS ST 658,4.856619016365811e-11
cat__Connection_Date_2014-10-15 00:00:00,4.7796261870558e-11
cat__Circuit_ID_8DR427,4.777908022202565e-11
cat__Connection_Date_2014-12-16 00:00:00,4.76181276269408e-11
cat__Substation_NYS-HOLLAND 320,4.75255360940523e-11
cat__Connection_Date_2017-09-04 00:00:00,4.6990467128033673e-11
cat__Circuit_ID_2M485,4.6893269165750954e-11
cat__City_Bellport,4.622551374973566e-11
cat__Circuit_ID_8M5P8,4.597838504661207e-11
cat__Developer_ECNY Electric Inc.,4.583534066216083e-11
cat__Circuit_ID_BCH NWK,4.575744588248815e-11
cat__Developer_Green Skies,4.556213174462013e-11
cat__Developer_sunrise electric,4.555038487106521e-11
cat__Circuit_ID_4203550,4.49676042955766e-11
cat__Developer_Sunrise electric,4.4134490576471915e-11
cat__Substation_2H,4.4082030473366933e-11
cat__Circuit_ID_13W47,4.3982778815939164e-11
cat__Connection_Date_2023-12-28 00:00:00,4.301905544012414e-11
cat__Connection_Date_2022-07-06 00:00:00,4.2879909527652545e-11
cat__Circuit_ID_5E37E,4.261598639458026e-11
cat__Substation_Buchanan,4.179001038655122e-11
cat__Circuit_ID_53-7-13,4.175532805141673e-11
cat__Circuit_ID_36_14_25652,4.150814647400393e-11
cat__Connection_Date_2022-10-07 00:00:00,4.1231623718512883e-11
cat__Developer_Best Energy Power,4.0877977662030857e-11
cat__Connection_Date_2019-01-30 00:00:00,4.031323419947461e-11
cat__Developer_GRE Long Island T&T,4.015903868890945e-11
cat__Connection_Date_2023-07-26 00:00:00,3.993862449215572e-11
cat__Substation_Hibernia,3.9933979520621236e-11
cat__Connection_Date_2022-05-04 00:00:00,3.9479536405038376e-11
cat__Substation_NYS-SENECA ORDNANCE 650,3.946272825731087e-11
cat__Developer_Nexamp,3.9384853784062195e-11
cat__Connection_Date_2021-06-22 00:00:00,3.902348649140617e-11
cat__Substation_6HL,3.880276377939498e-11
cat__Circuit_ID_5L352,3.858833551610949e-11
cat__Connection_Date_2014-09-30 00:00:00,3.855913538505432e-11
cat__County_Seneca,3.842120251252846e-11
cat__County_Steuben,3.830192652665159e-11
cat__City_Sodus,3.767130549276656e-11
cat__Circuit_ID_8J891,3.727104669460158e-11
cat__Developer_SED dba GreenSpark Solar,3.7097094532097024e-11
cat__Connection_Date_2022-12-21 00:00:00,3.67287750484835e-11
cat__Developer_Ag-Grid Energy LLC,3.654684954026608e-11
cat__Connection_Date_2020-07-27 00:00:00,3.640887464659315e-11
cat__Substation_Bensonhurst_2,3.6371340075847703e-11
cat__Circuit_ID_6U875,3.612743184981777e-11
"cat__Developer_Kasselman Solar, LLC",3.5966102594012484e-11
cat__Circuit_ID_5B213,3.583322598711456e-11
cat__City_Romulus,3.5771410732069456e-11
cat__Connection_Date_2016-07-11 00:00:00,3.557156978988501e-11
cat__Substation_0071RO5129-852 Manitou RD,3.5201307111529257e-11
cat__Connection_Date_2014-07-11 00:00:00,3.512572752538499e-11
cat__Substation_NYS-WALDEN 359,3.4991304128300544e-11
cat__Circuit_ID_2017,3.457817565050557e-11
cat__Substation_Harrison,3.4463419868482024e-11
cat__Connection_Date_2017-05-26 00:00:00,3.41987326478101e-11
cat__Connection_Date_2016-01-07 00:00:00,3.407458953277334e-11
cat__Connection_Date_2023-02-23 00:00:00,3.380084463944794e-11
cat__Substation_6DL,3.330245065674999e-11
cat__Developer_IPPsolar,3.3196375623476866e-11
cat__Connection_Date_2022-05-26 00:00:00,3.30511428639503e-11
cat__Circuit_ID_63-9-34,3.279506938272564e-11
cat__City_Mohegan Lake,3.2632155146942236e-11
cat__County_New York,3.2446086540589954e-11
cat__Developer_Empower Solar,3.160415487310781e-11
cat__City_BUFFALO,3.140040833346636e-11
cat__Developer_Algonquin Power Co.,3.1246131543497074e-11
cat__City_Canandaigua,3.070477528677445e-11
cat__Circuit_ID_0210LS0208,3.059534312801911e-11
cat__City_POTSDAM,3.059017283163333e-11
cat__Developer_SunConnect Corporation,3.052534752941068e-11
cat__Circuit_ID_0142CF5148,3.041914198802692e-11
cat__City_E Yaphank,3.024871712948551e-11
cat__Circuit_ID_6HL811,3.017385178229989e-11
cat__Connection_Date_2021-09-28 00:00:00,3.002371124058312e-11
cat__Connection_Date_2014-04-24 00:00:00,2.986931347247442e-11
cat__Developer_Quad State Solar,2.981705397994232e-11
cat__Circuit_ID_6044,2.9779420315980894e-11
cat__City_Miller Place,2.8893654610963913e-11
cat__City_Bethel,2.8804708789820306e-11
cat__Connection_Date_2018-02-07 00:00:00,2.875374051324294e-11
cat__Substation_0125CF5134-7626 Pittsford Victor RD,2.8386182142011497e-11
cat__City_Southampton,2.8112209779758964e-11
cat__Substation_Plymouth_St,2.7475384091185033e-11
cat__Developer_SUNEAST DEVELOPMENT LLC,2.6853943433657056e-11
cat__Circuit_ID_1076,2.6811321268892664e-11
cat__Circuit_ID_2H576,2.6753626919399293e-11
cat__Substation_Wisner,2.639570440322561e-11
cat__Circuit_ID_7UM919,2.636606659492595e-11
cat__Circuit_ID_8W662,2.6202982466971273e-11
cat__Connection_Date_2014-12-31 00:00:00,2.617319754869825e-11
cat__Substation_Newtown,2.6112786208531635e-11
cat__Connection_Date_2013-12-11 00:00:00,2.6086457442105042e-11
cat__City_Jamaica,2.598073927630453e-11
cat__City_Hauppauge,2.5629789960219554e-11
cat__Connection_Date_2022-06-09 00:00:00,2.5260328453146727e-11
cat__Substation_Leonard_St_2,2.512908864547654e-11
cat__Substation_Elmsford_No.2,2.510388655737081e-11
cat__Circuit_ID_12W19,2.4355910149817367e-11
cat__Substation_NEW HAVEN 256,2.412684141203468e-11
cat__Developer_Abundant Solar Power Inc.,2.4086445272778204e-11
"cat__Developer_Green Hybrid Energy Solutions, Inc.",2.385048230934576e-11
cat__Connection_Date_2022-06-13 00:00:00,2.3680861280879683e-11
cat__Circuit_ID_36_03_22454,2.3550359250141135e-11
cat__Substation_Parkchester_2,2.3483534925290286e-11
cat__Circuit_ID_Huntley to Gardenville 79 - Amherst Station SUNY T,2.3290369266435435e-11
cat__City_Huntington Station,2.3109542711430065e-11
cat__Substation_NYS-BEER TAP 534,2.3049979002003843e-11
cat__Connection_Date_2016-01-06 00:00:00,2.2965393654892942e-11
cat__Circuit_ID_8W28,2.282418481347172e-11
cat__Connection_Date_2020-05-14 00:00:00,2.27149116145407e-11
cat__Circuit_ID_6S2L5,2.2580270027151214e-11
cat__Connection_Date_2018-06-14 00:00:00,2.2550167243629837e-11
cat__City_Mount Morris,2.239371121273672e-11
cat__Connection_Date_2011-09-08 00:00:00,2.2301443694018663e-11
cat__Connection_Date_2019-08-01 00:00:00,2.2212095291924143e-11
cat__Connection_Date_2019-10-15 00:00:00,2.1886916422581137e-11
cat__Developer_Monolith Solar Assoc. LLC,2.1605604155941532e-11
cat__Connection_Date_2015-07-06 00:00:00,2.1537436579698675e-11
cat__City_Seaford,2.1461550923285735e-11
cat__City_Commack,2.1391974310027412e-11
cat__City_Peconic,2.12414907021959e-11
cat__Circuit_ID_4091,2.078387239726319e-11
cat__Substation_0142CF5148-4580 County House RD,2.0632284643691898e-11
cat__Connection_Date_2019-08-20 00:00:00,2.0384130147387967e-11
cat__Substation_BETHLEHEM 21,2.0374900065427474e-11
cat__Substation_NYS-WHITING RD 526,2.027930726228854e-11
cat__Circuit_ID_4400401,1.985345989508634e-11
cat__Connection_Date_2019-07-12 00:00:00,1.9825677351631438e-11
cat__Developer_Paul Vargovich (National Solar Technologies),1.9825556235949584e-11
cat__Substation_0210LS0208-Green ST,1.9799391280174503e-11
cat__Circuit_ID_51-2-13,1.9731373046332173e-11
cat__Connection_Date_2014-07-23 00:00:00,1.9610241805632646e-11
cat__Connection_Date_2016-01-13 00:00:00,1.9589925527284364e-11
cat__Connection_Date_2022-03-31 00:00:00,1.9423998966703774e-11
cat__Circuit_ID_4305301,1.936472652016569e-11
cat__City_BALLSTON SPA,1.8801062520479507e-11
cat__Substation_Brownsville_1,1.8770791940942385e-11
cat__City_Holland,1.8623304558689942e-11
cat__Circuit_ID_B0064RO0730,1.8569419792057316e-11
cat__Developer_Jordana Jusidman (groSolar),1.8539801142140076e-11
cat__Connection_Date_2023-01-27 00:00:00,1.8432407458130122e-11
cat__Circuit_ID_9EU6H6,1.843233958332468e-11
cat__City_East Hampton,1.8292552057693097e-11
cat__Developer_Mercury Solar Systems,1.8283325257491635e-11
cat__Developer_Elie Schecter (C2 Energy Capital),1.815516528548763e-11
cat__City_Setauket,1.8074292220211597e-11
cat__Circuit_ID_Grasslands-Knollwood - 2,1.8022964378801708e-11
cat__City_New Hyde Park,1.7757528862415695e-11
cat__Circuit_ID_SN NWK,1.7668527474624075e-11
cat__City_Bronx,1.7630548906574553e-11
cat__Developer_Azimuth Energy,1.758333832923217e-11
cat__City_Harrison,1.7407801185405954e-11
cat__Substation_Hurley Ave,1.7249884842210367e-11
cat__City_LIDO BCH,1.711758007671693e-11
cat__Circuit_ID_8GX9H1,1.682333091836641e-11
cat__Circuit_ID_7F779,1.6678897380056744e-11
cat__Circuit_ID_36_01_20552,1.6426248664231474e-11
cat__Substation_CEDAR 453,1.6424487326919057e-11
cat__Connection_Date_2016-08-25 00:00:00,1.6381106769441042e-11
cat__Circuit_ID_9B915,1.6376786913138687e-11
cat__Connection_Date_2012-08-28 00:00:00,1.6362262439934502e-11
cat__Substation_8E,1.6121146648016566e-11
cat__Substation_NYS-KENT 526,1.5647535900810577e-11
cat__Developer_VANGUARD ENERGY PARTNERS LLC,1.5647216393411398e-11
cat__Circuit_ID_9HH938,1.5480569352926053e-11
cat__Substation_LORINGS 276,1.544819971638229e-11
cat__County_Cayuga,1.5370810301690176e-11
cat__Connection_Date_2016-12-09 00:00:00,1.5353140734854846e-11
cat__Circuit_ID_22-5-13,1.5336991067853067e-11
cat__Substation_8F,1.5330797676397366e-11
cat__Developer_Green Logic,1.5159603094309986e-11
cat__Circuit_ID_8W30,1.502598890981583e-11
cat__Connection_Date_2017-12-04 00:00:00,1.498788724140159e-11
cat__City_Smyrna,1.4792394798884212e-11
cat__Connection_Date_2018-08-21 00:00:00,1.4787113037500862e-11
cat__Connection_Date_2016-08-02 00:00:00,1.4517203515675635e-11
cat__Substation_8373GV7705-RTE 408,1.4516462328653537e-11
cat__Connection_Date_2021-08-02 00:00:00,1.4448731159411658e-11
cat__Circuit_ID_2AR1L5,1.4439766740719819e-11
cat__Connection_Date_2020-03-24 00:00:00,1.4382853500427643e-11
cat__Substation_BLUE STORES 303,1.4367217378736294e-11
cat__Developer_SUNation Solar Systems Inc.,1.4346552273141994e-11
cat__Connection_Date_2015-08-12 00:00:00,1.4319298339287666e-11
cat__County_Chenango,1.4131857810129336e-11
cat__Division_Hornell,1.4125977625717748e-11
cat__Division_014 - Fulton/Volney,1.3931053961630242e-11
cat__Connection_Date_2021-06-24 00:00:00,1.3878556664071913e-11
cat__Circuit_ID_2304725,1.37867133620682e-11
cat__Connection_Date_2013-11-29 00:00:00,1.3324546951356024e-11
cat__Substation_BUFFALO STATION 205 - LAKE FRONT BLVD,1.3317195996645898e-11
cat__City_Astoria,1.3223325716514801e-11
cat__Substation_NYS-INTERLAKEN 705,1.3203767056687458e-11
cat__Connection_Date_2017-04-27 00:00:00,1.3017671144565616e-11
cat__Circuit_ID_6H539,1.2961062117348169e-11
cat__City_Garden City Park,1.2934708768674557e-11
cat__Connection_Date_2015-04-30 00:00:00,1.2846836667456313e-11
cat__Connection_Date_2021-12-16 00:00:00,1.2828125242687107e-11
cat__Substation_7T,1.271675689485369e-11
cat__Circuit_ID_5SK347,1.2712473599616277e-11
cat__Developer_Pat McGowin,1.2611362522770063e-11
cat__Substation_9B,1.2443635139219702e-11
cat__Circuit_ID_2WB591,1.2403714873544272e-11
cat__City_ITHACA,1.23961554950966e-11
cat__City_Holtsville,1.2371886141902525e-11
cat__Circuit_ID_4UH332,1.2302391323615168e-11
cat__Connection_Date_2020-09-04 00:00:00,1.222526415864125e-11
cat__Connection_Date_2022-01-18 00:00:00,1.216267853366516e-11
cat__Circuit_ID_NB NWK,1.2005928813286575e-11
cat__Connection_Date_2021-05-28 00:00:00,1.1945510094313286e-11
cat__Circuit_ID_7WM773,1.1933887156312132e-11
cat__City_Coxsackie,1.1923391343434918e-11
cat__Connection_Date_2016-12-29 00:00:00,1.1913373625922824e-11
cat__Circuit_ID_6Q81,1.1907948544563815e-11
cat__Circuit_ID_3KG302,1.1905987671610744e-11
cat__Connection_Date_2012-04-26 00:00:00,1.1901016705339211e-11
cat__Connection_Date_2018-03-21 00:00:00,1.1736047699939764e-11
cat__Connection_Date_2015-12-30 00:00:00,1.1728908067697005e-11
cat__Circuit_ID_6DL844,1.1714080343230733e-11
cat__Connection_Date_2019-03-18 00:00:00,1.1531904273270538e-11
cat__Developer_Siemens Industry Inc.,1.1395296416546727e-11
cat__Substation_Greenwood,1.1239793464092237e-11
cat__City_NEW YORK,1.0990551251835185e-11
cat__Connection_Date_2016-06-07 00:00:00,1.093299567645154e-11
cat__Connection_Date_2018-06-01 00:00:00,1.089250733634305e-11
cat__Connection_Date_2016-06-21 00:00:00,1.0874703909740879e-11
cat__Circuit_ID_4306601,1.086362264690693e-11
cat__Substation_8W,1.0851685235173539e-11
cat__City_Port Washington,1.0849684947288357e-11
cat__Circuit_ID_7BH3K6,1.0758860369157579e-11
cat__Circuit_ID_303,1.0729858654721979e-11
cat__Circuit_ID_3102301,1.0661734633659585e-11
cat__Substation_NYS-HAVILAND HOLLOW 427,1.0606480158001719e-11
cat__City_Tarrytown,1.053258349382289e-11
cat__Developer_Customer,1.046455272253814e-11
cat__Circuit_ID_36_13_74865,1.0459746156148895e-11
cat__Circuit_ID_7M751,1.0391555340397624e-11
cat__City_Saint James,1.0325525466141018e-11
cat__Developer_ConEdison Solutions inc,1.0319817142282393e-11
cat__Developer_Ross Solar Group,1.0291390765644692e-11
cat__City_Far Rockaway,1.0151993693856445e-11
cat__Circuit_ID_8663,1.0110884346163646e-11
cat__Connection_Date_2015-11-20 00:00:00,1.0053389558036785e-11
cat__City_Oceanside,9.970982161821087e-12
cat__Circuit_ID_2H377,9.861768190672135e-12
cat__Connection_Date_2014-06-26 00:00:00,9.842159146730468e-12
cat__Circuit_ID_17W44,9.751548144139946e-12
cat__Circuit_ID_9B27,9.66125742432791e-12
cat__Connection_Date_2015-07-30 00:00:00,9.661109337330564e-12
cat__City_Campbell,9.65176037566261e-12
cat__Substation_3KG,9.606071460512354e-12
cat__Circuit_ID_8B952,9.543089242711501e-12
cat__Circuit_ID_RV NWK,9.542784186393775e-12
cat__Developer_Harvest Power Solar,9.535879760828358e-12
cat__Circuit_ID_36_39_36954,9.507774670892393e-12
cat__Connection_Date_2014-06-06 00:00:00,9.428482433542765e-12
cat__Connection_Date_2012-08-10 00:00:00,9.355030995133956e-12
cat__Connection_Date_2020-02-03 00:00:00,9.34615833172147e-12
cat__Connection_Date_2017-01-18 00:00:00,9.319816561373907e-12
cat__Connection_Date_2017-08-28 00:00:00,9.313352154345707e-12
cat__Connection_Date_2021-01-11 00:00:00,9.304863311051268e-12
cat__Connection_Date_2015-10-22 00:00:00,9.195104921232999e-12
cat__Substation_7WM,9.149944543912485e-12
cat__Connection_Date_2017-12-20 00:00:00,8.997524677519548e-12
cat__City_Branchport,8.911913007905555e-12
cat__Circuit_ID_8F708,8.838535560244868e-12
cat__Division_Fishkill,8.760149901388059e-12
cat__Substation_BALLSTON 12,8.750307783036568e-12
cat__Connection_Date_2018-03-22 00:00:00,8.713514761694322e-12
cat__Circuit_ID_1202310,8.621812766717622e-12
cat__Circuit_ID_8SM4N2,8.620489854495118e-12
cat__Connection_Date_2014-06-03 00:00:00,8.551533133918216e-12
cat__Connection_Date_2017-06-30 00:00:00,8.545547365374298e-12
cat__Connection_Date_2022-05-17 00:00:00,8.321189545013969e-12
cat__City_Montauk,8.275114449393838e-12
cat__Circuit_ID_36_17_33152,8.222703024850421e-12
cat__Connection_Date_2014-05-28 00:00:00,8.198125720510394e-12
cat__City_Elwood,8.132049793501363e-12
cat__Developer_High Peaks Solar/Sycaway Solar and Wind,8.130992563510011e-12
cat__Substation_6U,8.126404716711854e-12
cat__Substation_Corona_1,8.111412039991355e-12
cat__Connection_Date_2014-11-24 00:00:00,8.042362042294828e-12
cat__Developer_Sunshine Plus Solar,8.01994461925291e-12
cat__Connection_Date_2021-04-01 00:00:00,8.016879399242597e-12
cat__City_Fresh Meadows,7.956445962351969e-12
cat__Circuit_ID_FL NWK,7.932935258056225e-12
cat__Circuit_ID_36_05_5151,7.743100673931877e-12
cat__Connection_Date_2014-04-01 00:00:00,7.740943774779626e-12
cat__City_Poughkeepsie,7.725645862351132e-12
cat__Substation_Tallman,7.686523201332476e-12
cat__City_Sayville,7.679551893569061e-12
cat__City_ORISKANY,7.65472307258001e-12
cat__Connection_Date_2016-09-20 00:00:00,7.64743810684095e-12
cat__Circuit_ID_36_12_27651,7.609254695918623e-12
cat__Substation_NYS-ATLANTA 568,7.58094706047646e-12
cat__Circuit_ID_59U3,7.506228861155443e-12
cat__Circuit_ID_6S1L8,7.484319429336007e-12
cat__Circuit_ID_1107434,7.362564436746943e-12
cat__Connection_Date_2013-12-07 00:00:00,7.341102921119085e-12
cat__Connection_Date_2016-01-27 00:00:00,7.2659605274152775e-12
cat__Circuit_ID_1505001,7.248684758302504e-12
cat__Substation_North_Queens,7.245054545145275e-12
cat__Substation_8RR,7.223948939344195e-12
cat__Circuit_ID_7R616,7.17549568831366e-12
cat__Developer_CIR Electrical Construction Corp,7.1122609252568856e-12
cat__City_Briarcliff Manor,7.0868915922785126e-12
"cat__Developer_EmPower CES, LLC",7.082328767215485e-12
cat__Connection_Date_2018-06-03 00:00:00,7.018630338169818e-12
cat__Circuit_ID_36_11_26154,6.976690011174209e-12
cat__Connection_Date_2018-12-07 00:00:00,6.9566004679800024e-12
cat__Circuit_ID_91U3,6.923613973746841e-12
cat__Developer_Sunlight General Capital LLC,6.821322171548486e-12
cat__City_Suffern,6.788232850472479e-12
cat__City_College Point,6.769723844767404e-12
cat__Connection_Date_2014-10-09 00:00:00,6.761878140784246e-12
cat__Connection_Date_2015-05-20 00:00:00,6.756749825109499e-12
cat__Connection_Date_2021-01-22 00:00:00,6.71248377555729e-12
cat__Circuit_ID_IN NWK,6.709685776024638e-12
cat__Circuit_ID_WP NWK,6.670849975298912e-12
cat__Connection_Date_2018-07-09 00:00:00,6.641744793358852e-12
cat__Developer_SunBlue Energy,6.562160162767375e-12
cat__Connection_Date_2018-08-31 00:00:00,6.542773680103149e-12
cat__Connection_Date_2017-03-24 00:00:00,6.4868012527543015e-12
cat__Developer_CB&I,6.458005029278994e-12
cat__Connection_Date_2020-01-09 00:00:00,6.444106425461312e-12
cat__Circuit_ID_7DM787,6.443954159637373e-12
cat__Circuit_ID_4J399,6.363704263012395e-12
cat__City_Ardsley,6.352013648108974e-12
cat__Connection_Date_2016-05-20 00:00:00,6.334919447722539e-12
cat__Substation_8T,6.295824993262607e-12
cat__Connection_Date_2017-12-05 00:00:00,6.276410366529749e-12
cat__City_Interlaken,6.253431390822383e-12
cat__Circuit_ID_7EM7H1,6.240383694786115e-12
cat__Developer_Qwik Solar,6.13043076019459e-12
cat__Connection_Date_2014-12-30 00:00:00,6.1218899648196405e-12
cat__Circuit_ID_8EX963,6.11260267835975e-12
cat__Circuit_ID_19W06,6.107674725945683e-12
cat__City_Erin,6.074297016491412e-12
cat__City_SYRACUSE,6.0338697817694105e-12
cat__Metering Method_RFP,6.007993694226963e-12
cat__Circuit_ID_36_13_81755,5.991615372819852e-12
cat__Developer_Microgrid Energy,5.956693140948226e-12
cat__Circuit_ID_0202LS5194,5.951396313765882e-12
cat__Circuit_ID_19W28,5.921219175841722e-12
cat__Substation_B0064RO0730-325 TRABOLD RD,5.894411425607022e-12
cat__City_PT WASH,5.8925946867968e-12
cat__City_Lindenhurst,5.8653098933867905e-12
cat__Developer_Vanguard Energy,5.8446338200340605e-12
cat__Connection_Date_2019-02-21 00:00:00,5.812233511010834e-12
cat__Circuit_ID_36_32_36053,5.781245627355272e-12
cat__Substation_NYS-TOM MILLER RD 477,5.760214665383907e-12
cat__Division_026 - Clayton,5.740498566048002e-12
cat__City_New York,5.684068812903127e-12
cat__Substation_NYS-HALFMOON 410,5.655009603314572e-12
cat__City_Ossining,5.5824903602186805e-12
cat__Developer_Energy Systems and Installation,5.514569197080716e-12
cat__Connection_Date_2017-07-27 00:00:00,5.509350650882791e-12
cat__Circuit_ID_6Q673,5.502951412505277e-12
cat__Substation_3H,5.484795968742086e-12
cat__Connection_Date_2022-06-16 00:00:00,5.465028718230053e-12
cat__Substation_7DM,5.3668695823942635e-12
cat__Substation_NYS-HALSEY VALLEY 530,5.3537249485315714e-12
cat__Circuit_ID_0049RO0522,5.3454019614219075e-12
cat__City_Union Springs,5.307376983164804e-12
cat__Connection_Date_2016-12-19 00:00:00,5.279933112887268e-12
cat__City_SMITHTOWN,5.2770474936124525e-12
cat__Connection_Date_2022-11-17 00:00:00,5.264875116402463e-12
cat__Developer_Grid City Electric Corp.,5.1875129989906346e-12
cat__Connection_Date_2021-04-21 00:00:00,5.180376415132411e-12
cat__Circuit_ID_L16,5.177025580505274e-12
cat__City_Elmsford,5.15949452436388e-12
cat__Substation_FLORIDA 501,5.149959659728282e-12
cat__Circuit_ID_1871,5.060220342537317e-12
cat__City_AMHERST,5.0090760062951575e-12
cat__Connection_Date_2022-11-22 00:00:00,4.950964918922955e-12
cat__Circuit_ID_5203462,4.889019007677894e-12
cat__Developer_Johnson Controls,4.888382958475286e-12
cat__Substation_E_63_St_2,4.886892679828182e-12
cat__Connection_Date_2013-03-29 00:00:00,4.865546060371612e-12
cat__Circuit_ID_8D988,4.823024688559384e-12
cat__Circuit_ID_3AG277,4.8068845205335595e-12
cat__City_LYNDONVILLE,4.799691120497597e-12
cat__Connection_Date_2023-03-13 00:00:00,4.776783709182904e-12
"cat__Developer_Bright Power, Inc.",4.7706950089299735e-12
cat__Circuit_ID_4X3P2,4.74018817630975e-12
cat__Circuit_ID_6H2H6,4.685126966745538e-12
cat__Circuit_ID_10U2,4.681737434860721e-12
cat__Connection_Date_2014-01-04 00:00:00,4.669492317385801e-12
cat__Circuit_ID_36_35_50152,4.653617598751229e-12
cat__Circuit_ID_1202215,4.6534755612947445e-12
cat__Substation_NYS-SPRINGBROOK 495,4.64856465992814e-12
cat__Circuit_ID_7UM917,4.637701646091162e-12
cat__Circuit_ID_5K141,4.6147690640844326e-12
cat__Connection_Date_2016-12-12 00:00:00,4.610618672758987e-12
cat__Substation_NYS-BANKERT RD 600,4.595845518589002e-12
cat__Connection_Date_2013-11-04 00:00:00,4.575384533975266e-12
cat__City_Gdn City PK,4.5676022573379795e-12
cat__Connection_Date_2016-11-30 00:00:00,4.554889629720078e-12
cat__Substation_NYS-EARLVILLE 225,4.549278720926465e-12
cat__Circuit_ID_6W67,4.494047138129822e-12
cat__Connection_Date_2019-08-29 00:00:00,4.469041429636168e-12
cat__Circuit_ID_4051,4.419970440494952e-12
cat__Substation_5SK,4.3605227520926955e-12
cat__Connection_Date_2015-11-05 00:00:00,4.26420852906421e-12
cat__Circuit_ID_36_33_30351,4.235328161637411e-12
cat__Developer_Sunconnect USA,4.2042935230001124e-12
cat__Connection_Date_2023-04-19 00:00:00,4.1956621710537054e-12
cat__City_SYOSSET,4.193125172994393e-12
cat__Connection_Date_2019-06-17 00:00:00,4.140981184576969e-12
cat__Connection_Date_2022-02-11 00:00:00,4.114123602596316e-12
cat__Substation_Coxsackie,4.100947042624214e-12
cat__Connection_Date_2020-11-10 00:00:00,4.0964352139915245e-12
cat__Connection_Date_2022-02-14 00:00:00,4.089915274774954e-12
cat__Developer_DayStar Solar,4.072702889934014e-12
cat__Circuit_ID_7485,4.067733199334716e-12
cat__Substation_NYS-CONGER AVE 156,4.0499242861056686e-12
cat__City_Tioga,4.030712990725738e-12
cat__Connection_Date_2016-12-23 00:00:00,4.00206773145823e-12
cat__City_SARATOGA SPRINGS,3.996516029413449e-12
cat__Circuit_ID_3KG303,3.995130614861428e-12
cat__Developer_Carina Ayer (Taitem Engineering),3.989686706086783e-12
cat__Connection_Date_2015-03-20 00:00:00,3.9252091680876215e-12
cat__Connection_Date_2014-06-23 00:00:00,3.9207556456647305e-12
cat__Circuit_ID_3105001,3.918073085136984e-12
cat__City_Hartsdale,3.91542003631301e-12
cat__Substation_New Hempstead,3.8543918949948945e-12
cat__Connection_Date_2020-01-14 00:00:00,3.84908187246194e-12
cat__Circuit_ID_BG NWK,3.817216278962551e-12
cat__Developer_Energy By Choice,3.798506761125063e-12
cat__Developer_Self Installed,3.792763505194744e-12
cat__Connection_Date_2019-04-18 00:00:00,3.761975840187696e-12
cat__Developer_Sunrise Electrical Services_LLC,3.744290417368485e-12
cat__Connection_Date_2019-04-09 00:00:00,3.714011548477951e-12
cat__Substation_9EU,3.6793303022433744e-12
cat__Circuit_ID_12W80,3.625140371395821e-12
cat__Division_025 - Potsdam,3.619542155607255e-12
cat__Substation_BROOK RD 369,3.6127379659581217e-12
cat__Circuit_ID_36_03_20952,3.6086529627384413e-12
cat__Circuit_ID_7F2P1,3.5743380031186344e-12
cat__Connection_Date_2016-05-09 00:00:00,3.5737634582410113e-12
cat__Substation_UNION ST 376,3.534508270879109e-12
cat__Substation_0202LS5194-Tuckahoe RD,3.532056758814372e-12
cat__Circuit_ID_3H155,3.449358162626649e-12
cat__Substation_NYS-WEST PATTERSON 475,3.41798367169734e-12
cat__Circuit_ID_8G973,3.4101742948844447e-12
cat__Circuit_ID_8B80,3.371124022436233e-12
cat__Connection_Date_2015-02-23 00:00:00,3.3630488456693654e-12
cat__Circuit_ID_7D689,3.3541715138553153e-12
cat__Connection_Date_2015-12-04 00:00:00,3.3125775614483544e-12
cat__City_Yaphank,3.3071873789771004e-12
cat__Circuit_ID_3KG304,3.2984833292823053e-12
cat__Developer_TM MONTANTE SOLAR DEVELOPMENT LLC,3.246259837614993e-12
cat__Circuit_ID_CB NWK,3.2091728369903846e-12
cat__Connection_Date_2021-03-01 00:00:00,3.1916734162566725e-12
cat__Substation_Water_St,3.163833231695323e-12
cat__Circuit_ID_36_11_2870,3.1495367335227388e-12
cat__Developer_Bright Power,3.1442910219169047e-12
cat__Substation_FAYETTE ST 28,3.1172102090603257e-12
cat__Circuit_ID_6S1L6,3.1020623790028376e-12
cat__City_New Rochelle,3.062946999037789e-12
cat__Developer_Amberjack Solar Energy,3.0382082808261526e-12
cat__Circuit_ID_8W3P9,3.0060334323038754e-12
cat__Connection_Date_2021-02-03 00:00:00,2.996591902320989e-12
cat__Connection_Date_2017-08-18 00:00:00,2.9919135300528307e-12
cat__City_ELIZAVILLE,2.975304971126467e-12
cat__Connection_Date_2015-10-27 00:00:00,2.9624995735797556e-12
cat__City_Cohocton,2.957842696545392e-12
cat__Circuit_ID_7F784,2.9427274614930713e-12
cat__City_East Setauket,2.9000596256592232e-12
cat__City_Dix Hills,2.886191126023246e-12
cat__City_SAG HARBOR,2.877148190624997e-12
cat__City_PEEKSKILL,2.876385539253018e-12
cat__Connection_Date_2021-07-16 00:00:00,2.868344252101949e-12
cat__Connection_Date_2022-08-26 00:00:00,2.8550141644688186e-12
cat__Connection_Date_2022-04-22 00:00:00,2.8546920643258524e-12
cat__Circuit_ID_5R393,2.826885214129794e-12
cat__Connection_Date_2023-02-17 00:00:00,2.8266533569954723e-12
cat__Developer_Solar Dad & Sons_ Inc.,2.8197092617060713e-12
cat__Circuit_ID_7DM569,2.7811652256443737e-12
cat__Connection_Date_2018-12-14 00:00:00,2.780127099388474e-12
cat__City_Eastport,2.778359243136758e-12
cat__Connection_Date_2016-10-24 00:00:00,2.772274484965178e-12
cat__Substation_Parkview,2.7588280338635132e-12
cat__Connection_Date_2020-11-30 00:00:00,2.7175273286621706e-12
cat__Circuit_ID_7B698,2.716760291253524e-12
cat__Connection_Date_2017-04-11 00:00:00,2.6935911505989453e-12
cat__Developer_R & B Quality Electric,2.6875508380228426e-12
cat__City_PINE BUSH,2.6785854934475437e-12
cat__Substation_STARR RD 334,2.6770918402771245e-12
cat__Developer_1st Light Energy,2.675746077247777e-12
cat__Developer_SoCore Energy,2.6700602980157446e-12
cat__Developer_sunrise power,2.657045113608244e-12
cat__City_Elma,2.6549249854964953e-12
cat__Circuit_ID_36_13_73351,2.647836102453659e-12
cat__City_South Setauket,2.636645136539629e-12
cat__Developer_Fusion Energy Services,2.629905626043286e-12
cat__Developer_Accord Power Inc.,2.620173238954237e-12
cat__Circuit_ID_LI NWK,2.616208811792678e-12
cat__Connection_Date_2023-12-14 00:00:00,2.6121196820901715e-12
cat__Circuit_ID_1B95,2.609329907724915e-12
cat__Circuit_ID_6U876,2.5987367849411754e-12
cat__Circuit_ID_8G977,2.591370597349651e-12
cat__Circuit_ID_8T6P6,2.5812148097793004e-12
cat__Substation_NYS-FLAT ST 597,2.580213726049587e-12
cat__Connection_Date_2014-02-21 00:00:00,2.5350457106977836e-12
cat__Circuit_ID_6HL815,2.527586530938515e-12
cat__City_Hempstead,2.498162822698155e-12
cat__Circuit_ID_36_32_34554,2.4571643867210387e-12
cat__Circuit_ID_7MM882,2.4386176385949503e-12
cat__Circuit_ID_3R052,2.433511024891595e-12
cat__City_Napanoch,2.4139976114576824e-12
cat__Circuit_ID_36_01_15468,2.3924479094081556e-12
cat__Developer_Joshua Gillebaard (TM MONTANTE SOLAR DEVELOPMENT L,2.389461097023332e-12
cat__Connection_Date_2013-12-27 00:00:00,2.3889383588686848e-12
cat__Circuit_ID_8M5P6,2.3755829606753522e-12
cat__Connection_Date_2011-03-11 00:00:00,2.353917304673904e-12
cat__City_Hawthorne,2.34724132644136e-12
cat__City_Ithaca,2.3422062911622273e-12
cat__Circuit_ID_36_35_07253,2.322633972584566e-12
cat__Substation_7XM,2.313596807190666e-12
cat__Circuit_ID_WALDEN-GALLERIA #703,2.312202350615516e-12
cat__Circuit_ID_3037,2.3023418977669245e-12
cat__Circuit_ID_44M02,2.2977857732325364e-12
cat__City_CAPE VINCENT,2.2676303557327836e-12
cat__Connection_Date_2021-09-30 00:00:00,2.259372919782697e-12
cat__Developer_bright power,2.243912670040754e-12
cat__Circuit_ID_8674,2.228778959145338e-12
"cat__Developer_Dynamic Energy Solutions, LLC",2.2228641992410938e-12
cat__City_Stillwater,2.2119303003633258e-12
cat__Connection_Date_2023-10-25 00:00:00,2.2038100916136158e-12
cat__Connection_Date_2018-12-19 00:00:00,2.1754875611298564e-12
cat__Circuit_ID_12W81,2.173671841317916e-12
cat__City_Bayside,2.1730679950024286e-12
cat__Connection_Date_2016-07-08 00:00:00,2.1659738046450995e-12
cat__Substation_8J,2.1592766333678893e-12
cat__Circuit_ID_8W659,2.1453723740036605e-12
cat__Substation_NYS-UNION SPRINGS 609,2.133852783244971e-12
cat__Developer_EETN,2.128295096474916e-12
cat__Circuit_ID_61-5-13,2.1198063154370913e-12
cat__Connection_Date_2022-10-12 00:00:00,2.1075650929241146e-12
cat__Connection_Date_2014-07-02 00:00:00,2.1003619505786694e-12
cat__Circuit_ID_RP NWK,2.0993181990828725e-12
cat__Developer_Tecta America/dba/Tecta Solar,2.0915877046777062e-12
cat__Developer_Advanced Solar Products,2.0332190176659444e-12
cat__Developer_Absolutely Energized Solar Electric,2.0070341874933516e-12
cat__Connection_Date_2017-08-10 00:00:00,1.9846108212250034e-12
cat__Circuit_ID_7XM998,1.9405676467454186e-12
cat__Circuit_ID_8W663,1.9404426387609404e-12
cat__Substation_7B,1.940134769357131e-12
cat__City_Bayshore,1.9265672783541834e-12
cat__Developer_Paradise Energy Solutions LLC,1.913667954372649e-12
cat__City_Amityville,1.910116393862277e-12
cat__Connection_Date_2017-03-03 00:00:00,1.908309340296789e-12
cat__Circuit_ID_2306330,1.8769403046223015e-12
cat__Connection_Date_2023-11-07 00:00:00,1.8670731372486807e-12
cat__Connection_Date_2019-11-01 00:00:00,1.862690798775362e-12
cat__Connection_Date_2022-10-10 00:00:00,1.851413776286701e-12
cat__Connection_Date_2022-03-17 00:00:00,1.8473210353075203e-12
cat__Connection_Date_2014-12-23 00:00:00,1.834393376259982e-12
cat__Circuit_ID_3KG299,1.8315746318255675e-12
cat__Division_034 - Amsterdam,1.8294617981698245e-12
cat__Developer_Emes Solar Inc,1.8280004267439622e-12
cat__Substation_7J,1.8250658100763414e-12
cat__Substation_NYS-LANGER RD 433,1.822600696503564e-12
cat__Substation_6H,1.8213460657856836e-12
cat__Circuit_ID_1106575,1.8096317077248277e-12
cat__Developer_Alteris Renewables,1.7639655252306728e-12
cat__Circuit_ID_7WM631,1.7428927926794702e-12
cat__Connection_Date_2013-12-20 00:00:00,1.7399982993101591e-12
cat__Circuit_ID_3023,1.735930788047462e-12
cat__Developer_Charan Electrical Enterprises Inc.,1.735641623289062e-12
cat__Circuit_ID_4X49,1.717349511385325e-12
cat__Substation_WAINWRIGHT,1.7136887206073729e-12
cat__Connection_Date_2021-04-27 00:00:00,1.7019227115009949e-12
cat__City_Westbury,1.6942828058590454e-12
cat__Circuit_ID_13W17,1.6939731994045145e-12
cat__City_East Islip,1.6929120803366237e-12
cat__Substation_NYS-HALFMOON 412,1.69000717793677e-12
cat__Substation_0049RO0522-1278 Goodman ST N,1.6851234981682786e-12
cat__Circuit_ID_2305256,1.678445109321434e-12
cat__Connection_Date_2015-03-30 00:00:00,1.6712705477176075e-12
cat__Connection_Date_2020-11-24 00:00:00,1.6608928805838028e-12
cat__Substation_8XR,1.6441825548594749e-12
cat__County_Essex,1.625598032758292e-12
cat__City_E Setauket,1.625382424877937e-12
cat__Substation_FLY RD 261,1.6182372036654645e-12
cat__City_Port Chester,1.6181350481787963e-12
cat__City_Dobbs Ferry,1.605050889969512e-12
cat__Developer_VivintSolar,1.5954942947336356e-12
cat__Connection_Date_2016-12-05 00:00:00,1.5859224336335902e-12
cat__Connection_Date_2015-10-29 00:00:00,1.5763160728087808e-12
cat__Connection_Date_2020-03-04 00:00:00,1.5759622141829369e-12
cat__Developer_sunrise power solution,1.5492304635288987e-12
cat__Circuit_ID_5SK346,1.5480781750077693e-12
cat__Circuit_ID_36_35_39251,1.5443092719804583e-12
cat__Connection_Date_2014-12-12 00:00:00,1.5420632634594987e-12
cat__Connection_Date_2023-03-16 00:00:00,1.5208879437354206e-12
cat__Connection_Date_2014-11-17 00:00:00,1.5013769028222468e-12
cat__Connection_Date_2011-12-15 00:00:00,1.4996634767388529e-12
cat__Circuit_ID_7BH3K7,1.487511099608311e-12
cat__Circuit_ID_RI NWK,1.4814398510610162e-12
cat__City_Bohemia,1.4730645629780108e-12
cat__Circuit_ID_1106277,1.4692244751014102e-12
"cat__Developer_Kelli Wilson (Solar Liberty Energy Systems, Inc.)",1.4564259117346632e-12
cat__Substation_Knapps Corners,1.4404963411551507e-12
cat__Connection_Date_2015-11-04 00:00:00,1.4386275818137372e-12
cat__Connection_Date_2018-06-20 00:00:00,1.4371349199269094e-12
cat__Circuit_ID_36_39_37653,1.4330421694568076e-12
cat__Circuit_ID_4R64,1.430894075790438e-12
cat__Circuit_ID_8XR646,1.4162572207011582e-12
cat__Circuit_ID_3103204,1.4161571498460895e-12
cat__Circuit_ID_6045,1.398769205972983e-12
cat__Developer_SOLANTA,1.3944139765309344e-12
cat__Connection_Date_2015-07-20 00:00:00,1.387468511292655e-12
cat__Circuit_ID_7XM984,1.3644416382259816e-12
cat__Substation_Bruckner,1.3631544663836552e-12
cat__Developer_Harvest Power LLC,1.3537738093657426e-12
cat__Connection_Date_2015-03-13 00:00:00,1.3513303250264452e-12
cat__Circuit_ID_4352,1.3477148527246109e-12
cat__Connection_Date_2021-05-25 00:00:00,1.347643578191828e-12
cat__Connection_Date_2014-06-12 00:00:00,1.3338273361343477e-12
cat__Connection_Date_2015-11-30 00:00:00,1.307896536148967e-12
cat__City_NEW CITY,1.3076656015206067e-12
cat__Circuit_ID_9B916,1.2961872698892662e-12
cat__Substation_7F,1.2953111867908083e-12
cat__Circuit_ID_3R37,1.2863874266339179e-12
cat__Connection_Date_2018-06-07 00:00:00,1.2788036362961144e-12
cat__Connection_Date_2007-04-18 00:00:00,1.2723438788684297e-12
cat__Circuit_ID_7B702,1.2701349851732478e-12
cat__Developer_Powerlutions,1.2697927257290779e-12
cat__Developer_Pacific Solar,1.2671605541594142e-12
cat__Developer_Green Mountain Electric Supply,1.2633773348108416e-12
cat__Circuit_ID_0418RO5270,1.2533638509131852e-12
cat__Substation_E_179_St,1.2449788598740392e-12
cat__Circuit_ID_36_31_37255,1.2438415044357733e-12
cat__Developer_LTHS Solar,1.2418918633340274e-12
cat__City_Glen Oaks,1.2363008120087631e-12
cat__Circuit_ID_4H252,1.225988484609486e-12
cat__Substation_NYS-ETNA 709,1.224649390624768e-12
cat__Connection_Date_2017-04-13 00:00:00,1.2245468969445973e-12
cat__Circuit_ID_36_25_97656,1.2204984700287007e-12
cat__Circuit_ID_9E991,1.2139712515367114e-12
cat__Developer_Mike Prinzi (Solar Liberty),1.1711745948554873e-12
cat__Connection_Date_2022-06-23 00:00:00,1.1507895035264447e-12
cat__City_O Westbury,1.1401959822000862e-12
cat__Circuit_ID_0089RO5218,1.1222867632595576e-12
cat__Developer_Arista Power,1.1184575194950482e-12
cat__Connection_Date_2022-09-30 00:00:00,1.1156039752773752e-12
cat__Circuit_ID_6DL4L8,1.1147521643911816e-12
cat__Connection_Date_2014-10-06 00:00:00,1.1068047687446738e-12
cat__Connection_Date_2015-06-05 00:00:00,1.0880562569250436e-12
cat__Connection_Date_2022-03-28 00:00:00,1.0837097934104657e-12
cat__Circuit_ID_BPP NWK,1.0784584913425799e-12
cat__City_QUEENSBURY,1.0713965658720818e-12
cat__City_Shelter Island,1.0689677614945448e-12
cat__Substation_cuddebackville,1.0584146588852298e-12
cat__Connection_Date_2013-12-17 00:00:00,1.0522681835790727e-12
cat__Connection_Date_2016-01-14 00:00:00,1.0456976604573402e-12
cat__Circuit_ID_8AX651,1.041829636897191e-12
cat__Developer_OLA Consulting Engineers,1.035148683230382e-12
cat__Connection_Date_2023-03-23 00:00:00,1.0127137156478796e-12
"cat__Developer_OConnell Electric Company, Inc.",1.0114596586638893e-12
cat__City_Thornwood,1.0059032662775726e-12
cat__Connection_Date_2021-11-12 00:00:00,1.0009661857259996e-12
cat__Circuit_ID_8A726,9.9681824963731e-13
cat__City_Ridge,9.930362965732202e-13
"cat__Developer_Consolidated Edison Solutions, Inc.",9.842695727903013e-13
cat__Circuit_ID_8024,9.788108805380264e-13
cat__Circuit_ID_4015,9.784180120870806e-13
"cat__Developer_Throop Electric Company, Inc",9.749158575704768e-13
cat__Circuit_ID_7H872,9.593329788888923e-13
cat__Circuit_ID_2H574,9.581233364281325e-13
cat__Substation_Cuddebackville,9.556282088734809e-13
cat__Connection_Date_2011-01-31 00:00:00,9.44129472174442e-13
cat__Connection_Date_2009-06-20 00:00:00,9.406351302510148e-13
cat__Developer_Sunrise Electrical Services LLC,9.356486881405011e-13
cat__Connection_Date_2021-07-29 00:00:00,9.351681175559303e-13
cat__Circuit_ID_5X32,9.107961927712e-13
cat__Circuit_ID_3R051,8.927707663671259e-13
cat__Substation_LYNDONVILLE 95,8.872339721600755e-13
cat__Circuit_ID_8F7H8,8.835848740799638e-13
cat__Circuit_ID_9R626,8.729652879460129e-13
cat__Connection_Date_2013-11-18 00:00:00,8.728463653273066e-13
cat__Circuit_ID_9B723,8.724897065226353e-13
cat__Circuit_ID_15-6-13,8.678229858477668e-13
cat__Connection_Date_2015-01-05 00:00:00,8.646539823375192e-13
cat__City_East Farmingdale,8.626809236474657e-13
cat__Connection_Date_2015-02-26 00:00:00,8.60451215824046e-13
cat__City_Fishkill,8.58884082862385e-13
cat__Substation_E. WATERTOWN 817,8.553692452612329e-13
cat__Connection_Date_2022-09-28 00:00:00,8.544321522678836e-13
cat__Substation_Parkchester_1,8.50890428851549e-13
cat__County_Warren,8.49207681088266e-13
cat__Connection_Date_2016-09-14 00:00:00,8.451316544686836e-13
cat__Circuit_ID_1202312,8.350912419523505e-13
cat__Connection_Date_2014-03-11 00:00:00,8.344835705780761e-13
cat__Connection_Date_2014-11-13 00:00:00,8.331105595334586e-13
cat__Connection_Date_2014-11-06 00:00:00,8.317488058163945e-13
cat__City_ROCHESTER,8.281017407945109e-13
cat__Developer_New York State Solar Farm,8.261074033585569e-13
cat__Substation_WALESVILLE 331,8.252042138421783e-13
cat__Connection_Date_2020-07-24 00:00:00,8.191179565412457e-13
cat__City_MIDDLE GROVE,8.178143366691038e-13
cat__Connection_Date_2018-01-24 00:00:00,8.15258196691964e-13
cat__Substation_4UH,8.090208531377078e-13
cat__Connection_Date_2017-10-18 00:00:00,8.057940529315876e-13
cat__Developer_Eldor Electric Llc,7.953833984331188e-13
cat__Connection_Date_2021-11-17 00:00:00,7.941917790852883e-13
cat__City_Westport,7.907398224875645e-13
cat__Developer_Solar Dad and Sons,7.897617162665649e-13
cat__Circuit_ID_4UH333,7.772150025690944e-13
cat__Circuit_ID_5MK243,7.740586209399834e-13
cat__Circuit_ID_71-4-13,7.667748511114299e-13
cat__City_East Rockaway,7.648558665253675e-13
cat__Connection_Date_2023-12-20 00:00:00,7.620566619376051e-13
cat__Developer_Sunrise,7.541424686433084e-13
cat__Developer_Chad Stoltzfus (Paradise Energy Solutions),7.523926370196493e-13
"cat__Developer_Ian Diamond (Consolidated Edison Solutions, Inc)",7.425993102686352e-13
cat__Circuit_ID_5SK061,7.415014207271477e-13
cat__Connection_Date_2022-08-03 00:00:00,7.407375817182902e-13
cat__Developer_Dobtol Construction LLC,7.396603184993059e-13
cat__Circuit_ID_15W86,7.35856798638115e-13
cat__Division_038 - Glens Falls,7.352820483937194e-13
cat__Connection_Date_2015-12-08 00:00:00,7.276585817740435e-13
cat__Connection_Date_2017-08-01 00:00:00,7.26888814863364e-13
cat__Developer_GREEN LEAF CONSTRUCTION,7.249037840192623e-13
cat__City_Great Neck,7.234474376127403e-13
cat__Connection_Date_2017-12-18 00:00:00,7.227654040686208e-13
cat__Circuit_ID_62U2,7.204791984111453e-13
cat__Connection_Date_2022-03-18 00:00:00,7.187140220714984e-13
cat__Connection_Date_2013-12-02 00:00:00,7.140797047473423e-13
cat__Developer_Ecogy Energy,7.105971746589006e-13
cat__Circuit_ID_7EM817,7.095515245486079e-13
cat__Circuit_ID_4MG208,7.090620107521629e-13
cat__City_MONROE,7.085878804943331e-13
"cat__Developer_CNY Solar, Inc.",7.038200870469065e-13
cat__Connection_Date_2013-02-25 00:00:00,7.034532937938376e-13
cat__Circuit_ID_5L6H2,7.006981722739174e-13
cat__Connection_Date_2020-07-09 00:00:00,6.993093577030708e-13
cat__Developer_MAURA HEWISON (KASSELMAN SOLAR),6.980063554329009e-13
cat__Connection_Date_2016-10-27 00:00:00,6.901954717854727e-13
cat__Circuit_ID_36_03_22455,6.893992807567849e-13
cat__Connection_Date_2023-04-13 00:00:00,6.870042685474671e-13
cat__Connection_Date_2023-02-15 00:00:00,6.86572123709147e-13
cat__Circuit_ID_19W24,6.761299430232753e-13
cat__Connection_Date_2016-05-05 00:00:00,6.745478618188026e-13
cat__Developer_Taitem Engineering,6.72426124892428e-13
cat__Circuit_ID_36_39_130151,6.694958468603863e-13
cat__Circuit_ID_1107081,6.681701242189364e-13
cat__Connection_Date_2022-10-04 00:00:00,6.672618725778556e-13
cat__Substation_0014RO0435-736 Clinton AVE S,6.606935640168536e-13
cat__Circuit_ID_1X27,6.606258535410057e-13
cat__Circuit_ID_2091,6.56520961787208e-13
cat__Substation_7D,6.554836150263151e-13
cat__Substation_ST JOHNSVILLE 335,6.515799466015142e-13
cat__Connection_Date_2020-08-18 00:00:00,6.496255178273697e-13
cat__Connection_Date_2014-10-14 00:00:00,6.454928700567817e-13
cat__Circuit_ID_36_27_86652,6.44196951463457e-13
cat__Connection_Date_2013-04-09 00:00:00,6.431854542812197e-13
cat__Connection_Date_2014-12-13 00:00:00,6.399244931841264e-13
cat__Connection_Date_2021-06-10 00:00:00,6.305405450149495e-13
cat__City_Margaretville,6.22431738499269e-13
cat__Circuit_ID_3X79,6.203674985865383e-13
cat__Connection_Date_2015-02-18 00:00:00,6.202516538508399e-13
cat__Developer_SunCommon,6.202390747640172e-13
cat__Connection_Date_2017-03-14 00:00:00,6.174944290150377e-13
cat__Circuit_ID_103-2-13,6.149645403198693e-13
cat__Developer_Energy Systems and Installation Inc,6.138022138957764e-13
cat__Connection_Date_2018-08-16 00:00:00,6.117868478640447e-13
cat__Circuit_ID_SD3147,6.101346004000612e-13
cat__Connection_Date_2017-09-14 00:00:00,6.092122329286468e-13
cat__Circuit_ID_5E47E,6.046624831767908e-13
cat__Substation_Mott_Haven,6.026633568557441e-13
cat__Circuit_ID_15W69,5.964975220451736e-13
cat__Circuit_ID_GRASSL,5.95807359886911e-13
cat__Connection_Date_2017-06-17 00:00:00,5.956093914969129e-13
cat__Connection_Date_2019-02-07 00:00:00,5.951649494671875e-13
"cat__Developer_Justin Williams (CNY Solar, LLC)",5.947892931358501e-13
cat__City_YONKERS,5.943046584241563e-13
cat__Connection_Date_2023-01-18 00:00:00,5.919565606393378e-13
cat__City_Hewlett,5.77412213364501e-13
cat__Substation_NYS-MILFORD 258,5.746151707612761e-13
cat__Developer_Premier Solar NY,5.729150537776126e-13
cat__Circuit_ID_5012,5.727585198945297e-13
cat__Circuit_ID_36_39_01251,5.726513599437206e-13
cat__City_PATCHOGUE,5.678763321904764e-13
cat__Connection_Date_2023-03-28 00:00:00,5.616192972323048e-13
cat__Substation_0418RO5270-Elmgrove RD,5.560673358945603e-13
cat__Circuit_ID_3A151,5.558488169554372e-13
cat__Circuit_ID_7T983,5.558436807468693e-13
cat__Connection_Date_2016-06-20 00:00:00,5.54328702589617e-13
cat__Connection_Date_2023-01-17 00:00:00,5.537538283781472e-13
cat__Connection_Date_2011-03-18 00:00:00,5.496087903745879e-13
cat__Substation_NYS-HILLDALE 225,5.472465949815977e-13
cat__Circuit_ID_5R23,5.462361107485427e-13
cat__City_RIVERHEAD,5.416223017672774e-13
cat__City_E Patchogue,5.375354563069367e-13
cat__Connection_Date_2015-10-02 00:00:00,5.361000405895087e-13
cat__Substation_SUBT 12,5.318285959069673e-13
cat__Circuit_ID_25U1,5.284970165861794e-13
cat__Circuit_ID_2A7N1,5.219326275412928e-13
cat__Substation_West Balmville,5.198838853016253e-13
cat__Developer_Urban Green Energy Inc.,5.138603894606855e-13
cat__Connection_Date_2012-10-05 00:00:00,5.130715438774269e-13
cat__Connection_Date_2022-05-16 00:00:00,5.100748814029842e-13
cat__Connection_Date_2014-05-19 00:00:00,5.077201292931011e-13
cat__Connection_Date_2016-04-15 00:00:00,5.028659613125801e-13
cat__Circuit_ID_4203897,5.027415032800234e-13
cat__Circuit_ID_7J884,5.026199036979156e-13
cat__Circuit_ID_36_33_42752,4.980159061900364e-13
cat__Developer_Innovated Energy Solutions,4.968319256714991e-13
cat__Connection_Date_2012-01-05 00:00:00,4.954996256549222e-13
cat__Connection_Date_2011-08-09 00:00:00,4.927511000216701e-13
cat__Circuit_ID_7WM774,4.786779528314995e-13
cat__Connection_Date_2017-12-28 00:00:00,4.784906408231066e-13
cat__Circuit_ID_36_39_46453,4.761501662582923e-13
cat__Connection_Date_2020-08-31 00:00:00,4.695506358608797e-13
cat__City_YORKTOWN HEIGHTS,4.678564874604735e-13
cat__City_Hurleyville,4.654248563956851e-13
cat__Circuit_ID_7EM823,4.648633958270574e-13
cat__Developer_NRG Home Solar,4.538633328824555e-13
cat__Circuit_ID_9A759,4.511683595028312e-13
cat__Circuit_ID_8JR961,4.4910092364947225e-13
cat__Substation_NYS-PHILO RD 329,4.4738379025243473e-13
cat__City_Rhinebeck,4.454880012135152e-13
cat__Connection_Date_2018-09-19 00:00:00,4.43125021213289e-13
cat__Connection_Date_2019-12-30 00:00:00,4.426175932492877e-13
cat__Circuit_ID_8SM3N8,4.4246412533061746e-13
cat__Connection_Date_2015-03-23 00:00:00,4.4214894656882517e-13
cat__Substation_NYS-ARKVILLE 230,4.4139111565318936e-13
cat__Developer_HUDSON VALLEY CLEAN ENERGY,4.3939154430981724e-13
cat__Substation_Monroe,4.3372827694496266e-13
cat__Substation_4MG,4.318009225538973e-13
cat__Circuit_ID_6U601,4.288432944776815e-13
cat__Developer_Sunrise Power Solutions_ LLC,4.249310439030692e-13
cat__Connection_Date_2022-02-18 00:00:00,4.2294905733863006e-13
cat__Developer_Quixotic Systems Inc.,4.1836920881886933e-13
cat__Connection_Date_2023-03-24 00:00:00,4.1809793277773834e-13
cat__City_TAGHKANIC,4.1403224543971935e-13
cat__Circuit_ID_13W80,4.140129227825046e-13
cat__City_Long Island City,4.093306622656905e-13
cat__Developer_Crest Solar LLC,4.010832727779225e-13
cat__Circuit_ID_WH NWK,3.9894407774212427e-13
cat__Circuit_ID_2304512,3.9226064010268644e-13
cat__Connection_Date_2023-08-02 00:00:00,3.902491363683897e-13
cat__Connection_Date_2021-01-06 00:00:00,3.897327194254812e-13
cat__Circuit_ID_OSSING1,3.8655219737753955e-13
cat__Circuit_ID_2402583,3.8640274593645537e-13
cat__Developer_Sybac,3.8206676047329144e-13
cat__Connection_Date_2020-11-09 00:00:00,3.7651084110785023e-13
cat__City_East Northport,3.7499885609018563e-13
cat__Connection_Date_2016-11-21 00:00:00,3.7431760415588413e-13
cat__City_Mastic Beach,3.732999893332748e-13
cat__Connection_Date_2012-05-17 00:00:00,3.691084734140051e-13
cat__City_Blue Point,3.6900923683356316e-13
cat__Connection_Date_2019-10-28 00:00:00,3.6280305526844966e-13
cat__Connection_Date_2017-10-05 00:00:00,3.5805049913755446e-13
cat__Substation_5L,3.5453308185338586e-13
cat__City_Aquebogue,3.544085946364009e-13
cat__City_Uniondale,3.5419511978307533e-13
cat__Developer_Brooklyn SolarWorks,3.508069680441132e-13
cat__Substation_SYCAWAY 372,3.49778001856235e-13
cat__City_Pine Bush,3.4755846098162805e-13
cat__Circuit_ID_WB NWK,3.4679309737649036e-13
cat__City_Valley Stream,3.439730560487138e-13
cat__Connection_Date_2018-10-03 00:00:00,3.4117319585034716e-13
cat__Connection_Date_2020-02-11 00:00:00,3.3879961505831344e-13
"cat__Developer_Sunrise Electrical Services, LLC.",3.36795881479811e-13
cat__Developer_Sunrise electrical Service,3.3346609444968374e-13
cat__Connection_Date_2021-06-04 00:00:00,3.2856801370553637e-13
cat__Connection_Date_2022-08-11 00:00:00,3.270922263981103e-13
cat__Developer_District Sun,3.2412876207395437e-13
cat__Circuit_ID_2M599,3.223785372401359e-13
cat__Connection_Date_2014-03-27 00:00:00,3.222999830144166e-13
cat__Developer_Monolith Solar Associates LLC,3.1901696712207105e-13
cat__Circuit_ID_4054,3.1673922178702545e-13
cat__Connection_Date_2021-01-12 00:00:00,3.152457650053226e-13
cat__Circuit_ID_6P5H2,3.075746316486956e-13
cat__City_Poughquag,3.068961150775544e-13
cat__City_Pine Island,3.060395327454807e-13
cat__Substation_NYS-CRARYVILLE 400,3.0545607014495427e-13
cat__Substation_INMAN RD 370,3.039954795128937e-13
cat__City_Yonkers,3.031198290776698e-13
cat__Circuit_ID_2K537,3.029546341405073e-13
cat__Connection_Date_2013-12-04 00:00:00,3.018751068356117e-13
cat__Circuit_ID_5X34,2.9994019485369314e-13
cat__Connection_Date_2010-12-15 00:00:00,2.997258557407791e-13
cat__Connection_Date_2012-12-26 00:00:00,2.961556644468996e-13
cat__Connection_Date_2014-06-11 00:00:00,2.9613976641688256e-13
cat__Circuit_ID_8W79,2.959350725587543e-13
cat__Circuit_ID_3X69,2.951505879273011e-13
cat__Substation_8JR,2.948749035664524e-13
cat__City_New Hyde PK,2.9465439326544293e-13
cat__Connection_Date_2022-03-14 00:00:00,2.939407738553364e-13
cat__Circuit_ID_1503702,2.938957724143503e-13
cat__Circuit_ID_80-3-13,2.9237973218768113e-13
cat__Circuit_ID_7B2H4,2.887415039848132e-13
cat__Connection_Date_2014-01-21 00:00:00,2.887315226301157e-13
cat__Connection_Date_2013-03-27 00:00:00,2.848855839837098e-13
cat__Connection_Date_2022-08-10 00:00:00,2.845163671452963e-13
cat__Circuit_ID_1502701,2.842665265229381e-13
cat__Circuit_ID_7ZM835,2.7808849640754957e-13
cat__Connection_Date_2021-10-29 00:00:00,2.7665517682396637e-13
cat__City_Mechanicville,2.765018492156822e-13
cat__Connection_Date_2015-06-25 00:00:00,2.7320294758697483e-13
cat__City_C Moriches,2.730479669462461e-13
cat__Circuit_ID_274,2.7240086590057547e-13
cat__Connection_Date_2016-12-20 00:00:00,2.6995911052275574e-13
cat__Circuit_ID_BBH NWK,2.695072427796565e-13
cat__Circuit_ID_6H504,2.689450554601973e-13
cat__Developer_Nick Clingerman (PlugPV),2.6828329113034165e-13
cat__City_Hammondsport,2.680129633487078e-13
cat__Connection_Date_2022-05-11 00:00:00,2.6639125839386227e-13
cat__Connection_Date_2023-11-22 00:00:00,2.6210659096468465e-13
cat__Substation_NYS-BARTON BROOK 404,2.5841708325709065e-13
cat__Circuit_ID_5R166,2.583865658682309e-13
cat__Connection_Date_2020-08-25 00:00:00,2.5700344309350666e-13
"cat__Developer_Fourth Coast, Inc.",2.561743418077272e-13
cat__City_Islip,2.55772277171119e-13
cat__City_Inwood,2.5545234271226413e-13
cat__Circuit_ID_5L349,2.5500853719175103e-13
cat__City_Forest Hills,2.5477970125322607e-13
cat__City_Buffalo,2.5474775485724e-13
cat__Developer_Pyrus Energy,2.5474692797918674e-13
cat__Connection_Date_2023-02-01 00:00:00,2.541198998361022e-13
cat__Connection_Date_2011-12-09 00:00:00,2.5389383941902276e-13
cat__Developer_Long Island Power Solutions,2.532623623743246e-13
cat__Connection_Date_2022-05-18 00:00:00,2.5167983361106013e-13
cat__Circuit_ID_36_30_45252,2.492749389223642e-13
cat__Circuit_ID_8B85,2.479179470003748e-13
cat__Circuit_ID_8RX757,2.4378481048669666e-13
cat__City_HARRIMAN,2.4355698909065484e-13
cat__Developer_Stellar Energy GP Inc.,2.426930445206707e-13
cat__Connection_Date_2011-06-30 00:00:00,2.4152895392463367e-13
cat__Substation_Harriman,2.411271718020679e-13
cat__Circuit_ID_7072,2.3903971010575464e-13
cat__Developer_sunrise Power Solutions,2.3830747776640966e-13
cat__Substation_NYS-CARMEL 502,2.382564095909161e-13
cat__Developer_Blueland,2.3768821639751046e-13
cat__Circuit_ID_12549,2.376054179100712e-13
cat__Circuit_ID_80-1-13,2.3614260507370386e-13
cat__Developer_National Grid Energy Management,2.349517373596648e-13
cat__Developer_Toni Haviland (PlugPV),2.3314931148283657e-13
cat__County_Niagara,2.302151627000718e-13
cat__Connection_Date_2017-12-14 00:00:00,2.30141514827072e-13
cat__City_Southold,2.29412587011635e-13
cat__Circuit_ID_45U4,2.290527928205089e-13
cat__Developer_Arcon Construction & Management Services,2.2752629057729825e-13
cat__County_Otsego,2.2612337688852564e-13
cat__Connection_Date_2015-11-19 00:00:00,2.2568951603385022e-13
cat__Connection_Date_2010-06-01 00:00:00,2.2418820041789958e-13
cat__Connection_Date_2023-07-11 00:00:00,2.2376159406486835e-13
cat__Circuit_ID_5206529,2.2060227498334871e-13
cat__Circuit_ID_4301801,2.188160448669827e-13
cat__Circuit_ID_7D681,2.1881097882847446e-13
cat__Substation_2K,2.1810331442083146e-13
cat__Substation_0419RO5155-Lehigh Station RD,2.1691836328597975e-13
cat__Connection_Date_2014-04-16 00:00:00,2.1595449439953282e-13
cat__Connection_Date_2012-05-15 00:00:00,2.1540666717740706e-13
cat__Circuit_ID_2R437,2.140095358375982e-13
cat__Circuit_ID_7051,2.10679436713964e-13
cat__Substation_0001RO0540-119 Leighton Ave,2.1048141032770043e-13
cat__Connection_Date_2018-06-04 00:00:00,2.0672754107958362e-13
cat__Substation_NYS-DICK RD 390,2.0662890422759924e-13
cat__Connection_Date_2012-12-20 00:00:00,2.0630803948960723e-13
cat__Connection_Date_2011-08-25 00:00:00,2.0551678012334972e-13
cat__Substation_Hartley Rd.,2.0281973425694038e-13
cat__Developer_GreenLogic LLC,2.0118838575088734e-13
cat__Circuit_ID_8091,2.0103387811515804e-13
cat__Circuit_ID_7052,1.9946959374048131e-13
cat__Connection_Date_2023-06-16 00:00:00,1.9765016333257214e-13
cat__Connection_Date_2019-04-10 00:00:00,1.9682824498077102e-13
cat__Circuit_ID_8M7P2,1.957050753556288e-13
cat__Connection_Date_2014-03-20 00:00:00,1.9437628407853673e-13
cat__Circuit_ID_7EM822,1.9378955782827444e-13
cat__Circuit_ID_13-8-13,1.9247941384937149e-13
cat__Circuit_ID_36_40_32252,1.9164697596985437e-13
cat__Circuit_ID_5X268,1.9021524791502137e-13
cat__City_Tivoli,1.8928061770244134e-13
cat__Circuit_ID_36_38_42356,1.8919238189512571e-13
cat__Connection_Date_2020-07-31 00:00:00,1.8856507159587e-13
cat__Circuit_ID_5MK244,1.8832710861272723e-13
cat__Circuit_ID_0001RO0540,1.8787325531827618e-13
cat__Connection_Date_2020-12-09 00:00:00,1.8606064391124681e-13
cat__Circuit_ID_3104101,1.8588315842789829e-13
cat__Substation_WILLOWBROOK,1.8344122802528558e-13
cat__City_Copiague,1.7952761841809846e-13
cat__Connection_Date_2013-10-17 00:00:00,1.777741340127136e-13
cat__Substation_MENANDS 101,1.772198520926253e-13
cat__Circuit_ID_0195LS5151,1.7691424807367594e-13
cat__Connection_Date_2023-03-09 00:00:00,1.7589588663519808e-13
cat__Connection_Date_2020-10-21 00:00:00,1.7548562168718094e-13
cat__Circuit_ID_2403999,1.7542322284646162e-13
cat__Developer_Paradise Energy Solutions,1.7467845979769158e-13
cat__Circuit_ID_36_18_76251,1.744579512173497e-13
cat__City_CANASTOTA,1.7392962234804993e-13
cat__Circuit_ID_7ZM829,1.738749424353829e-13
cat__City_Sunnyside,1.706369202686736e-13
cat__City_Woodside,1.7053465365120015e-13
cat__Circuit_ID_17W50,1.6998544870038823e-13
cat__Connection_Date_2022-10-24 00:00:00,1.6936864050522334e-13
"cat__Developer_CNY Solar, LLC",1.6613134681968948e-13
cat__Circuit_ID_3X65,1.658623242451126e-13
cat__City_MAHOPAC,1.650256911122391e-13
cat__Developer_Solar Generation,1.5997296387004633e-13
cat__Circuit_ID_3082,1.5781745556252448e-13
cat__Circuit_ID_7J868,1.571992713669979e-13
cat__Connection_Date_2022-12-23 00:00:00,1.5714700560376318e-13
cat__City_FRANKLINVILLE,1.5657269929684377e-13
cat__Developer_RESONANT ENERGY,1.5532624801685012e-13
cat__Circuit_ID_36_11_21372,1.5503185791935146e-13
cat__Developer_Renewable Rochester,1.5204390343023665e-13
cat__Connection_Date_2019-08-28 00:00:00,1.518924239596515e-13
cat__Substation_East Walden,1.5086079602198255e-13
cat__City_Modena,1.5029927114853164e-13
cat__Connection_Date_2019-01-07 00:00:00,1.5014509117477796e-13
cat__City_Depew,1.4890033127708092e-13
cat__Connection_Date_2014-09-10 00:00:00,1.4856607900215885e-13
cat__Connection_Date_2011-05-06 00:00:00,1.4495062166060208e-13
cat__Substation_7S,1.4474556149926012e-13
cat__City_FLORIDA,1.445266006444785e-13
cat__Substation_BUFFALO STATION 232 - OAKWOOD DR,1.4365658987894493e-13
cat__Connection_Date_2014-07-17 00:00:00,1.412933012398624e-13
cat__Circuit_ID_3100702,1.4114100985524147e-13
cat__Circuit_ID_8101002,1.398494128479246e-13
cat__Developer_AROSA SOLAR,1.3967402750331627e-13
cat__Connection_Date_2017-03-16 00:00:00,1.3854607614842364e-13
cat__Substation_OGDEN BROOK 423,1.3773202529915362e-13
cat__City_Patchogue,1.376704556513e-13
cat__Connection_Date_2023-03-27 00:00:00,1.3706282536625988e-13
cat__Connection_Date_2023-10-24 00:00:00,1.36859976815232e-13
cat__Connection_Date_2019-02-27 00:00:00,1.3650994248269264e-13
cat__Substation_EMMET 256,1.3578489820940775e-13
cat__Developer_Energy System,1.3466929096130692e-13
cat__Connection_Date_2010-01-23 00:00:00,1.328856365122973e-13
cat__Circuit_ID_8RR928,1.327519533555193e-13
cat__City_Cutchogue,1.318178330728209e-13
cat__Circuit_ID_2R1K4,1.3127958384966954e-13
cat__Circuit_ID_4R56,1.303486100423177e-13
cat__Connection_Date_2014-05-13 00:00:00,1.2995274916174763e-13
cat__Developer_National Energy Connection,1.28414853743961e-13
cat__City_Marilla,1.2792803666091278e-13
cat__Circuit_ID_6J897,1.2791941358491469e-13
cat__Connection_Date_2021-08-04 00:00:00,1.2660753023016533e-13
"cat__Developer_Green Building and Material Supply, Inc.",1.2653324066991009e-13
cat__Circuit_ID_6053,1.2638115505986443e-13
cat__Substation_NYS-SYLVAN LAKE 481,1.2637126411768227e-13
cat__Connection_Date_2022-08-31 00:00:00,1.2523927151334046e-13
cat__Connection_Date_2012-07-02 00:00:00,1.2512940085118824e-13
cat__City_Horseheads,1.2470793183787454e-13
cat__County_Herkimer,1.2458578489795926e-13
cat__Connection_Date_2013-10-14 00:00:00,1.2345719208184634e-13
cat__City_SOUTH GLENS FALLS,1.231529934517987e-13
cat__Connection_Date_2023-04-17 00:00:00,1.218516115830641e-13
cat__City_MEDFORD,1.2144736000333285e-13
cat__City_Stanfordvl,1.207781810029867e-13
cat__Connection_Date_2013-02-21 00:00:00,1.2077589928328705e-13
cat__Circuit_ID_BOP NWK,1.2027397397676153e-13
cat__Connection_Date_2016-10-26 00:00:00,1.1998369829274746e-13
cat__Circuit_ID_0063RO0276,1.1904439822116685e-13
cat__Connection_Date_2022-03-15 00:00:00,1.1901505488142186e-13
cat__Connection_Date_2014-01-14 00:00:00,1.18206646553716e-13
cat__Circuit_ID_90U3,1.1783757768925827e-13
cat__Division_019 - Herkimer,1.1759256333658782e-13
cat__Substation_MILL ST 748,1.170421022981689e-13
cat__Substation_NYS-DRESDEN 201,1.168694883615172e-13
cat__Circuit_ID_8AX653,1.1676064005455513e-13
cat__Connection_Date_2017-12-19 00:00:00,1.164880255528675e-13
cat__Circuit_ID_6BL259,1.1591943886891437e-13
cat__Developer_Alternative Power & Light,1.1525737578213396e-13
"cat__Developer_Twin Tier Solar & Wind, LLC",1.1429837499848316e-13
cat__Connection_Date_2023-04-06 00:00:00,1.142284226476592e-13
cat__City_LOCKPORT,1.1270705461990063e-13
cat__Substation_NYS-ENDICOTT RAILWAY 188,1.1258983934615893e-13
cat__Connection_Date_2014-08-29 00:00:00,1.1244125172986473e-13
cat__City_COHOES,1.1237019516882472e-13
cat__City_Penn yan,1.1231356846198882e-13
cat__Circuit_ID_5201798,1.1203632713785061e-13
cat__Substation_DELAWARE AVE 330,1.1176951905971627e-13
cat__Connection_Date_2020-08-17 00:00:00,1.1126953716812632e-13
cat__Substation_Rockview,1.1114665280276622e-13
cat__Substation_NYS-WEEDSPORT 628,1.111221180876686e-13
cat__Developer_Pacific Solar LLC,1.1099939490213545e-13
cat__Developer_Eastern Energy Systems,1.1036517071778918e-13
cat__City_Middle Village,1.0977884619245626e-13
cat__Connection_Date_2013-05-01 00:00:00,1.0971982545086e-13
cat__Circuit_ID_7ZM832,1.0889177935166139e-13
cat__Connection_Date_2018-06-12 00:00:00,1.0754002951480008e-13
cat__City_Delhi,1.0731478345825695e-13
cat__Connection_Date_2022-02-24 00:00:00,1.0659654699517579e-13
cat__Connection_Date_2010-04-14 00:00:00,1.06378650752085e-13
cat__Connection_Date_2019-05-23 00:00:00,1.0604389678438977e-13
cat__Connection_Date_2012-09-06 00:00:00,1.0591607803939861e-13
cat__Connection_Date_2012-04-04 00:00:00,1.0564724282905136e-13
cat__Substation_0063RO0276-1473 Chili AVE,1.051826243380148e-13
cat__Connection_Date_2011-05-24 00:00:00,1.041180752970286e-13
cat__Circuit_ID_2407617,1.0366194377690129e-13
cat__Connection_Date_2014-10-03 00:00:00,1.0364958762699875e-13
cat__Connection_Date_2013-08-28 00:00:00,1.031190609971578e-13
cat__Connection_Date_2022-03-16 00:00:00,1.0274293950681079e-13
cat__Circuit_ID_36_30_28251,1.0227671728146621e-13
cat__Connection_Date_2012-04-16 00:00:00,1.0166336241812962e-13
cat__Circuit_ID_7RM2L2,1.0157709655502453e-13
cat__Connection_Date_2012-07-23 00:00:00,1.01410595248122e-13
cat__Substation_NYS-DICK RD 392,1.0096674373701248e-13
cat__Developer_Sologistics,1.0091914627196651e-13
cat__Developer_Green Field Energy Solutions,1.006903003907317e-13
cat__Circuit_ID_9567,9.931337418804352e-14
cat__City_Coram,9.78268034223918e-14
cat__Connection_Date_2023-07-20 00:00:00,9.767647943125996e-14
cat__Connection_Date_2021-09-09 00:00:00,9.712123466907825e-14
cat__Connection_Date_2017-10-06 00:00:00,9.568795007829491e-14
cat__Circuit_ID_8HX4P3,9.518466121941424e-14
cat__City_CASTLETON,9.391775469359721e-14
cat__Connection_Date_2011-09-09 00:00:00,9.351908932403827e-14
cat__Substation_NYS-STICKNEY BRIDGE 210,9.31962853700699e-14
cat__Circuit_ID_7ZM834,9.262728013510054e-14
cat__Circuit_ID_36_32_25603,9.24510817729358e-14
cat__Substation_0194LS5116-Old State RD at RTE 370,9.168025559832535e-14
cat__Circuit_ID_36_01_21156,9.141819820892803e-14
cat__Substation_SWAGGERTOWN 364,9.132302227289157e-14
cat__Circuit_ID_29U3,8.876244332598714e-14
cat__Connection_Date_2022-03-02 00:00:00,8.870101774258828e-14
cat__Developer_UGE USA Inc,8.837569216077525e-14
cat__Connection_Date_2016-03-10 00:00:00,8.836610151627095e-14
"cat__Developer_Augusta Withington (Fourth Coast, Inc.)",8.719738364399087e-14
cat__Substation_Murray_Hill,8.609644851467785e-14
cat__Circuit_ID_6W804,8.567655253949446e-14
cat__Connection_Date_2010-08-27 00:00:00,8.549968502897538e-14
cat__City_Saint Albans,8.494637410968196e-14
cat__Substation_Kerhonkson,8.405793650623888e-14
cat__City_Pt Lookout,8.377038389463316e-14
cat__Circuit_ID_3H083,8.372736227341647e-14
cat__Circuit_ID_36_39_36951,8.332466624771327e-14
cat__Connection_Date_2011-11-21 00:00:00,8.31722850336705e-14
cat__Circuit_ID_FA NWK,8.256201330505256e-14
cat__Circuit_ID_0722RO0757,8.178472494850257e-14
cat__City_ENDICOTT,8.161671412212883e-14
cat__Developer_National Solar Technologies,8.153843648563324e-14
cat__Developer_3rdRocSolar,8.089947677171464e-14
cat__Substation_0195LS5151-Barclay RD,8.030820931750537e-14
cat__Connection_Date_2014-03-17 00:00:00,8.007162417388842e-14
cat__County_Genesee,7.95834210308399e-14
cat__City_Laurel,7.948891654147877e-14
cat__Developer_Premier Solar Solutions,7.942772819373846e-14
cat__County_Wyoming,7.91350061982492e-14
cat__City_Cntrl Islip,7.908290473067891e-14
cat__Circuit_ID_7MM847,7.899900153012381e-14
cat__Substation_Modena,7.796880054564797e-14
cat__Circuit_ID_7BH3K8,7.786324414655644e-14
cat__City_AU SABLE FORKS,7.779135545299254e-14
cat__Connection_Date_2014-08-14 00:00:00,7.688205490993411e-14
cat__Developer_Solar Liberty,7.571530014243142e-14
cat__Circuit_ID_8JA625,7.552617669152989e-14
cat__Division_011-Syracuse,7.52952485903441e-14
cat__Circuit_ID_2H378,7.484041628689665e-14
cat__Connection_Date_2016-07-01 00:00:00,7.476535453517326e-14
cat__Circuit_ID_6097,7.453603682569404e-14
cat__Connection_Date_2012-03-28 00:00:00,7.45062976091423e-14
cat__City_LAKE GEORGE,7.441959561351635e-14
cat__Circuit_ID_9A763,7.44167636310617e-14
cat__Circuit_ID_2X12,7.408276642420785e-14
cat__Connection_Date_2010-08-13 00:00:00,7.39662338776802e-14
cat__Circuit_ID_63-8-13,7.387893306664605e-14
cat__City_N SYRACUSE,7.386714246849385e-14
cat__Developer_Lighthouse Solar,7.366279610741535e-14
cat__City_LATHAM,7.354490723233692e-14
cat__Circuit_ID_4401201,7.341813189155942e-14
cat__Developer_Adam Hainer,7.31656858256228e-14
cat__Connection_Date_2018-02-05 00:00:00,7.285145175237231e-14
cat__Circuit_ID_8B7K5,7.194106905545504e-14
cat__Circuit_ID_3X64,7.176019262475501e-14
cat__Developer_Clean Energy Group,7.160136274747037e-14
cat__Circuit_ID_7024,7.07400559759288e-14
cat__City_MINEOLA,7.055954530809252e-14
cat__City_Babylon,7.029678474344334e-14
cat__Circuit_ID_8HX4P2,7.021120194146076e-14
cat__Connection_Date_2023-05-24 00:00:00,7.002225848579998e-14
cat__Connection_Date_2014-04-28 00:00:00,6.951898779055153e-14
cat__Connection_Date_2011-02-28 00:00:00,6.861259295673945e-14
cat__Developer_Venture Solar,6.849346502436314e-14
cat__Circuit_ID_4AH361,6.797142398023995e-14
cat__Substation_W_42_St_1,6.775576528480616e-14
cat__Developer_Apex Roofing dba Seamless Solar,6.731496533608956e-14
cat__City_Waterloo,6.709747316028472e-14
cat__Connection_Date_2011-10-11 00:00:00,6.704130557270935e-14
cat__Circuit_ID_6W63,6.689906832597723e-14
cat__Circuit_ID_9L767,6.685803439593978e-14
cat__Circuit_ID_2K544,6.678613676489994e-14
cat__Connection_Date_2018-11-09 00:00:00,6.651713110790911e-14
cat__Connection_Date_2013-08-16 00:00:00,6.62183347824355e-14
cat__Circuit_ID_1500114,6.557232003631345e-14
cat__Connection_Date_2018-11-13 00:00:00,6.52698351719286e-14
cat__Division_004 - Batavia,6.454249092815485e-14
cat__Connection_Date_2010-06-10 00:00:00,6.423820935935669e-14
cat__Substation_Tinkertown,6.420065353225381e-14
cat__Connection_Date_2022-03-24 00:00:00,6.413439228337491e-14
cat__Circuit_ID_36_04_0154,6.354677060100051e-14
cat__Connection_Date_2016-08-16 00:00:00,6.34866003180723e-14
cat__Circuit_ID_5Q43,6.347134081878572e-14
cat__Substation_NEWARK ST 300,6.341491922325772e-14
cat__Circuit_ID_3002,6.263074948777941e-14
cat__Circuit_ID_36_03_23253,6.1811111927658e-14
cat__Connection_Date_2019-10-23 00:00:00,6.173764004231232e-14
cat__Developer_Solar Energy Systems,6.143847769058452e-14
cat__Connection_Date_2014-12-19 00:00:00,6.13859851628688e-14
cat__Circuit_ID_36_17_62257,6.125196932770529e-14
cat__Circuit_ID_4X3P1,6.09666479500746e-14
cat__Connection_Date_2023-08-11 00:00:00,6.082911483989715e-14
cat__Circuit_ID_8W73,6.069828532939203e-14
cat__Connection_Date_2014-02-04 00:00:00,6.042981159885908e-14
cat__Connection_Date_2023-04-08 00:00:00,5.999052914544551e-14
cat__Circuit_ID_4202601,5.94455962183956e-14
cat__Connection_Date_2018-10-12 00:00:00,5.937092688801507e-14
cat__Developer_David Homes,5.903817413407213e-14
cat__Substation_VALLEY 594,5.898773116568935e-14
cat__Developer_Nicholas Moretti (Alternative Power Solutions of N,5.895411901130188e-14
cat__Developer_Go Solar/Green NY LLC,5.862683011991207e-14
cat__Substation_0089RO5218-3091 Winton Rd S,5.832251099048892e-14
cat__City_Montrose,5.831096189291927e-14
cat__Developer_Apex Solar,5.828136533905323e-14
cat__City_HERKIMER,5.782988662022006e-14
cat__Connection_Date_2011-03-03 00:00:00,5.773600117109467e-14
cat__Connection_Date_2011-10-06 00:00:00,5.76178307795968e-14
cat__Connection_Date_2009-11-18 00:00:00,5.759185943794379e-14
cat__Circuit_ID_SD2708,5.748192128909235e-14
cat__Circuit_ID_87U2,5.747203759973731e-14
cat__Circuit_ID_12W83,5.746784427138276e-14
cat__Connection_Date_2013-04-23 00:00:00,5.688586636923335e-14
cat__Developer_Alternative Power Solutions,5.6730001051928197e-14
cat__City_Northport,5.627048619294332e-14
cat__Circuit_ID_36_05_4361,5.624197033552262e-14
cat__Circuit_ID_3R048,5.614386114905894e-14
cat__Circuit_ID_36_11_13851,5.5647025074829604e-14
cat__Connection_Date_2011-09-29 00:00:00,5.537789914191848e-14
cat__Circuit_ID_5301571,5.463892779143581e-14
cat__Connection_Date_2015-06-22 00:00:00,5.4505366833997697e-14
cat__Connection_Date_2017-08-30 00:00:00,5.410711453980648e-14
cat__Connection_Date_2014-05-09 00:00:00,5.3803548952905907e-14
cat__City_Pt Wash,5.3632725182260294e-14
cat__Connection_Date_2022-04-26 00:00:00,5.3539525066541454e-14
cat__Substation_BATAVIA 1,5.332806377431333e-14
cat__Circuit_ID_36_14_25458,5.30032377567799e-14
cat__City_Catskill,5.268172211329055e-14
cat__Circuit_ID_87U1,5.2522142626555215e-14
cat__Circuit_ID_0722RO0709,5.2138732169736355e-14
cat__Connection_Date_2023-10-12 00:00:00,5.208317958401783e-14
cat__Substation_GALEVILLE 213,5.197909408932453e-14
cat__Circuit_ID_2MA572,5.160890437568627e-14
cat__Substation_NYS-STOLLE RD 551,5.1184850487338294e-14
cat__Substation_FOX_HILLS,5.025813870739443e-14
cat__Circuit_ID_7F778,5.014804027633847e-14
cat__Connection_Date_2022-08-05 00:00:00,5.013992849332562e-14
cat__City_Howard Beach,5.00790174581805e-14
cat__Substation_POLAND 622,4.998163276428858e-14
cat__Connection_Date_2021-04-12 00:00:00,4.992109692989325e-14
cat__Developer_AMS CONSTRUCTION CORP.,4.9913126438101714e-14
cat__Connection_Date_2020-11-25 00:00:00,4.985793375313638e-14
cat__City_STAMFORD,4.934303967278332e-14
cat__City_Alfred,4.931675867558637e-14
cat__Circuit_ID_9Q46,4.927455007904197e-14
cat__Connection_Date_2014-04-17 00:00:00,4.918920464933498e-14
cat__Connection_Date_2020-02-17 00:00:00,4.918248528445662e-14
cat__Connection_Date_2023-03-14 00:00:00,4.907722406685158e-14
cat__Connection_Date_2012-08-01 00:00:00,4.894829970950336e-14
cat__Connection_Date_2014-06-04 00:00:00,4.882161437227474e-14
cat__Connection_Date_2016-08-05 00:00:00,4.868929452443449e-14
cat__Connection_Date_2008-08-15 00:00:00,4.834479361176541e-14
cat__Connection_Date_2023-04-21 00:00:00,4.816156520869958e-14
cat__Circuit_ID_3B81,4.7533964084682306e-14
cat__Connection_Date_2012-09-04 00:00:00,4.7472229831545526e-14
cat__Circuit_ID_7J878,4.7003149589628855e-14
cat__Connection_Date_2014-12-02 00:00:00,4.6860714604845145e-14
cat__City_O Bethpage,4.674008560743924e-14
cat__Circuit_ID_1109706,4.646690377046459e-14
cat__Substation_Cedar_Street,4.640362685128374e-14
cat__Circuit_ID_3W001,4.613137088860785e-14
cat__Connection_Date_2010-11-01 00:00:00,4.598026629410213e-14
cat__Circuit_ID_7EM7H2,4.59775398004361e-14
cat__Circuit_ID_36_03_10558,4.5809986805719095e-14
cat__Connection_Date_2016-08-22 00:00:00,4.5640857866154865e-14
cat__Developer_ETM Solar Works,4.540276130491668e-14
cat__Connection_Date_2010-07-08 00:00:00,4.491944198999332e-14
cat__City_Island Park,4.4646558840474836e-14
cat__Circuit_ID_2R92,4.442930564346481e-14
cat__Developer_IPP Solar,4.4297154406469605e-14
cat__Substation_LYME 733,4.404316992428051e-14
cat__City_Valley Strm,4.398449800472754e-14
cat__Developer_Solar One Energy,4.3728473746485863e-14
cat__Substation_Boulevard,4.28653914267266e-14
cat__Circuit_ID_14W10,4.285165273913013e-14
cat__Connection_Date_2019-08-05 00:00:00,4.278893382607927e-14
cat__Circuit_ID_7Q82,4.276889293127456e-14
cat__Substation_HANCOCK 2 - 138,4.2466624808127056e-14
cat__Substation_8EX,4.219516959569326e-14
cat__Circuit_ID_9Z807,4.120193502265769e-14
cat__Connection_Date_2019-01-10 00:00:00,4.1177768261282595e-14
cat__City_Orchard Park,4.0985328833849857e-14
cat__Connection_Date_2014-11-04 00:00:00,4.071207118069308e-14
cat__City_Armonk,4.047482467119264e-14
"cat__Developer_MEMO-Cogen, Inc",3.950744044406744e-14
cat__City_Weedsport,3.880963278945025e-14
cat__Developer_Frey Electric,3.8596174546516696e-14
cat__Circuit_ID_36_05_438151,3.832857627288478e-14
cat__Circuit_ID_36_31_30057,3.827576154844394e-14
cat__Circuit_ID_4X60,3.813303938665997e-14
cat__Substation_NYS-TILLY FOSTER 442,3.7844884117536915e-14
cat__Substation_NYS-STILLWATER 215,3.780110157399968e-14
cat__Circuit_ID_7M9P9,3.767556577852486e-14
cat__Connection_Date_2019-03-20 00:00:00,3.767133208686651e-14
cat__Circuit_ID_PE NWK,3.7650736042345734e-14
cat__Circuit_ID_SE NWK,3.75716767119173e-14
cat__Substation_NYS-KLINE KILL 630,3.730785209941159e-14
cat__City_Hector,3.677001539066263e-14
cat__Connection_Date_2023-05-03 00:00:00,3.6695666415554105e-14
cat__Circuit_ID_4X58,3.6578076777899045e-14
cat__Connection_Date_2021-09-07 00:00:00,3.6510273712777683e-14
cat__Developer_Green Power Solution,3.648556885871051e-14
cat__Circuit_ID_6H533,3.627160137266943e-14
cat__Developer_Astrum Solar,3.576151501519801e-14
cat__Connection_Date_2017-05-30 00:00:00,3.572968620337834e-14
cat__Substation_PATROON 323,3.5711959546567246e-14
cat__City_East Meadow,3.5254609909911054e-14
cat__Connection_Date_2022-12-01 00:00:00,3.44408958757218e-14
cat__Substation_Converse St,3.4355495491191786e-14
cat__City_LIVERPOOL,3.4325825835020847e-14
cat__Circuit_ID_4300902,3.340398927891826e-14
cat__Circuit_ID_7BH3K5,3.324010797203263e-14
cat__Connection_Date_2022-06-17 00:00:00,3.319597166601648e-14
cat__Circuit_ID_5MK315,3.313666539992671e-14
cat__City_NEWPORT,3.312281499325969e-14
cat__Developer_Empire Solar Store,3.301637473880462e-14
cat__Substation_7Z,3.280001283283615e-14
cat__Circuit_ID_9B02,3.2791407777599926e-14
cat__Developer_New York Power Solutions,3.271844098418275e-14
cat__Substation_NYS-BLOSSOM 312,3.270071444804279e-14
cat__Connection_Date_2023-11-08 00:00:00,3.260066122664071e-14
cat__Developer_New York Solar Solutions LLC,3.2411827287593036e-14
cat__Circuit_ID_7RM1K6,3.2375419353288985e-14
cat__City_Floral Park,3.1900691229797716e-14
cat__Circuit_ID_9K976,3.170174462395175e-14
cat__City_New Paltz,3.1324997621905426e-14
cat__City_Bedford,3.0792605812226976e-14
cat__Circuit_ID_8E493,3.0604012459351415e-14
"cat__Developer_Jillian LeFevre (Kasselman Solar, LLC)",3.05869903669982e-14
cat__Connection_Date_2023-11-29 00:00:00,3.043540966211151e-14
cat__Connection_Date_2011-10-24 00:00:00,3.0416079859015653e-14
cat__Connection_Date_2011-05-09 00:00:00,3.04142649651522e-14
cat__Connection_Date_2014-12-11 00:00:00,3.0200508797947393e-14
cat__Connection_Date_2012-04-10 00:00:00,3.0189102770399035e-14
cat__Circuit_ID_3AG226,2.973323749253856e-14
cat__City_CROGHAN,2.963089115130909e-14
cat__Connection_Date_2013-05-24 00:00:00,2.9587308963714085e-14
cat__Connection_Date_2013-07-30 00:00:00,2.934778857217091e-14
cat__City_Hunt Sta,2.92669689381433e-14
cat__City_Ulster Pk,2.9127524671654106e-14
cat__Developer_Finger Lakes Power Systems,2.9110584582360197e-14
cat__Connection_Date_2022-03-04 00:00:00,2.8777927093076984e-14
cat__Substation_NYS-PALMITER RD 371,2.852610010962257e-14
cat__Circuit_ID_85U1,2.8461107236607824e-14
cat__Substation_Manchester,2.841306437389228e-14
cat__Circuit_ID_9X797,2.8369870572838798e-14
cat__City_Amagansett,2.8332223306035207e-14
cat__Circuit_ID_1072,2.8320572606392346e-14
cat__City_Kenoza Lake,2.8276467205392258e-14
cat__Circuit_ID_5R14,2.818871772980127e-14
cat__Circuit_ID_1106120,2.8154502643718942e-14
"cat__Developer_Alternative Power Solutions of NY, LLC",2.7856605569343577e-14
cat__Circuit_ID_3102201,2.7799375462118026e-14
"cat__Developer_REpower, LLC",2.767419065695095e-14
cat__Circuit_ID_23-2-13,2.7643217832999214e-14
cat__City_BIG FLATS,2.76124851869591e-14
cat__Developer_Gallant Electrical Construction Inc.,2.760268987353674e-14
cat__Connection_Date_2014-11-18 00:00:00,2.7480935168720295e-14
cat__Connection_Date_2016-09-26 00:00:00,2.7377298597873944e-14
cat__Connection_Date_2009-01-02 00:00:00,2.7334094036989205e-14
cat__Circuit_ID_2001,2.7189502411343343e-14
cat__Circuit_ID_3107301,2.71507222718759e-14
cat__Developer_Sun Energy Group,2.697813820106772e-14
cat__Connection_Date_2010-12-29 00:00:00,2.6848816558003446e-14
cat__Connection_Date_2014-08-27 00:00:00,2.684415298628327e-14
cat__Division_040 - Warrensburg,2.6828540610052056e-14
cat__Circuit_ID_9.00E+178,2.682524765198287e-14
cat__Connection_Date_2020-05-22 00:00:00,2.6401950471770413e-14
cat__Connection_Date_2015-07-27 00:00:00,2.6358368573482167e-14
cat__City_Trumansburg,2.5995455309514458e-14
cat__Developer_Julie Montenegro (American Energy Care / AEC Solar,2.585609522714695e-14
cat__Substation_7M,2.583223459920513e-14
"cat__Developer_Vivint Solar Delveloper, LLC",2.567020749842646e-14
cat__City_WATER MILL,2.5620070784675265e-14
cat__Circuit_ID_8ED3H4,2.5364544536538574e-14
cat__Substation_BUFFALO STATION 25 - TONOWANDA & REVIEW,2.5125005074365412e-14
cat__City_Wallkill,2.5113788970075877e-14
cat__Circuit_ID_36_30_02158,2.5066938505749612e-14
cat__Connection_Date_2021-12-21 00:00:00,2.504307246501948e-14
cat__City_CHITTENANGO,2.475608579677453e-14
cat__City_Spring Brook,2.4679162154143514e-14
cat__Connection_Date_2023-01-24 00:00:00,2.463151609040623e-14
cat__Circuit_ID_7DM564,2.4594672590810705e-14
cat__Developer_Eastern Energy System,2.4593828225829188e-14
cat__Circuit_ID_4202901,2.436276763409144e-14
cat__Developer_Emmylou Edwards (Skyline Solar Inc. - NY),2.3947947118226523e-14
cat__Substation_Ohioville,2.3926251738154625e-14
cat__Developer_Dominion Construction,2.3658587041477302e-14
cat__Developer_New York Solar Solutions,2.3651372703254377e-14
cat__City_Mount Sinai,2.3607640600251686e-14
cat__City_CLINTON,2.3388953510359212e-14
cat__Developer_Pearl Scott (Renewable Rochester),2.3267610758868833e-14
cat__Connection_Date_2011-03-09 00:00:00,2.326474998672434e-14
cat__City_STONY POINT,2.3217208144496203e-14
cat__Substation_0039RO0293-39 Boxart ST,2.3166362199989697e-14
"cat__Developer_Shannon Hartz (Kasselman Solar, LLC)",2.3100960710144727e-14
cat__Circuit_ID_9B724,2.3013905727054886e-14
cat__Substation_4B,2.2958717495901064e-14
cat__Connection_Date_2019-12-03 00:00:00,2.29069942212443e-14
cat__Connection_Date_2015-12-22 00:00:00,2.2583703993245542e-14
cat__Connection_Date_2021-05-14 00:00:00,2.234350188970908e-14
cat__Circuit_ID_BPS NWK,2.2323043919681093e-14
cat__Substation_3AG,2.2297500416000967e-14
cat__Connection_Date_2009-12-11 00:00:00,2.2173770013832485e-14
cat__Circuit_ID_7B51,2.2023094996543507e-14
cat__Developer_Solar Design Associates,2.197705799156542e-14
cat__Developer_Sea Bright Solar LLC,2.1700349028543795e-14
cat__Substation_NYS-LEHIGH ST 603,2.164767324918894e-14
cat__Circuit_ID_4J491,2.1070128042544393e-14
cat__Developer_Infinity Solar,2.106090005666173e-14
cat__City_Castile,2.101036129584478e-14
cat__Substation_NYS-GOLDEN BRIDGE 420,2.0765499253477984e-14
"cat__Developer_Tina DeKing (CNY Solar, LLC)",2.0720065098162042e-14
cat__Connection_Date_2022-11-23 00:00:00,2.06456175803564e-14
cat__Connection_Date_2019-04-03 00:00:00,2.0598834393829884e-14
cat__Circuit_ID_5011,2.048122341338001e-14
cat__Circuit_ID_121,2.0385798845106093e-14
cat__Circuit_ID_6UL855,2.0324092139831916e-14
cat__Circuit_ID_7W8N7,2.0263199780961967e-14
cat__Connection_Date_2017-04-04 00:00:00,2.0238193905025887e-14
cat__City_YOUNGSTOWN,2.0233912483020178e-14
cat__Developer_BERGER QUALITY ELECTRIC,2.0192036850866224e-14
cat__Division_015 - Oswego,2.0055077433962495e-14
cat__Connection_Date_2022-01-05 00:00:00,2.0026999707526457e-14
cat__Connection_Date_2015-03-17 00:00:00,1.996755562048393e-14
cat__Division_037-Cobleskill,1.9921970550394076e-14
cat__Developer_Atlantech Solar,1.9771681853267063e-14
cat__Connection_Date_2015-09-01 00:00:00,1.9600578711440313e-14
cat__Substation_DUGUID 265,1.9500884885008277e-14
cat__Substation_NYS-EAST ITHACA 404,1.9440108602067872e-14
cat__Connection_Date_2008-09-11 00:00:00,1.9355582239850365e-14
cat__Connection_Date_2012-10-11 00:00:00,1.9263755563795245e-14
cat__Substation_BREMEN 815,1.9200335395650397e-14
cat__Circuit_ID_5K010,1.9158413613265717e-14
cat__Circuit_ID_6Q82,1.911025712209959e-14
cat__Connection_Date_2015-11-27 00:00:00,1.9090758532069666e-14
cat__Connection_Date_2013-07-15 00:00:00,1.908968967682697e-14
cat__City_ROSLYN,1.9033567042725625e-14
cat__Circuit_ID_13W74,1.897687362476674e-14
cat__Circuit_ID_36_17_60452,1.8973716544176264e-14
cat__Connection_Date_2023-12-11 00:00:00,1.8964768404069552e-14
cat__Connection_Date_2019-06-21 00:00:00,1.8857724603716454e-14
cat__Connection_Date_2016-08-12 00:00:00,1.871055993073511e-14
cat__Circuit_ID_36_10_2462,1.867355696865977e-14
cat__Connection_Date_2012-03-08 00:00:00,1.8660010947667814e-14
cat__Developer_III Electric,1.8530377651645744e-14
cat__Connection_Date_2017-12-08 00:00:00,1.8478536447736282e-14
cat__Circuit_ID_8ED3H5,1.8464643865267257e-14
cat__Developer_Quest Home Improvement Inc.,1.844179769663935e-14
cat__Connection_Date_2022-08-08 00:00:00,1.8320772797893565e-14
cat__Developer_Sunrise Power Solutions LLC,1.8262557267404273e-14
cat__Connection_Date_2015-03-16 00:00:00,1.824873483964019e-14
cat__Circuit_ID_14W03,1.8046724362473116e-14
"cat__Developer_Lori Neumann (Fourth Coast, Inc.)",1.7972112197403047e-14
"cat__Developer_Sunrise Solar Solutions, LLC",1.7963218443872775e-14
cat__Circuit_ID_3103101,1.7942460861164828e-14
cat__Circuit_ID_4301701,1.7937974984627978e-14
cat__City_WARWICK,1.7739406844630706e-14
cat__City_LOUDONVILLE,1.770233863441313e-14
cat__Connection_Date_2014-10-07 00:00:00,1.7692314598145222e-14
"cat__Developer_EMSA Solar, LLC",1.7673817664824417e-14
cat__Connection_Date_2021-06-28 00:00:00,1.7626736323478104e-14
cat__Circuit_ID_9E934,1.758575921047116e-14
cat__Connection_Date_2015-01-23 00:00:00,1.745847657513422e-14
cat__Connection_Date_2011-07-28 00:00:00,1.7374621153604768e-14
cat__Circuit_ID_36_11_26551,1.7319543184142204e-14
cat__City_BATAVIA,1.713311559277921e-14
cat__Connection_Date_2020-12-10 00:00:00,1.7123706743905157e-14
cat__Connection_Date_2010-05-10 00:00:00,1.7005923697118414e-14
cat__Developer_Sunrun_ Inc.,1.6940716809948933e-14
cat__Circuit_ID_9C5K1,1.6865529700783852e-14
cat__City_BALDWIN,1.6844254774206213e-14
cat__Substation_NYS-HAMMONDSPORT 243,1.6803111591063178e-14
cat__Circuit_ID_0056RO5305,1.669968800338762e-14
"cat__Developer_Buffalo Solar Solutions, Inc",1.6691595678796784e-14
cat__Substation_NYS-DELHI 210,1.6581495339643355e-14
cat__Division_032-Schenectady,1.6363630747239893e-14
cat__Connection_Date_2014-09-11 00:00:00,1.631372844417111e-14
cat__Circuit_ID_36_32_36452,1.63079133587399e-14
cat__Connection_Date_2023-01-23 00:00:00,1.6228441593087657e-14
cat__City_WILLIAMSVILLE,1.611678835649457e-14
cat__Developer_P2P Energy Systems,1.5916882984657605e-14
cat__Connection_Date_2015-10-19 00:00:00,1.5909187514388826e-14
cat__Connection_Date_2021-07-02 00:00:00,1.58625943830511e-14
cat__Connection_Date_2014-07-21 00:00:00,1.584056338281681e-14
cat__Circuit_ID_5203843,1.5464654765032238e-14
cat__Connection_Date_2013-10-23 00:00:00,1.5436693112342654e-14
cat__Circuit_ID_6Q83,1.5400792656997607e-14
cat__Substation_YOUNGSTOWN 88,1.539653230583733e-14
cat__Circuit_ID_3D389,1.5262621836470296e-14
cat__City_SHELTER IS,1.525274648206639e-14
cat__Substation_NYS-GOSS RD 398,1.518646835615731e-14
cat__Substation_0056RO5305-170 W Jefferson RD,1.512955441644887e-14
cat__Connection_Date_2010-02-19 00:00:00,1.502145722971141e-14
cat__Connection_Date_2023-09-06 00:00:00,1.4998531658201793e-14
cat__City_Oneonta,1.4887248359632053e-14
cat__Circuit_ID_9DF2K2,1.4824526439550746e-14
cat__Circuit_ID_17W37,1.482199208930829e-14
cat__Substation_BIRCH AVE 322,1.4817568649546904e-14
cat__Connection_Date_2018-08-13 00:00:00,1.4801772472044755e-14
cat__Developer_MOMENTUM SOLAR,1.4747027930028892e-14
cat__Connection_Date_2018-08-28 00:00:00,1.4712644099570363e-14
cat__City_Hampt Bays,1.4572368624803883e-14
cat__City_Lagrangevl,1.4426812333766864e-14
cat__Substation_Marlboro,1.4400236497396382e-14
cat__Circuit_ID_36_32_26553,1.433447763291817e-14
cat__Connection_Date_2012-04-06 00:00:00,1.433404407956124e-14
cat__Circuit_ID_4M037,1.4317998088403833e-14
cat__Connection_Date_2017-06-26 00:00:00,1.4282155598838964e-14
cat__Circuit_ID_BBR NWK,1.422546719750829e-14
cat__City_Queens Village,1.412025808238e-14
cat__City_East Aurora,1.4097655792274255e-14
cat__City_Bridgehmptn,1.4091845948304442e-14
cat__Connection_Date_2019-07-01 00:00:00,1.4064467820574994e-14
cat__Circuit_ID_3R31,1.3953886137294055e-14
cat__Circuit_ID_2AR1L4,1.3890584362279355e-14
cat__Connection_Date_2012-02-07 00:00:00,1.3812093120453045e-14
cat__Developer_R&B Quality Electric Inc,1.3647390199867063e-14
cat__Developer_Infinity Solar Systems,1.3567186896937173e-14
cat__Connection_Date_2019-03-04 00:00:00,1.354222716896948e-14
cat__Circuit_ID_0039RO0293,1.3475367716960993e-14
cat__Circuit_ID_36_03_8862,1.345473862910738e-14
cat__Circuit_ID_1014,1.3451429729011356e-14
cat__City_CORNING,1.3391267525632881e-14
cat__Circuit_ID_13-2-13,1.3383866132812453e-14
cat__Connection_Date_2018-01-29 00:00:00,1.3302686190624412e-14
cat__City_EDGEMERE,1.3271686973477298e-14
cat__City_Croton-On-Hudson,1.3245714434162371e-14
cat__Circuit_ID_106U2,1.3154289876113604e-14
cat__Circuit_ID_5031,1.313434816551515e-14
cat__Connection_Date_2022-12-08 00:00:00,1.3018075269919497e-14
cat__Connection_Date_2023-11-03 00:00:00,1.3007481696005428e-14
cat__Connection_Date_2021-03-08 00:00:00,1.2992957421587348e-14
cat__Connection_Date_2010-12-28 00:00:00,1.2912097876526533e-14
cat__Connection_Date_2015-12-14 00:00:00,1.2888204760382759e-14
cat__Connection_Date_2011-06-06 00:00:00,1.2886098201959268e-14
cat__Substation_4J,1.2751976713375777e-14
cat__Developer_Jeremy McCool (Buffalo Solar Solutions),1.2638356703285332e-14
cat__City_Lido Beach,1.2580856317621374e-14
cat__Substation_9Z,1.2511508328047809e-14
cat__City_LAKEVILLE,1.2499814957099424e-14
cat__Circuit_ID_36_17_64659,1.2367482912645389e-14
cat__Substation_NYS-SLEIGHT RD 546,1.2344510122200844e-14
cat__Connection_Date_2023-05-19 00:00:00,1.234319654095639e-14
cat__Connection_Date_2020-10-13 00:00:00,1.2292480378612307e-14
cat__Substation_Seaport_1,1.228561084173644e-14
cat__Circuit_ID_36_30_32354,1.2249936144493123e-14
cat__Connection_Date_2014-10-31 00:00:00,1.2197101597069382e-14
cat__Connection_Date_2017-11-08 00:00:00,1.2120693707738788e-14
cat__Substation_BUFFALO STATION 40 - WILLIAM & CENTRAL,1.2105360573158283e-14
cat__Substation_0722RO0709-1200 Brooks Ave,1.2099006273277467e-14
cat__Connection_Date_2014-12-26 00:00:00,1.1998501193829279e-14
cat__Circuit_ID_4R54,1.1961212007757335e-14
cat__Circuit_ID_6S2L4,1.1956799095633856e-14
cat__Connection_Date_2021-09-24 00:00:00,1.1955787214905238e-14
cat__Substation_FRANKLINVILLE 24,1.195234248011452e-14
cat__Substation_Stanfordville,1.1936039458090123e-14
cat__Division_015-Oswego,1.1729588864078199e-14
cat__Connection_Date_2011-09-28 00:00:00,1.1682497152571083e-14
cat__Substation_North Catskill,1.165624211274721e-14
cat__Division_030-Albany,1.1626760511842755e-14
cat__Connection_Date_2011-01-11 00:00:00,1.1576491005843707e-14
cat__Circuit_ID_36_35_04353,1.1574841003036025e-14
cat__Connection_Date_2014-08-22 00:00:00,1.1568045804961801e-14
cat__Connection_Date_2017-12-16 00:00:00,1.148759049463416e-14
cat__City_Mineola,1.1486742172319121e-14
cat__City_Pleasant Vly,1.1467258744763307e-14
cat__City_NIAGARA FALLS,1.1389633018970435e-14
cat__Substation_Reynolds Hill,1.1362389398341698e-14
cat__City_Waterville,1.1356180585878531e-14
cat__Connection_Date_2015-01-06 00:00:00,1.1343595199870938e-14
cat__Connection_Date_2021-11-05 00:00:00,1.1276972560421802e-14
cat__Circuit_ID_6Q38,1.1171216186600139e-14
cat__Circuit_ID_6Q665,1.115647369573927e-14
cat__Circuit_ID_0184GV1203,1.1125274186210977e-14
cat__Circuit_ID_7RM1K7,1.1121583538409199e-14
cat__Circuit_ID_4042,1.1068267544082183e-14
cat__Connection_Date_2018-05-14 00:00:00,1.1005678615255657e-14
cat__Substation_AYER RD 211,1.0994730371216025e-14
cat__City_Jeffersonville,1.0992022393295237e-14
cat__Connection_Date_2012-05-18 00:00:00,1.0948003805202195e-14
cat__Circuit_ID_8E827,1.0933959024019981e-14
cat__Circuit_ID_36_32_28186,1.0911116708308697e-14
cat__Connection_Date_2011-05-25 00:00:00,1.0879141000170367e-14
cat__Connection_Date_2023-01-09 00:00:00,1.0878340942613511e-14
cat__Connection_Date_2020-02-10 00:00:00,1.0874725758056152e-14
cat__Circuit_ID_6K9P4,1.0863171885831049e-14
cat__Connection_Date_2012-06-15 00:00:00,1.0839112483086473e-14
cat__Circuit_ID_7D9H8,1.0724734133467263e-14
cat__Developer_Travis Sherman (Albany Solar Solutions LLC),1.0643351078332577e-14
cat__Circuit_ID_6K447,1.0594761440327414e-14
cat__Connection_Date_2011-03-28 00:00:00,1.0534694118356114e-14
cat__Developer_Direct Energy Solar,1.049916719919225e-14
cat__Substation_SONORA WAY,1.0354562812871752e-14
cat__Substation_BURDECK ST 265,1.0333158760573566e-14
cat__Developer_Empire Solar Solutions,1.0259319154804977e-14
cat__Connection_Date_2015-05-13 00:00:00,1.024620208344983e-14
cat__City_Bridgehampton,1.021262646269812e-14
cat__Connection_Date_2020-06-05 00:00:00,1.019098386521463e-14
cat__Connection_Date_2022-10-17 00:00:00,1.0179119482309866e-14
cat__Connection_Date_2020-08-21 00:00:00,1.0174726603766854e-14
cat__Developer_Bryan Waryjasz (Comalli Group Inc),1.0158764459215924e-14
cat__Circuit_ID_6BL129,1.0083566435698605e-14
cat__Connection_Date_2016-08-19 00:00:00,1.0072797876187048e-14
cat__City_Tuckahoe,1.0061443471944488e-14
cat__Connection_Date_2021-07-27 00:00:00,1.0060120046433542e-14
cat__Developer_Sunrise Energy Concepts,1.005358541012224e-14
cat__City_Jackson Heights,1.0002205309481907e-14
cat__Circuit_ID_3LG419,9.960063162658167e-15
cat__Developer_Steed Energy,9.864232052109155e-15
cat__Circuit_ID_2042,9.861974725844496e-15
cat__Connection_Date_2019-10-11 00:00:00,9.856986423849072e-15
cat__Circuit_ID_6BR2N5,9.835509199303243e-15
cat__Circuit_ID_36_26_81454,9.815096084961691e-15
cat__City_Gardiner,9.686137588087893e-15
cat__Substation_SHORE RD 281,9.655206168084643e-15
cat__Connection_Date_2009-10-06 00:00:00,9.649175659736858e-15
cat__Connection_Date_2014-10-27 00:00:00,9.569261744372127e-15
cat__Connection_Date_2017-06-23 00:00:00,9.557394564236519e-15
cat__Substation_NYS-BOUCKVILLE 012,9.556863610388117e-15
cat__Connection_Date_2022-05-09 00:00:00,9.510148173875521e-15
cat__Substation_CLINTON 604,9.473558949901919e-15
cat__Circuit_ID_36_11_29155,9.44412471951832e-15
cat__Connection_Date_2014-11-25 00:00:00,9.385329001077847e-15
cat__Connection_Date_2020-06-15 00:00:00,9.369907857184438e-15
cat__Circuit_ID_36_11_28654,9.352402195711994e-15
cat__City_Kew Gardens,9.293692939555797e-15
cat__Circuit_ID_5U097,9.288600769564568e-15
cat__City_FORESTPORT,9.257636881907831e-15
cat__Connection_Date_2021-06-26 00:00:00,9.249854011260806e-15
cat__Circuit_ID_0132LS5293,9.219150608220876e-15
cat__Circuit_ID_2W458,9.083426492803597e-15
cat__Connection_Date_2008-11-12 00:00:00,9.017358404896813e-15
cat__Circuit_ID_8RX741,8.923584650227338e-15
cat__Connection_Date_2016-09-29 00:00:00,8.89516199749009e-15
cat__City_Croton-on-Hudson,8.89276946679424e-15
cat__Connection_Date_2016-12-22 00:00:00,8.873218546579307e-15
cat__Connection_Date_2018-03-28 00:00:00,8.867508833985202e-15
cat__Circuit_ID_2307210,8.839965134820925e-15
cat__City_PHELPS,8.835261628348633e-15
cat__City_W Babylon,8.725436007948683e-15
cat__Connection_Date_2022-05-20 00:00:00,8.711794517720266e-15
cat__City_Marlboro,8.69645801205035e-15
cat__Circuit_ID_6Q672,8.691650850467483e-15
cat__Circuit_ID_8J685,8.671334636178845e-15
cat__Substation_N. CREEK 122,8.643225218476495e-15
cat__Connection_Date_2023-06-15 00:00:00,8.636278884501085e-15
cat__City_LINDENHURST,8.633135999631637e-15
cat__City_TONAWANDA,8.628013978342049e-15
cat__Circuit_ID_36_23_81557,8.569704098789865e-15
cat__Developer_American Solar Partners,8.543291429731396e-15
cat__Circuit_ID_36_01_6163,8.509963210286093e-15
cat__Circuit_ID_4047,8.466275710025568e-15
cat__Substation_0184GV1203-Short Tract RD,8.44452911591282e-15
cat__Circuit_ID_3X70,8.437052210569616e-15
cat__Circuit_ID_36_01_5264,8.372165514946244e-15
cat__Developer_Halco Renewable Energy,8.352593323766955e-15
cat__City_Atlantic Beach,8.348784386246311e-15
cat__Substation_DELPHI 262,8.330617165117708e-15
cat__City_Somers,8.304279216545709e-15
cat__Circuit_ID_9B11,8.295969404412326e-15
cat__City_Manhasset,8.244373794059737e-15
cat__Circuit_ID_4022,8.241391982926256e-15
cat__Circuit_ID_2402229,8.223596484326365e-15
cat__Circuit_ID_7XM997,8.169712092086325e-15
cat__City_Pittsford,8.164684396482667e-15
cat__Circuit_ID_372,8.143232367064982e-15
cat__Circuit_ID_2K535,8.124632670723111e-15
cat__City_Lake Ronkonkoma,8.059134270798579e-15
cat__Connection_Date_2018-04-19 00:00:00,8.029962626055727e-15
cat__Connection_Date_2014-09-17 00:00:00,7.99329604745224e-15
cat__Developer_Solar Home NJ LLC,7.99082932687304e-15
cat__Circuit_ID_TUCKHO2,7.97717771758991e-15
cat__Circuit_ID_4207946,7.960073711487871e-15
cat__Circuit_ID_4X3P3,7.919388889654437e-15
"cat__Developer_Bridgette Martin (Solar Liberty Energy Systems, In",7.918722077453401e-15
cat__Connection_Date_2020-09-28 00:00:00,7.905004822403108e-15
cat__City_VOORHEESVILLE,7.868294942979387e-15
"cat__Developer_Kevin Nickels (Nickels Energy Solutions, LLC)",7.78660075296778e-15
cat__Circuit_ID_5R19,7.779698360932063e-15
cat__Substation_NYS-FRENCH WOODS 217,7.774869912040207e-15
cat__Connection_Date_2023-11-01 00:00:00,7.724803367231097e-15
cat__Connection_Date_2011-05-17 00:00:00,7.692845968641717e-15
cat__Connection_Date_2022-03-01 00:00:00,7.670349621325839e-15
cat__Substation_BUFFALO AVE 215,7.665858298265793e-15
cat__Connection_Date_2017-01-09 00:00:00,7.652480039003262e-15
cat__Substation_NYS-MARIETTA 511,7.607152594504175e-15
cat__Connection_Date_2016-01-12 00:00:00,7.603250612544891e-15
cat__Connection_Date_2018-09-14 00:00:00,7.589005606962603e-15
cat__City_Forestburgh,7.543254299936354e-15
cat__City_HAGAMAN,7.51529921057321e-15
cat__Substation_7EM,7.472751449351478e-15
cat__Circuit_ID_4302206,7.443132479667661e-15
cat__Circuit_ID_5043,7.438553990806779e-15
cat__Connection_Date_2015-08-14 00:00:00,7.423354361947646e-15
cat__Developer_Level Solar,7.418866810325816e-15
cat__Circuit_ID_9DF2K7,7.376321807774775e-15
cat__City_Rye,7.372890690865713e-15
cat__Substation_NYS-CHESTNUT RIDGE 191,7.344204083521545e-15
cat__Developer_Empire Solar Solutions LLC,7.32287698372698e-15
cat__Connection_Date_2014-05-29 00:00:00,7.320260313036188e-15
cat__Connection_Date_2021-10-04 00:00:00,7.31863375070493e-15
cat__Circuit_ID_6U696,7.3062438489464e-15
cat__City_BALLSTON LAKE,7.292829266359601e-15
cat__Connection_Date_2022-10-21 00:00:00,7.287252510270567e-15
cat__City_FLANDERS,7.262392551697525e-15
cat__Connection_Date_2012-01-17 00:00:00,7.254367995171403e-15
cat__Developer_Sun Run Solar,7.238701151936838e-15
cat__Substation_SORRELL HILL 269,7.235921272039663e-15
cat__Substation_NYS-EAST AURORA 346,7.233179484057694e-15
cat__City_Huntington Bay,7.224555272005897e-15
cat__Circuit_ID_36_39_41551,7.186405349562898e-15
cat__Developer_Ippsolar,7.138455395283276e-15
cat__Circuit_ID_3R049,7.129133934393572e-15
cat__Circuit_ID_7M755,7.116216550409209e-15
cat__City_DIX HILLS,7.114595057620935e-15
cat__City_Islandia,7.0419021344704565e-15
cat__Connection_Date_2016-09-16 00:00:00,6.901460639297553e-15
cat__Connection_Date_2011-06-08 00:00:00,6.850131817740237e-15
cat__Connection_Date_2015-10-14 00:00:00,6.8356413469868524e-15
cat__Developer_Green Leaf Solar,6.828844501062167e-15
cat__Substation_BUFFALO STATION 61 - HUTH RD,6.767748271732723e-15
cat__Connection_Date_2022-12-31 00:00:00,6.74803418722806e-15
cat__Circuit_ID_8MR907,6.720932631574089e-15
cat__Circuit_ID_36_30_17851,6.693465024270504e-15
cat__Circuit_ID_8T2P6,6.612230948894786e-15
cat__Connection_Date_2010-09-13 00:00:00,6.589179651125216e-15
cat__Circuit_ID_1107242,6.5782217521319695e-15
cat__Substation_7BH,6.5618146230353435e-15
cat__Substation_0722RO0757-1200 Brooks Ave,6.517327894097892e-15
cat__City_Merrick,6.434135922325361e-15
cat__Circuit_ID_36_03_21556,6.403759708990101e-15
cat__Connection_Date_2012-03-12 00:00:00,6.389277843407222e-15
cat__Circuit_ID_5X61,6.362293698235385e-15
cat__Connection_Date_2010-01-06 00:00:00,6.338234852027718e-15
cat__Circuit_ID_6H541,6.281111002783882e-15
cat__City_SUFFERN,6.2293024424879585e-15
cat__Connection_Date_2011-09-21 00:00:00,6.19137515596009e-15
cat__City_Rego Park,6.137223333480197e-15
"cat__Developer_SunPower Capital, LLC",6.133759353839643e-15
cat__Circuit_ID_6D615,6.133658474526328e-15
cat__City_WEST NYACK,6.1190305197018124e-15
cat__City_WHAMPT BCH,6.1094734681836174e-15
"cat__Developer_Benjamin Fouse (Green Volt Solutions, LLC)",6.09494195357455e-15
cat__Substation_NYS-MILO 201,6.072410407160037e-15
cat__City_MALDEN BRIDGE,6.063856383267625e-15
cat__City_Chatham,6.06301246179758e-15
cat__Circuit_ID_19-10-13,6.045171052307604e-15
cat__Developer_Group Solar USA,6.008354640367799e-15
cat__Connection_Date_2017-05-11 00:00:00,5.930998608781499e-15
cat__Connection_Date_2023-04-04 00:00:00,5.929391801356158e-15
cat__Developer_Atlantean Solar LLC,5.917177290308737e-15
cat__Substation_BUFFALO STATION 77 - EAST AVE,5.904191771697698e-15
cat__Connection_Date_2016-10-25 00:00:00,5.8870862318437524e-15
cat__Connection_Date_2011-02-24 00:00:00,5.850568671877694e-15
cat__Circuit_ID_8087,5.827746223908703e-15
cat__Connection_Date_2001-08-28 00:00:00,5.826618933574434e-15
cat__Connection_Date_2019-06-13 00:00:00,5.77844667474167e-15
cat__Developer_Simply Residential_ LLC,5.7477411528918745e-15
cat__Circuit_ID_5003,5.725819940053115e-15
cat__Connection_Date_2012-11-30 00:00:00,5.7123337363502904e-15
cat__Circuit_ID_8ED3H7,5.710004891541326e-15
cat__City_Long Beach,5.708355296735134e-15
cat__City_PATTERSONVILLE,5.692566582104847e-15
cat__Circuit_ID_8B951,5.684926887516184e-15
"cat__Developer_Solar Energy Systems, LLC",5.644288310092661e-15
cat__City_Stony Brook,5.636714654825589e-15
cat__Connection_Date_2014-10-23 00:00:00,5.5943034434581986e-15
cat__City_Earlville,5.577432059435346e-15
cat__Developer_Kyle Wojewoda (Buffalo Solar Solutions),5.575259649446008e-15
cat__Developer_Upstate Electrical,5.570362381130423e-15
cat__Connection_Date_2010-06-05 00:00:00,5.555246280092557e-15
cat__City_Massapequa,5.52411952548229e-15
cat__Circuit_ID_10B71,5.5093865011788745e-15
cat__Substation_NORTHVILLE 332,5.502834408205323e-15
cat__Connection_Date_2010-08-03 00:00:00,5.479295208540059e-15
cat__Substation_Rio,5.464550147443345e-15
cat__Circuit_ID_4408501,5.4512132941075955e-15
cat__Circuit_ID_5B374,5.449904951475604e-15
cat__City_FEURA BUSH,5.440353508761525e-15
cat__City_E Meadow,5.437228735187899e-15
cat__Circuit_ID_1204201,5.4288215780433215e-15
cat__City_Hornell,5.3789177472833546e-15
cat__Substation_NYS-ADAMS CORNERS 413,5.3420439867910475e-15
cat__City_Fort Salonga,5.334796871510769e-15
cat__Substation_Burns,5.327458792588562e-15
cat__Circuit_ID_4B05,5.2865156947337245e-15
cat__Connection_Date_2021-08-20 00:00:00,5.271189582884853e-15
cat__Developer_Green Team LI,5.2703549960256e-15
cat__Connection_Date_2016-10-17 00:00:00,5.260293238501044e-15
cat__Circuit_ID_5042,5.244609906694187e-15
cat__Connection_Date_2018-02-22 00:00:00,5.237684424970794e-15
cat__City_LIVINGSTON,5.235150632335878e-15
cat__Circuit_ID_2M486,5.213377911649568e-15
cat__Circuit_ID_7J862,5.2120806862167225e-15
cat__Connection_Date_2015-08-13 00:00:00,5.210097596004772e-15
cat__Connection_Date_2020-10-12 00:00:00,5.207067628291715e-15
cat__Connection_Date_2015-12-29 00:00:00,5.168578961437102e-15
cat__Developer_fuze solar,5.164366739720762e-15
cat__Connection_Date_2021-12-20 00:00:00,5.136751068544536e-15
cat__Connection_Date_2011-11-07 00:00:00,5.111931864489008e-15
cat__Circuit_ID_5023,5.104054524854369e-15
cat__City_Hollis,5.083394992021708e-15
cat__Developer_Frederick Proven (Proven Energy Systems),5.0703758906529095e-15
cat__Substation_WEIBEL AVE 415,5.037069195328477e-15
"cat__Developer_Arista Power, Inc.",4.964569807336557e-15
cat__Developer_AH Treman State Park,4.9632806108621165e-15
cat__Substation_Snake Hill Road,4.957951793910773e-15
cat__Circuit_ID_36_31_41351,4.936678387401448e-15
cat__Circuit_ID_13U2,4.9181832283297274e-15
cat__Connection_Date_2013-09-19 00:00:00,4.9164904798331964e-15
cat__Connection_Date_2011-06-14 00:00:00,4.914696046567032e-15
cat__Circuit_ID_9R783,4.8774512070797e-15
cat__Circuit_ID_3102606,4.868171945368999e-15
cat__Developer_Autonomous Energies,4.855889614580999e-15
"cat__Developer_US Energy Concierge, Inc.",4.850643987925987e-15
cat__Circuit_ID_4GH186,4.8358153173651744e-15
cat__County_Schoharie,4.779561459704395e-15
cat__City_Chappaqua,4.7576876908267726e-15
cat__City_Wynantskill,4.742255921187647e-15
cat__City_BAYPORT,4.729082224234697e-15
cat__City_AQUEBOGUE,4.7252837443513404e-15
cat__Developer_Kasselman Solar,4.6939662208597266e-15
cat__Developer_Richard DeCastro,4.693180768666928e-15
cat__Circuit_ID_5203723,4.683592273381713e-15
cat__Connection_Date_2010-08-19 00:00:00,4.676735036721986e-15
cat__Developer_Geotherm Inc.,4.632086705521482e-15
cat__Connection_Date_2023-05-16 00:00:00,4.6302584670035236e-15
cat__City_Mastic,4.6269016797267914e-15
cat__Connection_Date_2012-02-23 00:00:00,4.613158713638918e-15
cat__Substation_NYS-FULTON ST 223,4.606094875275093e-15
cat__Circuit_ID_5U217,4.597817724695624e-15
cat__Connection_Date_2023-02-06 00:00:00,4.551407760637629e-15
cat__Connection_Date_2018-08-15 00:00:00,4.550872408964617e-15
cat__Circuit_ID_3H081,4.528569225445134e-15
cat__Connection_Date_2019-06-25 00:00:00,4.52698894746394e-15
cat__City_Ozone Park,4.5152207114614555e-15
cat__Substation_CHURCH ST 43,4.509311161556766e-15
cat__City_Putnam Valley,4.5089970424933245e-15
cat__Connection_Date_2018-12-26 00:00:00,4.508003589757856e-15
cat__Circuit_ID_14W13,4.4982148283840706e-15
cat__Substation_NYS-BENNETT 301,4.485533402641822e-15
cat__Circuit_ID_2X23,4.455404587024335e-15
cat__City_Nelsonville,4.41995307814915e-15
cat__Substation_YAHNUNDASIS 646,4.417118924278921e-15
cat__Connection_Date_2022-01-06 00:00:00,4.4161884992547575e-15
cat__Circuit_ID_5021,4.379513726096967e-15
cat__Substation_HEMSTREET 328,4.375497349811366e-15
cat__Substation_8MR,4.3684959128466715e-15
cat__Connection_Date_2020-08-06 00:00:00,4.3533677457714756e-15
cat__Circuit_ID_1203302,4.3372717422008e-15
cat__Division_003-Niagara Falls,4.3368260274633995e-15
cat__Connection_Date_2016-02-02 00:00:00,4.305042684212842e-15
cat__Substation_SMITH BRIDGE 464,4.299940408349448e-15
cat__Connection_Date_2018-01-02 00:00:00,4.285090009577371e-15
cat__City_Hamilton,4.26583709948565e-15
cat__Connection_Date_2014-11-12 00:00:00,4.212513712102659e-15
cat__Connection_Date_2009-04-28 00:00:00,4.19536277540688e-15
cat__Circuit_ID_1813,4.1860027967961945e-15
cat__Circuit_ID_7095,4.17754261376903e-15
cat__Circuit_ID_36_12_27851,4.175682393562329e-15
cat__Circuit_ID_8XR645,4.1560559127961394e-15
cat__Connection_Date_2002-08-07 00:00:00,4.154374894247505e-15
cat__Substation_NYS-PAWLING 508,4.151347446577398e-15
cat__Developer_Connor Dawson (GreenSpark Solar),4.141979220290163e-15
cat__Connection_Date_2011-03-31 00:00:00,4.123552209981247e-15
cat__Circuit_ID_80-5-13,4.099210725887524e-15
cat__Circuit_ID_2300222,4.075025075464963e-15
cat__Connection_Date_2013-05-14 00:00:00,4.072870200968229e-15
cat__Developer_Voltaic Solaire,4.0614072765826975e-15
cat__Connection_Date_2014-10-02 00:00:00,4.058340931956331e-15
cat__Circuit_ID_8GX8H6,4.044773919759441e-15
cat__Connection_Date_2015-12-01 00:00:00,4.0386470984413166e-15
cat__City_Glen Spey,4.017139093026225e-15
cat__Circuit_ID_5X33,4.004637369649077e-15
cat__Connection_Date_2014-08-13 00:00:00,3.994131694527638e-15
cat__Circuit_ID_BRW NWK,3.9915094044655445e-15
cat__Developer_Sunrun Inc,3.9646504797581e-15
cat__Connection_Date_2022-09-12 00:00:00,3.963972103197344e-15
cat__Connection_Date_2010-12-30 00:00:00,3.948244460866309e-15
cat__Circuit_ID_1106094,3.9291750863192766e-15
cat__Developer_Jean-Paul Monteau (Aries Power),3.9232230702116215e-15
cat__Developer_Seed Solar,3.908448970108337e-15
cat__Circuit_ID_5R165,3.900371288124944e-15
cat__Connection_Date_2019-07-03 00:00:00,3.8972877416051595e-15
cat__Substation_6GL,3.891478202382731e-15
cat__Connection_Date_2011-12-28 00:00:00,3.869377701823005e-15
cat__Circuit_ID_4201703,3.8568462739985516e-15
cat__City_Mass PK,3.842513422618359e-15
cat__Substation_W. MONROE 274,3.8269841768779644e-15
cat__City_Greenlawn,3.826741320449384e-15
cat__Circuit_ID_8F706,3.812607799343002e-15
cat__City_LLOYD HBR,3.80815453888461e-15
cat__Circuit_ID_1106668,3.793181074236783e-15
cat__Connection_Date_2019-02-26 00:00:00,3.7877558760614366e-15
cat__Circuit_ID_9B722,3.786316605723772e-15
cat__Connection_Date_2021-04-20 00:00:00,3.780754814097705e-15
cat__Circuit_ID_41306,3.727394440954207e-15
cat__Circuit_ID_2401310,3.7080096515499564e-15
cat__Circuit_ID_8M7P4,3.704286718966848e-15
cat__Connection_Date_2015-11-13 00:00:00,3.701809718474377e-15
cat__City_Westhampton,3.696354095479231e-15
cat__Connection_Date_2015-09-21 00:00:00,3.688618155530375e-15
cat__Connection_Date_2010-12-22 00:00:00,3.6819064804383895e-15
cat__Connection_Date_2002-05-24 00:00:00,3.680800578161531e-15
cat__Connection_Date_2022-01-11 00:00:00,3.680488010773264e-15
cat__Circuit_ID_36_33_30353,3.6780816061576815e-15
cat__Circuit_ID_4J492,3.6769390486533114e-15
cat__Developer_Ben Drexel (Empire Solar Solutions),3.67578391596296e-15
cat__Developer_Harvest Power,3.6630878576038544e-15
cat__Connection_Date_2014-08-04 00:00:00,3.64862806385025e-15
"cat__Developer_Seed Renewables, LLC",3.6484237001153815e-15
cat__Circuit_ID_9R627,3.638450358704024e-15
cat__Circuit_ID_6UL856,3.637856772439406e-15
cat__Connection_Date_2019-05-09 00:00:00,3.630894398058063e-15
cat__Circuit_ID_RH NWK,3.606971764482754e-15
cat__Connection_Date_2018-04-10 00:00:00,3.60485830332096e-15
cat__Circuit_ID_2WB596,3.593512791704684e-15
cat__Substation_NYS-MARCELLUS 626,3.591384516976738e-15
cat__Circuit_ID_6DL843,3.590204354202129e-15
cat__Connection_Date_2004-04-02 00:00:00,3.5887065853514254e-15
cat__Circuit_ID_3200601,3.567950217323541e-15
cat__Circuit_ID_6X1P7,3.5650694421362995e-15
cat__Circuit_ID_8D736,3.5524233049011988e-15
cat__Substation_Hunter,3.538504909966189e-15
cat__Substation_Monsey,3.5112392420267556e-15
cat__Connection_Date_2016-10-21 00:00:00,3.4940361289080885e-15
cat__City_Holbrook,3.4853196173700226e-15
cat__Circuit_ID_8QR895,3.483877301541704e-15
cat__Substation_Trade_Center_1,3.4825368987997846e-15
cat__Connection_Date_2015-02-03 00:00:00,3.4778212146485482e-15
cat__Substation_NYS-WYNANTSKILL 141,3.468092914736868e-15
cat__Connection_Date_2012-05-31 00:00:00,3.4670300000443204e-15
cat__Circuit_ID_6001,3.465814926592498e-15
cat__Circuit_ID_8ED3H6,3.4654451874464155e-15
cat__Division_035-Gloversville,3.4649480690571558e-15
cat__Circuit_ID_4AH195,3.4608026178058986e-15
cat__Circuit_ID_MTKISC1,3.4566175556174897e-15
cat__Circuit_ID_2401612,3.4558572024457542e-15
cat__Circuit_ID_8Q6K3,3.444390612437087e-15
cat__City_West Islip,3.4436575450303286e-15
cat__Connection_Date_2016-09-13 00:00:00,3.4400623628736034e-15
cat__Connection_Date_2002-08-15 00:00:00,3.4387030259207252e-15
cat__Circuit_ID_7HM130,3.3999441693951415e-15
cat__City_Locust Valley,3.3897134964247516e-15
cat__Substation_0215LS2154-Fifth RD,3.3883704927165926e-15
cat__Connection_Date_2021-11-24 00:00:00,3.376249487558425e-15
cat__Connection_Date_2020-09-08 00:00:00,3.3328838558088545e-15
cat__City_GRAFTON,3.3274814404365548e-15
cat__Circuit_ID_3X61,3.3229834055593087e-15
cat__Connection_Date_2022-07-28 00:00:00,3.3204074511215436e-15
cat__Circuit_ID_8RX742,3.31693581901275e-15
cat__Substation_NYS-JEFFERSONVILLE 112,3.308790875324529e-15
cat__Circuit_ID_3R32,3.3077052605130045e-15
cat__Circuit_ID_7R611,3.3056745385815014e-15
cat__Substation_Mongaup,3.292381216225151e-15
cat__Connection_Date_2020-04-30 00:00:00,3.290296201829391e-15
cat__City_NEWARK,3.2834763472599675e-15
cat__Connection_Date_2009-08-04 00:00:00,3.2709523482220393e-15
cat__Developer_Steven Morton,3.2696683688135718e-15
cat__Circuit_ID_6DL838,3.244370990494078e-15
cat__Connection_Date_2016-05-02 00:00:00,3.239404215474518e-15
cat__Substation_DELANSON 269,3.2371665472339294e-15
cat__Developer_Verengo Solar,3.2318438765074853e-15
cat__City_Scarsdale,3.2267026409552246e-15
cat__Developer_Renewable Energy Solutions,3.2184378702681684e-15
cat__Circuit_ID_36_31_12353,3.1891236103976918e-15
cat__City_OAKDALE,3.1840634011141364e-15
cat__Connection_Date_2023-12-18 00:00:00,3.1671879410861404e-15
cat__Circuit_ID_36_35_33551,3.1654488615602576e-15
cat__Circuit_ID_36_11_24452,3.1397022012142547e-15
cat__Developer_NYS Gen State Park,3.1336963951729675e-15
cat__City_FARMNGVILLE,3.1302887184995247e-15
cat__Connection_Date_2022-12-27 00:00:00,3.113803508590902e-15
cat__Circuit_ID_8W5N6,3.0796404674522522e-15
cat__Circuit_ID_0106RO5166,3.0647347328331122e-15
cat__Circuit_ID_7EM819,3.0628571144917077e-15
cat__Circuit_ID_7Z618,3.060473060165956e-15
cat__Circuit_ID_6P5H6,3.0556405548926033e-15
cat__City_SCOTTSVILLE,3.053337435798999e-15
cat__Circuit_ID_6Q671,3.047693832398204e-15
cat__Connection_Date_2021-03-09 00:00:00,3.0471523222760035e-15
cat__Connection_Date_2009-09-04 00:00:00,3.040255226071241e-15
cat__Developer_SunPower Corporation,3.035854058094054e-15
cat__Developer_ABest Energy Power,3.034306484635738e-15
cat__Connection_Date_2018-01-22 00:00:00,3.0316959756587043e-15
cat__Circuit_ID_3LG311,3.019704762821457e-15
cat__Connection_Date_2023-04-27 00:00:00,3.0154600193689163e-15
cat__Circuit_ID_7Z642,3.01431951566458e-15
cat__Connection_Date_2007-06-19 00:00:00,2.9983431729456906e-15
cat__Connection_Date_2023-05-25 00:00:00,2.9948194960581553e-15
cat__Connection_Date_2011-04-07 00:00:00,2.9730135858867865e-15
cat__City_Sag Harbor,2.9692092371900634e-15
cat__Circuit_ID_7B2H3,2.9629031537226933e-15
cat__Connection_Date_2018-02-26 00:00:00,2.9607862311249027e-15
cat__Connection_Date_2019-07-17 00:00:00,2.9518375938190345e-15
cat__Connection_Date_2014-01-03 00:00:00,2.9198643265643633e-15
cat__City_Skaneateles,2.9183981083753423e-15
cat__Connection_Date_2015-06-10 00:00:00,2.9120647904047473e-15
cat__Circuit_ID_36_37_26952,2.891872150121851e-15
cat__Connection_Date_2015-04-01 00:00:00,2.888541278528109e-15
cat__Circuit_ID_5301350,2.8778349587545337e-15
cat__Connection_Date_2020-02-13 00:00:00,2.8768387279299496e-15
cat__City_C MORICHES,2.8705116924137995e-15
cat__Substation_NYS-SOUTH HILL 608,2.8684846299825626e-15
cat__Substation_8AX,2.8557214148057394e-15
cat__Circuit_ID_0149CF0249,2.85102434671403e-15
cat__City_NEW HAMPTON,2.8391126418465814e-15
cat__Connection_Date_2020-04-06 00:00:00,2.8314705497023156e-15
cat__Connection_Date_2014-12-24 00:00:00,2.822161743918523e-15
"cat__Developer_New York State Solar Farm, Inc.",2.8202288825887495e-15
cat__Developer_PRO CUSTOM SOLAR LLC DBA MOMENTUM SOLAR,2.8131565376488706e-15
cat__Circuit_ID_36_05_5053,2.801881932495595e-15
cat__Connection_Date_2016-02-26 00:00:00,2.7861227941019575e-15
cat__Circuit_ID_5B211,2.7604719541175704e-15
cat__Substation_4 AH,2.7543415641081985e-15
cat__Connection_Date_2009-10-19 00:00:00,2.744247261336377e-15
cat__Substation_TULLY CENTER 278,2.7417811015880823e-15
cat__City_MIDDLETOWN,2.735637720714291e-15
cat__Connection_Date_2022-01-25 00:00:00,2.7303612036079242e-15
cat__County_Schuyler,2.7301357424783712e-15
cat__Connection_Date_2023-10-26 00:00:00,2.728956060481372e-15
cat__City_WORCESTER,2.7109728650938155e-15
cat__Connection_Date_2015-12-10 00:00:00,2.701346274311505e-15
cat__City_JERICHO,2.696143911202262e-15
cat__Substation_NYS-WOODRUFF POND 461,2.6933723153812504e-15
cat__Substation_JEWETT RD 291,2.6821160771497203e-15
cat__Connection_Date_2011-10-26 00:00:00,2.672876183543288e-15
cat__Connection_Date_2018-04-03 00:00:00,2.6681989097186556e-15
cat__Connection_Date_2013-11-16 00:00:00,2.6641808334845675e-15
cat__Connection_Date_2011-04-06 00:00:00,2.6554137732849927e-15
cat__Circuit_ID_9DF2K3,2.653947265887815e-15
cat__Substation_UNIONVILLE 276,2.645475903411885e-15
cat__Connection_Date_2015-04-13 00:00:00,2.639256636525776e-15
cat__Circuit_ID_4451,2.637666918018395e-15
cat__Developer_Eldor Contracting,2.6366534246679e-15
cat__Substation_BUFFALO STATION 52 - HERTEL & ELMWOOD,2.62766737762936e-15
cat__Circuit_ID_4011,2.6227368319116777e-15
cat__Circuit_ID_24-1-13,2.6223754100314427e-15
cat__Connection_Date_2022-09-07 00:00:00,2.6206574116353003e-15
cat__Circuit_ID_7053,2.6161884054005188e-15
cat__Developer_Trinity Solar,2.613854318696769e-15
cat__Connection_Date_2021-09-14 00:00:00,2.5957311111135875e-15
cat__City_NIVERVILLE,2.592611836180505e-15
cat__City_BRENTWOOD,2.577016820970452e-15
cat__Circuit_ID_7UM911,2.5694713988704116e-15
cat__Connection_Date_2017-05-22 00:00:00,2.5688043846975084e-15
cat__Substation_NYS-TRUMANSBURG 723,2.5578226877026123e-15
cat__Circuit_ID_7T982,2.5540456025652066e-15
cat__Developer_Tyler Moston (Surf Clean Energy Inc.),2.551111757563573e-15
cat__City_PT JEFF STA,2.5442506443213502e-15
cat__Connection_Date_2015-06-09 00:00:00,2.540708156681383e-15
cat__Developer_Shannon Hartz (Kasselman Solar),2.540384995632933e-15
cat__Developer_Hytech Solar Inc.,2.540288144432794e-15
cat__Division_037 - Cobleskill,2.5397231934182522e-15
cat__Connection_Date_2015-01-12 00:00:00,2.52198645159286e-15
cat__Connection_Date_2016-11-07 00:00:00,2.510604312485365e-15
cat__Circuit_ID_2014,2.4990418487011844e-15
cat__Developer_EmPower Solar,2.4966722636955408e-15
cat__Connection_Date_2020-06-29 00:00:00,2.4898519543200493e-15
cat__City_MONSEY,2.4787625628056434e-15
cat__Connection_Date_2012-07-12 00:00:00,2.465660595446249e-15
cat__Circuit_ID_36_11_26656,2.4621782827906045e-15
cat__Circuit_ID_9Z694,2.4581998776172405e-15
cat__Connection_Date_2014-06-25 00:00:00,2.456936419518597e-15
cat__Connection_Date_2023-09-22 00:00:00,2.450802805838226e-15
cat__Connection_Date_2021-07-09 00:00:00,2.4366172845807084e-15
cat__Circuit_ID_6J898,2.4337782851695083e-15
cat__Circuit_ID_5GK4K6,2.4154480942817407e-15
cat__Circuit_ID_4GH4P7,2.4055586321568903e-15
cat__City_COBLESKILL,2.3934175619459043e-15
cat__Connection_Date_2012-12-05 00:00:00,2.3894533869165096e-15
cat__Developer_Trinity Solar Systems,2.3798815573296637e-15
cat__Division_039-Saratoga,2.3612993564044777e-15
cat__Connection_Date_2018-04-05 00:00:00,2.355474783079566e-15
cat__Developer_Sungevity,2.3544690351799127e-15
cat__Connection_Date_2020-10-31 00:00:00,2.344751949467394e-15
cat__Circuit_ID_5G173,2.3239933367456252e-15
cat__Circuit_ID_9AU796,2.3118859086365416e-15
cat__Circuit_ID_4200403,2.3039141246141887e-15
cat__City_W BABYLON,2.2956557756928746e-15
cat__Developer_Arosa Solar Energy Systems Inc,2.2955278826952715e-15
cat__Connection_Date_2011-09-12 00:00:00,2.2921836644240478e-15
cat__Connection_Date_2019-04-11 00:00:00,2.2867419140290927e-15
cat__Connection_Date_2019-08-15 00:00:00,2.2824612842014615e-15
cat__Division_031-Troy,2.277838138922749e-15
cat__Connection_Date_2021-09-23 00:00:00,2.2677032058357196e-15
cat__Circuit_ID_5SK063,2.2628268213446228e-15
cat__Connection_Date_2012-03-13 00:00:00,2.2578050157060033e-15
cat__City_Bellerose,2.2220428406411526e-15
cat__Connection_Date_2017-03-22 00:00:00,2.220052063652626e-15
cat__Substation_NYS-EARLVILLE 227,2.2153943113654775e-15
cat__City_Sagaponack,2.214192562208995e-15
cat__City_Wading Riv,2.2141078736153046e-15
cat__Circuit_ID_2K534,2.213947894469275e-15
cat__Connection_Date_2021-10-01 00:00:00,2.210231795595109e-15
cat__Circuit_ID_5M107,2.2101214379705597e-15
cat__Circuit_ID_3049,2.207776344138502e-15
cat__City_S Richmond Hill,2.1985351695275797e-15
cat__Circuit_ID_4X3P4,2.1928849595369128e-15
cat__Connection_Date_2014-06-09 00:00:00,2.1927405839372984e-15
cat__City_HILLSDALE,2.1925159206070102e-15
cat__Connection_Date_2015-10-09 00:00:00,2.1873836268024026e-15
cat__Connection_Date_2015-03-03 00:00:00,2.1823208893124846e-15
cat__Circuit_ID_0215LS2154,2.1724973387435475e-15
cat__City_New City,2.1712941764290727e-15
cat__City_VALATIE,2.169533357675601e-15
cat__Connection_Date_2016-02-11 00:00:00,2.1680242437014853e-15
cat__City_W HEMPSTEAD,2.1663494590335167e-15
cat__Circuit_ID_4303001,2.1631075560620393e-15
cat__Connection_Date_2017-02-16 00:00:00,2.156783421561949e-15
cat__Connection_Date_2019-03-26 00:00:00,2.1511069698130133e-15
cat__City_CUTCHOGUE,2.15050894332149e-15
cat__Connection_Date_2023-07-24 00:00:00,2.14737354974793e-15
cat__Connection_Date_2013-04-10 00:00:00,2.147351989094024e-15
cat__Circuit_ID_2WB594,2.142734965079964e-15
cat__Circuit_ID_7UM918,2.141454508786232e-15
cat__City_GLEN HEAD,2.1311909139938238e-15
cat__Substation_Wainwright,2.1281730074818198e-15
cat__Developer_Empire Clean Energy Supply,2.125723757280928e-15
cat__Circuit_ID_51-3-13,2.122301776469475e-15
cat__Connection_Date_2010-11-10 00:00:00,2.115939655195273e-15
cat__Connection_Date_2011-08-12 00:00:00,2.108096869479627e-15
cat__Circuit_ID_6P5H1,2.0974539267086048e-15
cat__Connection_Date_2017-04-12 00:00:00,2.0968442063531126e-15
cat__Circuit_ID_8T2P5,2.0918770690972036e-15
cat__Connection_Date_2023-03-22 00:00:00,2.088761253547173e-15
cat__Connection_Date_2019-02-15 00:00:00,2.0839278344259316e-15
cat__Connection_Date_2017-06-02 00:00:00,2.080783458564469e-15
cat__Connection_Date_2011-05-16 00:00:00,2.078172958930526e-15
cat__City_Jericho,2.070922544542754e-15
cat__Developer_NY State Solar Farm,2.0701948697031277e-15
cat__Connection_Date_2023-02-08 00:00:00,2.0677580417555597e-15
cat__Connection_Date_2015-02-10 00:00:00,2.0667365701700334e-15
cat__Connection_Date_2019-09-25 00:00:00,2.0665930567020788e-15
cat__Connection_Date_2012-12-18 00:00:00,2.0576400644359156e-15
cat__Substation_Tioronda,2.0489145262827075e-15
cat__City_ST JAMES,2.0439557643439353e-15
cat__Connection_Date_2014-09-23 00:00:00,2.043427837681852e-15
cat__Circuit_ID_5300601,2.0383012525131895e-15
cat__Substation_NYS-VAN BUREN ST 603,2.023739738483282e-15
cat__Connection_Date_2013-12-31 00:00:00,2.0221440443989505e-15
cat__Connection_Date_2016-12-08 00:00:00,2.0006465100659797e-15
cat__Connection_Date_2017-11-01 00:00:00,1.9944810429781304e-15
cat__Connection_Date_2019-08-06 00:00:00,1.988806955506075e-15
cat__Circuit_ID_7UM657,1.9838845201616062e-15
cat__City_East Quogue,1.9708930161090657e-15
cat__Substation_0109RO5195-748 Plank RD,1.9577778832265886e-15
cat__Connection_Date_2007-09-18 00:00:00,1.957591892102344e-15
cat__Circuit_ID_7XM999,1.957589248817837e-15
cat__Circuit_ID_2081,1.9404868117514833e-15
cat__Circuit_ID_8G935,1.9386042367467897e-15
cat__Substation_MILTON AVE 266,1.928146364638194e-15
cat__Connection_Date_2016-06-02 00:00:00,1.927661889997837e-15
cat__Circuit_ID_7291,1.9270050774396035e-15
cat__City_Highland Mills,1.9165481361609614e-15
cat__City_Port Jefferson,1.910330983492174e-15
cat__Connection_Date_2017-01-17 00:00:00,1.900236895407666e-15
cat__Connection_Date_2009-02-27 00:00:00,1.8989842689405156e-15
cat__Connection_Date_2022-06-02 00:00:00,1.898341222884256e-15
cat__Circuit_ID_7Z621,1.8945645968225536e-15
cat__Substation_W. HERKIMER 676,1.8895963270233963e-15
cat__Circuit_ID_9C5K2,1.8868170974479154e-15
cat__Circuit_ID_4UH328,1.8795689933839428e-15
cat__City_East Atlantic Beach,1.878740453358921e-15
cat__Connection_Date_2017-04-24 00:00:00,1.8677260086709942e-15
cat__Connection_Date_2013-05-08 00:00:00,1.858869252337155e-15
cat__Connection_Date_2021-08-10 00:00:00,1.857803373500727e-15
cat__Substation_West Haverstraw,1.8576734721224747e-15
cat__City_CICERO,1.8560728054241663e-15
cat__Connection_Date_2015-01-15 00:00:00,1.8478088631139382e-15
cat__Developer_Collegiate Builders,1.8475605551313338e-15
cat__Substation_SARATOGA 142,1.847294001635227e-15
cat__Circuit_ID_2AB525,1.8436409656409116e-15
cat__Circuit_ID_36_10_1562,1.8406860535039654e-15
cat__Connection_Date_2016-06-24 00:00:00,1.836549522953529e-15
cat__Substation_NYS-COUNTY HOSPITAL 736,1.8348355962085602e-15
cat__City_MT SINAI,1.8270405016173756e-15
cat__Connection_Date_2020-08-11 00:00:00,1.819888456345695e-15
cat__Connection_Date_2022-05-06 00:00:00,1.8188035943226872e-15
cat__City_CAMILLUS,1.8121720993661598e-15
cat__Circuit_ID_7M9P6,1.807729444603588e-15
cat__Circuit_ID_36_32_34553,1.799977247720904e-15
cat__City_Baldwin,1.7993823053901505e-15
cat__Circuit_ID_7WM772,1.798134839435751e-15
cat__Connection_Date_2021-05-06 00:00:00,1.797801902415415e-15
cat__City_Point Lookout,1.7882683780685767e-15
cat__City_E ROCKAWAY,1.78796025016092e-15
cat__Connection_Date_2017-09-26 00:00:00,1.7832823256673e-15
cat__Circuit_ID_45-9-13,1.7736203914353353e-15
cat__Circuit_ID_9B913,1.7666405264844319e-15
cat__Circuit_ID_2071,1.764141883772136e-15
cat__Circuit_ID_8RX975,1.7604647315782432e-15
cat__Circuit_ID_7D8K1,1.7579460150342952e-15
cat__Developer_Division 7,1.7577417259195098e-15
cat__City_Moriches,1.7474534976978755e-15
cat__City_WOODBURY,1.747408212156476e-15
cat__Connection_Date_2014-09-02 00:00:00,1.7458948090031961e-15
cat__Connection_Date_2020-09-22 00:00:00,1.739641458091627e-15
cat__Circuit_ID_5U282,1.727419677833146e-15
cat__City_GRAND ISLAND,1.7247270081234366e-15
cat__Circuit_ID_4401401,1.7237754765262646e-15
cat__Connection_Date_2014-06-18 00:00:00,1.722390902096818e-15
cat__Connection_Date_2023-03-31 00:00:00,1.7157963761536681e-15
cat__City_Penn Yan,1.7142056164967331e-15
cat__City_Wyandanch,1.709977980284246e-15
cat__Connection_Date_2013-03-06 00:00:00,1.7094392665192686e-15
cat__Circuit_ID_5Q59,1.7031746259053538e-15
cat__Circuit_ID_36_11_32556,1.7012698850814853e-15
cat__Circuit_ID_220,1.7002148113581652e-15
cat__Circuit_ID_71-5-13,1.691469770204987e-15
cat__Connection_Date_2016-11-18 00:00:00,1.6902280558136043e-15
cat__City_N Babylon,1.6887537722218287e-15
cat__Connection_Date_2014-06-16 00:00:00,1.6836683126801004e-15
cat__Circuit_ID_61-3-13,1.6784124455963052e-15
cat__City_Bayville,1.6722352881820434e-15
cat__Connection_Date_2023-02-22 00:00:00,1.6698018602053173e-15
cat__Developer_ESI Power,1.6691891898726528e-15
cat__Connection_Date_2023-12-05 00:00:00,1.6627465720519955e-15
cat__City_Roslyn,1.6622849530968393e-15
cat__Circuit_ID_8M5P7,1.6591499092342442e-15
cat__Connection_Date_2015-05-01 00:00:00,1.6521850365541974e-15
cat__Circuit_ID_1501502,1.6484502451691747e-15
cat__Developer_Venture Home Solar,1.6451774966806602e-15
cat__City_SKANEATELES,1.6423264079376972e-15
cat__Circuit_ID_2A176,1.6405380149956865e-15
cat__Circuit_ID_5M101,1.6401823970259505e-15
cat__Circuit_ID_36_30_45951,1.6372657167013381e-15
cat__City_Old Westbury,1.6325302351404199e-15
cat__Circuit_ID_44-6-13,1.6300114535971162e-15
cat__Connection_Date_2012-12-17 00:00:00,1.6273031200859843e-15
cat__Connection_Date_2020-07-08 00:00:00,1.6165418688553491e-15
cat__Connection_Date_2020-09-14 00:00:00,1.6149291980552833e-15
cat__Circuit_ID_6BL128,1.613286675588364e-15
cat__Circuit_ID_0194LS5116,1.6101231440558996e-15
cat__Circuit_ID_7M754,1.60616480809113e-15
cat__Connection_Date_2018-10-18 00:00:00,1.6061390815146365e-15
cat__City_Hampton Bays,1.6012488789431263e-15
cat__Circuit_ID_36_31_31451,1.6005868327866934e-15
cat__Connection_Date_2012-08-20 00:00:00,1.5941057944894468e-15
cat__Connection_Date_2010-07-14 00:00:00,1.5903250072087228e-15
cat__Connection_Date_2020-01-31 00:00:00,1.5807642029872245e-15
cat__Circuit_ID_6KL849,1.5774539544509657e-15
cat__Circuit_ID_41580,1.5565226792874545e-15
cat__City_Levittown,1.5563921835059215e-15
cat__Connection_Date_2016-02-05 00:00:00,1.55246842547722e-15
cat__Connection_Date_2021-01-27 00:00:00,1.5522089894232149e-15
cat__Connection_Date_2016-05-06 00:00:00,1.5422740522079619e-15
cat__Substation_0143CF5145-Monks RD W of Seneca Pt RD,1.5404827093758858e-15
cat__Developer_YSG Solar,1.5367108252972072e-15
cat__Connection_Date_2015-03-12 00:00:00,1.5358590729276228e-15
cat__Circuit_ID_2015,1.5280462307950165e-15
cat__Circuit_ID_3024,1.523475582871855e-15
cat__Connection_Date_2016-04-05 00:00:00,1.520752964084604e-15
cat__Developer_Rural Generation and Wind,1.5166623288280858e-15
cat__Connection_Date_2016-11-09 00:00:00,1.506363165127406e-15
cat__City_BRIDGEHMPTN,1.5054792225627828e-15
cat__Circuit_ID_36_19_67651,1.5017574017598393e-15
cat__Connection_Date_2013-02-13 00:00:00,1.4998201344621556e-15
cat__Connection_Date_2016-03-11 00:00:00,1.4986121519246302e-15
cat__Connection_Date_2019-02-01 00:00:00,1.497881259779965e-15
cat__Connection_Date_2016-02-20 00:00:00,1.4929416261177471e-15
cat__City_CENTEREACH,1.4899988266170082e-15
cat__City_E Hampton,1.4874540456389422e-15
cat__Circuit_ID_5MK245,1.485780085641609e-15
cat__Connection_Date_2023-02-10 00:00:00,1.4845010181102732e-15
cat__City_Port Byron,1.4823169395548035e-15
cat__Connection_Date_2022-09-16 00:00:00,1.4804345013165734e-15
cat__Connection_Date_2018-01-17 00:00:00,1.478654766796872e-15
cat__Circuit_ID_7MM879,1.475528426266332e-15
cat__City_Massapequa Park,1.459048471140478e-15
cat__Connection_Date_2015-03-27 00:00:00,1.4525254849810269e-15
cat__Circuit_ID_6Q23,1.451507231075448e-15
cat__Connection_Date_2023-12-01 00:00:00,1.4431999608890301e-15
cat__Developer_Michael Kenney (Nickels Energy Solutions LLC),1.4342599642560365e-15
cat__Substation_MIDDLEBURG 390,1.4314608052043689e-15
cat__Connection_Date_2021-02-25 00:00:00,1.4287253870878694e-15
cat__City_HOLTSVILLE,1.4287244136137835e-15
cat__Substation_W. HAMLIN 82,1.4282777649137763e-15
cat__Connection_Date_2010-12-07 00:00:00,1.4273252143681222e-15
cat__Circuit_ID_8RR901,1.4267821982591197e-15
cat__City_Port Jefferson Station,1.4240813022735865e-15
cat__Connection_Date_2011-07-09 00:00:00,1.4190957920139348e-15
cat__Substation_CENTER ST 379,1.4164770313695288e-15
cat__Circuit_ID_3-1N-34,1.4164421037418061e-15
cat__City_ESPERANCE,1.4156662601586374e-15
cat__Connection_Date_2018-07-12 00:00:00,1.4125504805470951e-15
cat__Circuit_ID_36_37_39052,1.4111212774596645e-15
cat__City_SPRING VALLEY,1.4097148236607715e-15
cat__Circuit_ID_9R777,1.4089470889432012e-15
cat__Connection_Date_2010-11-15 00:00:00,1.4052253084320007e-15
cat__Connection_Date_2018-08-14 00:00:00,1.4030185479011343e-15
cat__Connection_Date_2019-08-14 00:00:00,1.40233014782643e-15
cat__Connection_Date_2016-12-15 00:00:00,1.4012583015703374e-15
cat__Connection_Date_2023-04-01 00:00:00,1.3934565586848793e-15
cat__Developer_Tri-State Solar Services,1.3919057981079027e-15
cat__Circuit_ID_36_30_28356,1.387131728119747e-15
cat__Connection_Date_2017-06-08 00:00:00,1.3822161064551008e-15
cat__Circuit_ID_MANVIL1,1.3809431385380652e-15
cat__Connection_Date_2020-03-22 00:00:00,1.3784972883796818e-15
cat__Circuit_ID_3J5P3,1.3777511973731896e-15
"cat__Developer_Bianca Sicari (New York State Solar Farm, Inc.)",1.3769062291057828e-15
cat__Connection_Date_2019-10-17 00:00:00,1.3736440317844596e-15
cat__Circuit_ID_7H869,1.368450181442707e-15
cat__City_Woodmere,1.3679583579466832e-15
cat__City_Water Mill,1.3674077095427649e-15
cat__Connection_Date_2016-05-10 00:00:00,1.3645917945408654e-15
cat__City_HUNTINGTON,1.3645346461783283e-15
cat__City_Milton,1.3636386350576802e-15
cat__Circuit_ID_5R1N2,1.3615145237403314e-15
cat__Connection_Date_2020-08-13 00:00:00,1.3585608293505848e-15
cat__Developer_No Developer,1.3533448385279784e-15
cat__Circuit_ID_8RR931,1.3514852649665954e-15
cat__City_E Rockaway,1.351071915880426e-15
cat__Developer_sologistics,1.350010999314937e-15
cat__City_Lynbrook,1.3481473848636165e-15
cat__City_Wantagh,1.3478407443510632e-15
cat__Developer_Vicki Weaver (Solar Generation),1.346208019174809e-15
cat__Developer_GreenLeaf Solar,1.3420869737604453e-15
cat__Circuit_ID_36_03_7766,1.3354532761414695e-15
cat__City_East Patchogue,1.3334916910977335e-15
cat__Circuit_ID_36_04_1662,1.3330918932488639e-15
cat__City_SANBORN,1.3309285148067084e-15
cat__Connection_Date_2022-09-20 00:00:00,1.3253385991181699e-15
cat__Connection_Date_2012-12-12 00:00:00,1.3237197777210646e-15
cat__Connection_Date_2016-08-31 00:00:00,1.3185566641956807e-15
cat__City_Glen Head,1.317658921976382e-15
cat__Connection_Date_2015-01-21 00:00:00,1.3156511123523988e-15
cat__Connection_Date_2014-08-08 00:00:00,1.3141781508804198e-15
cat__Developer_Advanced Solar Solutions,1.3117169293630048e-15
cat__Connection_Date_2011-06-27 00:00:00,1.3101819469245338e-15
cat__Connection_Date_2015-07-09 00:00:00,1.3029166327077746e-15
cat__Connection_Date_2016-07-25 00:00:00,1.29877019568697e-15
cat__Connection_Date_2019-03-14 00:00:00,1.2961448066847759e-15
cat__Connection_Date_2020-02-07 00:00:00,1.2867588529265338e-15
cat__Connection_Date_2016-02-25 00:00:00,1.2824127854548053e-15
cat__Circuit_ID_6H503,1.2778085903669181e-15
cat__Circuit_ID_5M106,1.2769707282007065e-15
cat__Connection_Date_2016-09-22 00:00:00,1.2713842850242906e-15
cat__Circuit_ID_5U276,1.265082593028777e-15
cat__Developer_Mary Jo Cronin (REVOLUTION SOLAR),1.2642636702192174e-15
cat__City_Liberty,1.2636584440539171e-15
cat__Connection_Date_2022-03-11 00:00:00,1.254497767506098e-15
cat__Circuit_ID_8AX648,1.2507588311351458e-15
cat__Connection_Date_2018-09-11 00:00:00,1.24958388054464e-15
cat__Circuit_ID_9A762,1.2454139586469783e-15
cat__Connection_Date_2023-11-27 00:00:00,1.2365330173985594e-15
cat__Substation_JOHNSON RD 352,1.2344652663279617e-15
cat__Connection_Date_2016-10-20 00:00:00,1.2332785782680587e-15
cat__City_PLAINVIEW,1.2314086699384606e-15
cat__City_Greenport,1.2275215317558784e-15
cat__Circuit_ID_Yonkers - 2,1.2222450615273185e-15
cat__Connection_Date_2022-04-25 00:00:00,1.2163554408163467e-15
cat__Connection_Date_2015-12-17 00:00:00,1.2160042365347658e-15
cat__Circuit_ID_53-1-13,1.213139079614985e-15
cat__Connection_Date_2018-06-08 00:00:00,1.2129586315757973e-15
cat__City_Sands Point,1.212426596807775e-15
cat__Connection_Date_2022-03-21 00:00:00,1.2112796587124718e-15
cat__Connection_Date_2016-09-15 00:00:00,1.207295149501833e-15
cat__City_Oakdale,1.2065074226980025e-15
cat__Connection_Date_2021-07-12 00:00:00,1.2057663494613166e-15
cat__Connection_Date_2001-10-09 00:00:00,1.2021965193527173e-15
cat__Circuit_ID_36_31_35256,1.1998542655836032e-15
cat__Connection_Date_2015-05-11 00:00:00,1.1997060758166608e-15
cat__Circuit_ID_2QB545,1.1948144602266728e-15
cat__Connection_Date_2014-12-10 00:00:00,1.188594994053521e-15
cat__City_MIDDLEBURGH,1.1833457481621414e-15
cat__Circuit_ID_54-7-13,1.1808474496297729e-15
cat__Connection_Date_2016-06-22 00:00:00,1.1807934331669576e-15
cat__Connection_Date_2015-01-14 00:00:00,1.1711575157237177e-15
cat__City_Sound Beach,1.170369280023861e-15
cat__Connection_Date_2019-04-15 00:00:00,1.169082479458402e-15
cat__Connection_Date_2020-07-21 00:00:00,1.160314757118109e-15
cat__Connection_Date_2016-05-22 00:00:00,1.1572898748650247e-15
cat__Circuit_ID_9J953,1.1571135230869491e-15
cat__Circuit_ID_4B114,1.156253474674559e-15
cat__Connection_Date_2016-02-17 00:00:00,1.1559975247286138e-15
cat__Circuit_ID_5X271,1.148848662606292e-15
cat__Connection_Date_2008-11-05 00:00:00,1.1472909416028896e-15
cat__Connection_Date_2012-06-29 00:00:00,1.1467591976852524e-15
cat__Connection_Date_2012-06-07 00:00:00,1.145689127361997e-15
cat__Circuit_ID_3H7K8,1.1453171629087108e-15
cat__City_GLENWD LDG,1.1413220824061397e-15
cat__Circuit_ID_8RX986,1.140515358538404e-15
cat__Connection_Date_2023-05-08 00:00:00,1.1383499570452014e-15
cat__Circuit_ID_36_17_67053,1.1375976689098895e-15
cat__Connection_Date_2023-01-12 00:00:00,1.1351995460322898e-15
cat__City_LOCUST VLY,1.1338150010229284e-15
cat__Circuit_ID_3J199,1.1249204419481049e-15
cat__Connection_Date_2013-05-06 00:00:00,1.1220324117464581e-15
cat__Substation_CATTARAUGUS 15,1.1219306988764114e-15
cat__Connection_Date_2011-08-01 00:00:00,1.1216951454575432e-15
cat__Connection_Date_2022-02-25 00:00:00,1.1215172522774884e-15
cat__Connection_Date_2006-01-26 00:00:00,1.1208056591256027e-15
cat__Connection_Date_2017-03-01 00:00:00,1.1204525677680354e-15
cat__Connection_Date_2018-09-17 00:00:00,1.1204316045828561e-15
cat__Circuit_ID_5X60,1.1136783125192272e-15
cat__Circuit_ID_5001,1.1119052536610463e-15
cat__Circuit_ID_36_37_43351,1.1112342362590624e-15
cat__Connection_Date_2014-05-06 00:00:00,1.1104240992413127e-15
cat__Circuit_ID_2M487,1.1060209057165032e-15
cat__City_KENT,1.1054098192674306e-15
cat__Substation_LATHAM 282,1.1045306144884636e-15
cat__Circuit_ID_9317,1.1036693669532294e-15
cat__Connection_Date_2023-02-21 00:00:00,1.1027612838884792e-15
cat__Developer_Sun Energy Inc.,1.10107710967672e-15
cat__Circuit_ID_36_39_41554,1.100962439514719e-15
cat__Circuit_ID_4401102,1.1000526879836444e-15
cat__City_CORAM,1.0994427644211089e-15
cat__Connection_Date_2019-03-27 00:00:00,1.0970887423007226e-15
cat__City_Elmont,1.0957160345500952e-15
cat__Connection_Date_2021-03-05 00:00:00,1.0945013787954612e-15
cat__City_Clinton Corners,1.0923449941458498e-15
cat__Connection_Date_2021-01-21 00:00:00,1.0914920027509678e-15
cat__Connection_Date_2018-04-30 00:00:00,1.0870576101763315e-15
cat__City_RANDALL,1.086241938813866e-15
cat__Circuit_ID_3W004,1.084226186374346e-15
cat__Circuit_ID_5R10,1.0778359940475344e-15
cat__Developer_Falk Electric,1.0770375805278983e-15
cat__Circuit_ID_7H871,1.0766747750970933e-15
cat__Connection_Date_2008-09-25 00:00:00,1.0746063319989441e-15
cat__Circuit_ID_272,1.0741387571697469e-15
cat__Connection_Date_2022-10-08 00:00:00,1.0704501484693022e-15
cat__Connection_Date_2012-12-28 00:00:00,1.0704349200581128e-15
cat__City_BLOSSVALE,1.0692414038446307e-15
cat__Connection_Date_2017-11-16 00:00:00,1.0675270362433234e-15
cat__Connection_Date_2016-01-05 00:00:00,1.0672412540011137e-15
cat__Connection_Date_2015-09-15 00:00:00,1.0619542765822819e-15
cat__Circuit_ID_4401602,1.0508717729398441e-15
cat__Connection_Date_2016-03-15 00:00:00,1.0505038752580266e-15
cat__Circuit_ID_6BR2N3,1.0481265884301236e-15
cat__Connection_Date_2011-09-26 00:00:00,1.0478083610187035e-15
cat__Connection_Date_2019-07-23 00:00:00,1.0460817712948476e-15
cat__Substation_NYS-SAVANNAH 630,1.0404558566252147e-15
cat__Connection_Date_2018-04-12 00:00:00,1.040111634732921e-15
cat__Developer_Kelley Sweeney (Alternative Power Solutions of NY),1.039909468977537e-15
cat__Developer_TESLA,1.0378259026663537e-15
cat__Circuit_ID_5R24,1.0360917545711982e-15
cat__Developer_S&R SOLAR DESIGN CORP,1.0357581431806647e-15
cat__Division_Lockport,1.027776413475255e-15
cat__Circuit_ID_3043,1.0276830112282198e-15
cat__Circuit_ID_36_32_36453,1.02759712453659e-15
cat__Circuit_ID_6RL766,1.0261393934413852e-15
cat__City_HIGHLAND MILLS,1.025935098752391e-15
cat__Substation_NYS-GROSSINGER 210,1.0256379438612943e-15
cat__Circuit_ID_2AB519,1.0246591139520992e-15
cat__Substation_PINE GROVE 59,1.0239628113000241e-15
cat__Substation_DEKALB 984,1.0217900225151629e-15
cat__Connection_Date_2002-03-12 00:00:00,1.0210354665898781e-15
cat__Connection_Date_2021-12-14 00:00:00,1.0189719004088677e-15
cat__Substation_Milan,1.0179039954407793e-15
cat__City_Brookhaven,1.0163338944891169e-15
cat__Developer_Geoffrey Katt (American Energy Care / AEC Solar),1.0161834332297903e-15
cat__Circuit_ID_5SK060,1.0158608113769391e-15
cat__Connection_Date_2018-10-31 00:00:00,1.0135546636815285e-15
cat__Connection_Date_2018-09-27 00:00:00,1.0133835722491523e-15
cat__Developer_Complete Solar,1.0130798268274995e-15
cat__Circuit_ID_36_37_18924,1.0076683498233586e-15
cat__Circuit_ID_6Q4K7,1.0066839371265956e-15
cat__Connection_Date_2015-02-11 00:00:00,1.0043836898500627e-15
cat__Circuit_ID_6D614,1.0028146191450272e-15
cat__City_BLUE POINT,1.0027717491396064e-15
cat__Connection_Date_2017-08-11 00:00:00,1.000658579252543e-15
cat__Connection_Date_2021-12-03 00:00:00,1.00058440068502e-15
cat__Connection_Date_2021-03-22 00:00:00,9.999754039722532e-16
cat__Circuit_ID_3X80,9.985775811598768e-16
cat__Connection_Date_2016-04-02 00:00:00,9.963249983429544e-16
cat__Substation_NYS-SYLVAN LAKE 478,9.962132307246649e-16
cat__Connection_Date_2016-07-14 00:00:00,9.939540168470352e-16
cat__Circuit_ID_8AX652,9.938384185956764e-16
cat__Developer_Owens Electric,9.896969221066521e-16
cat__Circuit_ID_6042,9.870833870812425e-16
cat__Circuit_ID_7H996,9.846783270508241e-16
cat__Connection_Date_2014-09-25 00:00:00,9.830598023413696e-16
cat__Developer_Solar Spectrum LLC,9.803148856218408e-16
cat__Developer_Halco Energy,9.79603068193422e-16
cat__Connection_Date_2023-07-14 00:00:00,9.783591246564492e-16
cat__City_LAKE GROVE,9.77913539681967e-16
cat__City_Wading River,9.77853474121799e-16
"cat__Developer_PlugPV, LLC.",9.771264054199683e-16
cat__Circuit_ID_8A677,9.744963263493492e-16
cat__City_Elmhurst,9.71236614838702e-16
cat__Circuit_ID_9E985,9.695610066305198e-16
cat__Connection_Date_2014-11-01 00:00:00,9.68905872968727e-16
cat__Circuit_ID_8172,9.684358421339535e-16
cat__Circuit_ID_36_05_5156,9.663569757547608e-16
cat__City_Springfield Gardens,9.58699074941785e-16
cat__Circuit_ID_36_35_37954,9.55434402010326e-16
cat__Connection_Date_2017-06-13 00:00:00,9.547760487845513e-16
cat__Connection_Date_2017-05-10 00:00:00,9.54235344382664e-16
cat__Developer_Majestic Son and Sons,9.539951838525438e-16
cat__Connection_Date_2022-03-29 00:00:00,9.536234773946254e-16
cat__City_Lockport,9.523999235841785e-16
cat__Circuit_ID_19-12-13,9.486813785208959e-16
cat__Connection_Date_2018-05-17 00:00:00,9.469337942904201e-16
cat__Circuit_ID_7H995,9.396457936724867e-16
cat__Connection_Date_2017-01-31 00:00:00,9.383938734446486e-16
cat__Circuit_ID_45-2-13,9.38222561467609e-16
cat__Connection_Date_2013-05-17 00:00:00,9.370929546693283e-16
cat__Substation_Blooming Grove,9.363027062764396e-16
cat__Connection_Date_2016-11-08 00:00:00,9.359433582259423e-16
cat__Connection_Date_2019-03-15 00:00:00,9.308732313281691e-16
cat__Circuit_ID_4094,9.288699923910735e-16
cat__Circuit_ID_36_30_42051,9.287018191366392e-16
cat__Connection_Date_2015-05-07 00:00:00,9.276749132829759e-16
cat__City_EAST GREENBUSH,9.265800104018416e-16
cat__City_WARNERVILLE,9.259051441798414e-16
cat__Circuit_ID_36_11_26651,9.245556363651498e-16
cat__Substation_Smithfield,9.243310534586798e-16
cat__City_North Babylon,9.24297254485587e-16
cat__Substation_6RL,9.233626247632333e-16
cat__Connection_Date_2013-09-06 00:00:00,9.218341519142667e-16
cat__Circuit_ID_9K942,9.209517857415653e-16
cat__Connection_Date_2018-07-03 00:00:00,9.200305830974564e-16
cat__Connection_Date_2018-03-29 00:00:00,9.19438417279398e-16
cat__Connection_Date_2014-01-17 00:00:00,9.180821253606305e-16
cat__Connection_Date_2019-11-06 00:00:00,9.178879333583597e-16
cat__Connection_Date_2014-05-20 00:00:00,9.103216083263141e-16
cat__Substation_NYS-DANBY RD 571,9.100606393444648e-16
cat__Circuit_ID_15W06,9.086603127013072e-16
cat__Substation_Forgebrook,9.084919855616882e-16
cat__Circuit_ID_2K536,9.073325065975603e-16
cat__City_JAMAICA,9.063149845404745e-16
cat__Circuit_ID_6W803,9.052024937263363e-16
cat__Substation_0001RO0304-119 Leighton Ave,9.04829186018957e-16
cat__Developer_ELEMENT ENERGY LLC,9.0333940813489e-16
cat__Connection_Date_2016-08-29 00:00:00,9.031193590274754e-16
cat__Substation_LISBON 963,8.998488835654898e-16
cat__Connection_Date_2014-02-07 00:00:00,8.963881836729367e-16
cat__Connection_Date_2014-04-14 00:00:00,8.932509316630778e-16
cat__Circuit_ID_86U1,8.902590420207605e-16
cat__City_THIELLS,8.860259326257041e-16
cat__Connection_Date_2016-06-30 00:00:00,8.858145579867929e-16
cat__Substation_Congers,8.841430647198234e-16
cat__Connection_Date_2020-07-30 00:00:00,8.804960523172946e-16
cat__Developer_Donald Downs,8.781927462870698e-16
cat__Connection_Date_2023-09-05 00:00:00,8.76580327884141e-16
cat__Substation_4X,8.753359161809485e-16
cat__Connection_Date_2018-02-20 00:00:00,8.722893924263368e-16
cat__City_E HAMPTON,8.721503807260558e-16
cat__Circuit_ID_1204001,8.715625871447297e-16
cat__Circuit_ID_7T905,8.677947514727696e-16
cat__Substation_NYS-BLOSSOM 517,8.654430641220047e-16
cat__Circuit_ID_2A175,8.652192408094234e-16
cat__Connection_Date_2002-11-22 00:00:00,8.650990475335522e-16
cat__Circuit_ID_36_30_42126,8.645512952075991e-16
cat__Substation_Bullville,8.633071047037255e-16
cat__Circuit_ID_9E992,8.629522207397727e-16
cat__Circuit_ID_6092,8.627785301805069e-16
cat__Circuit_ID_36_18_66952,8.58987901642072e-16
cat__Circuit_ID_4201802,8.576569089607026e-16
cat__Connection_Date_2013-12-16 00:00:00,8.564037087052378e-16
cat__Developer_Horizon Solar,8.547983233625968e-16
cat__Circuit_ID_5R16,8.470611146391029e-16
cat__Connection_Date_2020-02-04 00:00:00,8.464696577109951e-16
cat__Circuit_ID_5605,8.462777254198137e-16
cat__Connection_Date_2018-11-30 00:00:00,8.44395609448663e-16
cat__Connection_Date_2007-10-11 00:00:00,8.438352990086468e-16
cat__Circuit_ID_2RB511,8.41572554419912e-16
cat__Connection_Date_2021-12-09 00:00:00,8.382291012614283e-16
cat__Connection_Date_2022-07-25 00:00:00,8.380345773451529e-16
cat__Connection_Date_2018-03-26 00:00:00,8.338923619227972e-16
cat__Connection_Date_2015-06-26 00:00:00,8.319872307037697e-16
cat__Connection_Date_2023-07-18 00:00:00,8.30434486523388e-16
cat__City_WYNANTSKILL,8.27119237212322e-16
cat__Circuit_ID_5Q52,8.265630630414229e-16
cat__Connection_Date_2018-11-19 00:00:00,8.261173956673235e-16
cat__City_Long eddy,8.253298104082002e-16
cat__Connection_Date_2023-04-28 00:00:00,8.234693306036248e-16
cat__Circuit_ID_8A712,8.215257420233991e-16
cat__Connection_Date_2019-05-16 00:00:00,8.187883359589066e-16
cat__Circuit_ID_23-4-13,8.1589976329558895e-16
cat__Circuit_ID_7071,8.129546519054117e-16
cat__Circuit_ID_3AG066,8.07043462475389e-16
cat__Connection_Date_2009-09-14 00:00:00,8.069513372861013e-16
cat__City_Stone Ridge,8.064165642612382e-16
cat__Connection_Date_2023-03-21 00:00:00,8.009299489594547e-16
cat__Circuit_ID_8E825,7.986236374306996e-16
cat__Circuit_ID_1203502,7.98327533983924e-16
cat__City_RUSH,7.932066377676121e-16
cat__Substation_MAPLE RD 140,7.92403434505032e-16
cat__City_Franklin,7.921427932509785e-16
cat__Substation_6BL,7.910597920480804e-16
cat__Connection_Date_2022-06-15 00:00:00,7.901973372388805e-16
cat__Connection_Date_2011-05-10 00:00:00,7.89756860471819e-16
cat__Circuit_ID_8011,7.845857117583493e-16
cat__City_Haverstraw,7.843681359548565e-16
cat__Circuit_ID_4RH317,7.809041999449653e-16
cat__Connection_Date_2011-02-11 00:00:00,7.803184009893441e-16
cat__Connection_Date_2023-06-28 00:00:00,7.80063304596881e-16
cat__Developer_Self,7.782972552799841e-16
cat__Connection_Date_2022-02-02 00:00:00,7.778087582728922e-16
cat__Connection_Date_2020-12-04 00:00:00,7.770680301415226e-16
cat__Circuit_ID_36_11_26951,7.770167236380752e-16
cat__Developer_Kasselman Solar LLC,7.7584657265758325e-16
cat__Circuit_ID_9143,7.748769459041771e-16
cat__Circuit_ID_4W235,7.739617615091052e-16
cat__Connection_Date_2016-05-25 00:00:00,7.738251568115741e-16
cat__Substation_NYS-HAMBURG 292,7.728591091468318e-16
cat__Substation_Galeville,7.725509088220398e-16
cat__City_KINGS PARK,7.722639254780267e-16
cat__Connection_Date_2016-10-15 00:00:00,7.722116396069133e-16
cat__Connection_Date_2016-11-03 00:00:00,7.712578016209274e-16
cat__Connection_Date_2015-10-26 00:00:00,7.708128766959875e-16
cat__Connection_Date_2017-12-26 00:00:00,7.690839193251762e-16
cat__Circuit_ID_4302302,7.679979311793317e-16
cat__Connection_Date_2002-11-08 00:00:00,7.670738520428144e-16
cat__Connection_Date_2015-12-02 00:00:00,7.655423554964325e-16
cat__Developer_Amergy Solar,7.63000477254353e-16
cat__Circuit_ID_7T926,7.628116386485754e-16
cat__City_Cortlandt Manor,7.62691878518039e-16
cat__Circuit_ID_5GK224,7.610825228356694e-16
cat__Developer_United Solar Panel LLC,7.596341996837124e-16
cat__Connection_Date_2020-04-24 00:00:00,7.590563400866032e-16
cat__Circuit_ID_5082,7.587087419566327e-16
cat__Connection_Date_2013-04-18 00:00:00,7.557699163618272e-16
cat__Connection_Date_2011-08-19 00:00:00,7.546668732555764e-16
cat__Connection_Date_2010-04-05 00:00:00,7.546665370936499e-16
cat__Substation_3R,7.53548304110434e-16
cat__Substation_Shenandoah,7.511222795978865e-16
cat__Circuit_ID_7BH3K9,7.504206767237858e-16
cat__Connection_Date_2016-06-29 00:00:00,7.489154168889463e-16
cat__Circuit_ID_36_39_44358,7.484441816102941e-16
cat__Substation_GREENBUSH 78,7.477583082120807e-16
cat__Connection_Date_2010-09-28 00:00:00,7.46567926341211e-16
cat__Connection_Date_2004-12-11 00:00:00,7.455994590880595e-16
cat__Circuit_ID_7Z465,7.452153912150001e-16
cat__Circuit_ID_8T925,7.432479859057996e-16
cat__Connection_Date_2016-04-11 00:00:00,7.428908107121082e-16
cat__Connection_Date_2016-06-01 00:00:00,7.4122085206362225e-16
cat__City_Rockaway Park,7.40265783507461e-16
cat__Connection_Date_2023-12-07 00:00:00,7.400763142210999e-16
cat__Connection_Date_2019-01-11 00:00:00,7.400250714315786e-16
cat__Connection_Date_2015-10-23 00:00:00,7.400046822600549e-16
cat__Circuit_ID_6L4H8,7.381668195071769e-16
cat__Connection_Date_2018-11-27 00:00:00,7.3728151041598415e-16
cat__City_BAYVILLE,7.35901737765664e-16
cat__City_E Durham,7.347468347934256e-16
cat__Circuit_ID_3J196,7.33285331766615e-16
cat__Substation_Fishkill Plains,7.30055332587366e-16
cat__City_SAYVILLE,7.290131676360423e-16
cat__City_Westerlo,7.281992903864753e-16
cat__Connection_Date_2015-05-14 00:00:00,7.238378391664391e-16
cat__City_Ocean Bch,7.224775837708996e-16
cat__City_WASHINGTONVILLE,7.222051496387156e-16
cat__City_Mahopac,7.218011598828619e-16
cat__Developer_Chris Schaefer (Solar and Wind FX),7.217782840214136e-16
cat__Circuit_ID_13W82,7.213762425125782e-16
cat__City_GARNERVILLE,7.209240611037804e-16
cat__Circuit_ID_6262,7.199565844274331e-16
cat__Circuit_ID_5609,7.197441938462201e-16
cat__Connection_Date_2019-01-04 00:00:00,7.177871551976258e-16
cat__Circuit_ID_8MR908,7.175920443635284e-16
cat__Connection_Date_2016-03-18 00:00:00,7.158223269578926e-16
cat__Circuit_ID_36_40_12251,7.13640739645081e-16
cat__Circuit_ID_27-6-13,7.125939509318303e-16
cat__Circuit_ID_8DR641,7.121689567099991e-16
cat__Connection_Date_2017-02-23 00:00:00,7.120128852455031e-16
cat__Connection_Date_2023-11-14 00:00:00,7.10778281986987e-16
cat__Developer_SunPower Direct (NY),7.085978917519911e-16
cat__Connection_Date_2022-07-27 00:00:00,7.084465992481992e-16
cat__Developer_Albany Solar Solutions LLC,7.082401973682918e-16
cat__Connection_Date_2013-11-19 00:00:00,7.069860615790552e-16
cat__Connection_Date_2015-01-29 00:00:00,7.057834820180907e-16
cat__Developer_KPS Solar/Horizons Electric,7.053895167997921e-16
cat__Circuit_ID_36_37_26951,7.042565411853321e-16
cat__Circuit_ID_2B05,7.030438178526255e-16
cat__Circuit_ID_6HL812,7.016995125190869e-16
cat__Connection_Date_2019-05-31 00:00:00,7.006658246349442e-16
cat__Circuit_ID_1105113,7.005242234212262e-16
cat__Connection_Date_2012-06-13 00:00:00,6.995530261079636e-16
cat__Circuit_ID_1021,6.981981889714331e-16
cat__City_Wolcott,6.978755053707475e-16
cat__Connection_Date_2017-06-05 00:00:00,6.974770439003925e-16
cat__Developer_Mua Sio (Solar City DBA Tesla Energy),6.940744434676141e-16
cat__Circuit_ID_3J198,6.90838625994004e-16
cat__Circuit_ID_8ED3H9,6.898925227050324e-16
cat__Circuit_ID_1501767,6.89859709659458e-16
cat__City_Sea Cliff,6.87819662740435e-16
cat__Circuit_ID_7M752,6.875046191917976e-16
cat__Connection_Date_2016-08-06 00:00:00,6.833905497264501e-16
cat__Circuit_ID_36_35_36652,6.817169607332518e-16
cat__Connection_Date_2023-05-31 00:00:00,6.812605337297397e-16
cat__Circuit_ID_6BR2N1,6.796342381354051e-16
cat__Connection_Date_2020-06-30 00:00:00,6.777659258772822e-16
cat__City_Pine Plns,6.777441927201419e-16
cat__Connection_Date_2011-01-05 00:00:00,6.775477272333597e-16
cat__Circuit_ID_5481,6.761748743093832e-16
cat__Circuit_ID_6P5H5,6.751057927221872e-16
cat__Circuit_ID_4284,6.7458970468189e-16
cat__Substation_East Kingston,6.734364174415496e-16
cat__City_GOSHEN,6.727246712455453e-16
cat__City_KIRKVILLE,6.687716565323356e-16
cat__Circuit_ID_4M163,6.678443367544661e-16
cat__Developer_Lori Johnson (ETM Solar Works),6.671544397088895e-16
cat__Connection_Date_2021-02-10 00:00:00,6.666547460522146e-16
cat__Connection_Date_2023-11-10 00:00:00,6.662252114678804e-16
cat__Connection_Date_2022-06-27 00:00:00,6.658758050855205e-16
cat__Substation_Merritt Park,6.642001144180886e-16
cat__City_MARCELLUS,6.62127174754415e-16
cat__Connection_Date_2011-12-13 00:00:00,6.619352775582095e-16
cat__Connection_Date_2021-12-02 00:00:00,6.602635922459114e-16
cat__Developer_Harvest Energy Solutions,6.597993892619501e-16
cat__City_EAST AURORA,6.592705412799152e-16
cat__Connection_Date_2009-03-27 00:00:00,6.588170767573103e-16
cat__Connection_Date_2021-10-20 00:00:00,6.578789247494543e-16
cat__City_ELMONT,6.567981868764747e-16
cat__Circuit_ID_8AX654,6.56218286800094e-16
cat__Connection_Date_2016-04-09 00:00:00,6.553441299123379e-16
cat__City_Roosevelt,6.529696075954445e-16
cat__Circuit_ID_59U2,6.529288098008408e-16
cat__Connection_Date_2023-11-16 00:00:00,6.502820848524666e-16
cat__Substation_NYS-COFFEE HILL RD,6.49760961873856e-16
cat__Connection_Date_2018-10-29 00:00:00,6.496029129260354e-16
cat__Developer_R & B Quality Electric Inc.,6.488349672612493e-16
cat__Circuit_ID_8B7K6,6.478339843944845e-16
cat__Connection_Date_2003-06-30 00:00:00,6.477147281906457e-16
cat__Circuit_ID_8XR933,6.476081982822466e-16
cat__Connection_Date_2017-12-15 00:00:00,6.468427338928552e-16
cat__Substation_WETZEL ROAD,6.46722563355997e-16
cat__Circuit_ID_7EM818,6.46436146950599e-16
cat__Circuit_ID_36_04_1661,6.4628879934155675e-16
cat__City_ROCKY PT,6.45167881894116e-16
cat__Circuit_ID_8DR428,6.448229274473079e-16
cat__Connection_Date_2015-03-09 00:00:00,6.434697354263117e-16
cat__City_Hopewell Jct,6.423153946683582e-16
cat__Substation_GLENWOOD 227,6.392854697747643e-16
cat__Connection_Date_2012-07-19 00:00:00,6.383168089017848e-16
cat__City_Naples,6.376061706291561e-16
cat__Connection_Date_2022-11-29 00:00:00,6.357350462772918e-16
cat__Connection_Date_2017-12-11 00:00:00,6.348185972960648e-16
cat__Connection_Date_2016-08-08 00:00:00,6.347479473235245e-16
cat__Circuit_ID_6RL955,6.339593764366745e-16
cat__City_Ovid,6.336724445817192e-16
cat__Circuit_ID_Aqueduct - 2,6.332229871568047e-16
cat__Connection_Date_2011-01-13 00:00:00,6.314784408298618e-16
cat__Circuit_ID_84-3-13,6.28390823880263e-16
cat__Circuit_ID_4301702,6.282914990582653e-16
cat__Connection_Date_2022-02-23 00:00:00,6.280795672922816e-16
cat__Circuit_ID_246,6.276336283376449e-16
cat__Connection_Date_2012-02-29 00:00:00,6.274650743180687e-16
cat__Circuit_ID_4X57,6.270372876685026e-16
cat__Connection_Date_2022-09-25 00:00:00,6.235387271251873e-16
cat__Connection_Date_2021-06-29 00:00:00,6.230736571485539e-16
cat__Circuit_ID_5M102,6.227060490118385e-16
cat__Connection_Date_2014-07-09 00:00:00,6.225869023367509e-16
cat__Developer_Surf Clean Energy Inc,6.223773375161617e-16
cat__Connection_Date_2023-01-26 00:00:00,6.186303729727869e-16
cat__Circuit_ID_5304351,6.185959953533902e-16
cat__City_Springville,6.171136966450594e-16
cat__Substation_GRAND ISLAND 64,6.166655148296339e-16
cat__Substation_BELMONT 260,6.165792854089401e-16
cat__Connection_Date_2022-04-15 00:00:00,6.153724957115744e-16
cat__Circuit_ID_5SK062,6.145756502586462e-16
cat__Circuit_ID_8093,6.137217524443456e-16
cat__Substation_NYS-WEHRLE DR 330,6.136607106603917e-16
cat__City_PT JEFFERSN,6.135000942973837e-16
cat__City_HUNT STA,6.133320679760798e-16
cat__City_WHITE PLAINS,6.107485525319205e-16
cat__Connection_Date_2022-03-09 00:00:00,6.104946443895996e-16
cat__Circuit_ID_4J396,6.087922411939413e-16
cat__Developer_Empire Solar solutions,6.076193115912222e-16
cat__Developer_Powersmith Home Energy Solutions,6.074473935437719e-16
cat__City_Cornwall,6.061137343430673e-16
cat__City_STONY BROOK,6.037563074628788e-16
cat__Connection_Date_2017-12-13 00:00:00,6.016893473442874e-16
cat__City_Bayport,6.013404020612254e-16
cat__Connection_Date_2021-04-19 00:00:00,6.008157544994864e-16
cat__Connection_Date_2018-04-02 00:00:00,5.986693875403317e-16
cat__Connection_Date_2017-07-26 00:00:00,5.972303184206295e-16
cat__Circuit_ID_36_35_39253,5.961087244716755e-16
cat__Circuit_ID_373,5.952248097161647e-16
cat__Connection_Date_2015-08-21 00:00:00,5.949413565071224e-16
cat__Circuit_ID_1453,5.941076680941877e-16
cat__Substation_Myers Corners,5.9303616014961385e-16
cat__Connection_Date_2012-02-06 00:00:00,5.912965221883189e-16
cat__Connection_Date_2013-10-18 00:00:00,5.904556673024969e-16
cat__Connection_Date_2016-02-16 00:00:00,5.895118140513915e-16
cat__Circuit_ID_4B116,5.882796859976988e-16
cat__Connection_Date_2016-06-08 00:00:00,5.864695959536894e-16
cat__Circuit_ID_1203301,5.862243710271568e-16
cat__Connection_Date_2019-08-02 00:00:00,5.850170953235e-16
cat__Connection_Date_2016-08-11 00:00:00,5.84382705595956e-16
cat__Circuit_ID_3028,5.821164064737983e-16
cat__Connection_Date_2014-05-05 00:00:00,5.820929277085474e-16
cat__Substation_OATHOUT 402,5.80754718190979e-16
cat__Substation_NYS-VAN BUREN ST 604,5.802981640443362e-16
cat__City_DARIEN CENTER,5.792462922319169e-16
cat__Connection_Date_2016-06-09 00:00:00,5.790313377386169e-16
cat__City_Lake Grove,5.787139902028038e-16
cat__Connection_Date_2021-04-14 00:00:00,5.77826744177295e-16
cat__Circuit_ID_0109RO5195,5.777687328510069e-16
cat__Circuit_ID_5SK1N5,5.758706583217896e-16
cat__Connection_Date_2018-01-19 00:00:00,5.756665812189379e-16
cat__Circuit_ID_8D987,5.742349213685005e-16
cat__Connection_Date_2016-10-18 00:00:00,5.731006357559845e-16
"cat__Developer_Cattaraugus Community Action, Inc.",5.729573488123552e-16
cat__Connection_Date_2012-12-13 00:00:00,5.716604093724538e-16
cat__Circuit_ID_SD2740,5.714511570886585e-16
cat__Connection_Date_2013-10-03 00:00:00,5.71286223679932e-16
cat__Circuit_ID_6J1P3,5.701439612760158e-16
"cat__Developer_Kasselman Solar (Kasselman Solar, LLC)",5.700542863982197e-16
cat__Connection_Date_2021-08-18 00:00:00,5.69867281968309e-16
cat__Circuit_ID_9125,5.697202751574434e-16
cat__Circuit_ID_8072,5.696524047180198e-16
cat__City_MOUNT KISCO,5.690752637138644e-16
cat__Circuit_ID_5013,5.66981659414078e-16
cat__Substation_Highland,5.653878573529393e-16
cat__City_Hopewell Junction,5.651764247907202e-16
cat__City_Little Neck,5.651552422850474e-16
cat__Circuit_ID_2261-1,5.645916857246971e-16
cat__Connection_Date_2022-06-30 00:00:00,5.642739069055718e-16
cat__Substation_0091RO2150-2259 Clover St,5.635800947573936e-16
cat__City_LONG BCH,5.616925471037616e-16
cat__Connection_Date_2017-05-24 00:00:00,5.613624500064908e-16
cat__Connection_Date_2020-09-16 00:00:00,5.612078579478654e-16
cat__Connection_Date_2017-05-29 00:00:00,5.605080006926461e-16
cat__Substation_Millerton,5.595965928145349e-16
cat__Connection_Date_2016-06-17 00:00:00,5.580850478915488e-16
cat__Connection_Date_2017-10-20 00:00:00,5.559414332333725e-16
cat__Connection_Date_2020-09-15 00:00:00,5.555621088971954e-16
cat__Circuit_ID_9J958,5.549708912911891e-16
cat__Circuit_ID_36_30_32751,5.538091067065004e-16
cat__Circuit_ID_7R921,5.530640401994378e-16
cat__Connection_Date_2013-08-19 00:00:00,5.50972995617556e-16
cat__Connection_Date_2023-06-29 00:00:00,5.505212041203225e-16
cat__Connection_Date_2020-01-21 00:00:00,5.501772822698271e-16
cat__Connection_Date_2020-08-19 00:00:00,5.486112661608552e-16
cat__City_WATERFORD,5.484632379713078e-16
cat__Circuit_ID_45-8-13,5.481970746873737e-16
cat__City_MOHAWK,5.478315797987177e-16
cat__Connection_Date_2005-05-11 00:00:00,5.461394712843747e-16
cat__Connection_Date_2011-11-29 00:00:00,5.456847724323025e-16
cat__Circuit_ID_5G171,5.456658860028101e-16
cat__City_Garnerville,5.448412789195128e-16
cat__Circuit_ID_7081,5.447236237000157e-16
cat__City_Holmes,5.4368460527898e-16
cat__City_MEMPHIS,5.429269081330806e-16
cat__Substation_6KL,5.417795749594571e-16
cat__Developer_Grid City Electric,5.412063165007235e-16
cat__Circuit_ID_3105302,5.411042041039055e-16
cat__Circuit_ID_8XR647,5.408580422577442e-16
cat__Substation_Woodrow,5.408351442792179e-16
cat__Circuit_ID_4093,5.407438334757637e-16
cat__City_Whampt Bch,5.395413067039928e-16
cat__Connection_Date_2022-01-13 00:00:00,5.391097993973806e-16
cat__Circuit_ID_1B51,5.384797746624582e-16
cat__Connection_Date_2010-01-30 00:00:00,5.382589256933354e-16
cat__Connection_Date_2018-10-04 00:00:00,5.374693572891565e-16
cat__Connection_Date_2022-05-24 00:00:00,5.373933947313876e-16
cat__Circuit_ID_5K009,5.370361357240518e-16
cat__Connection_Date_2019-11-22 00:00:00,5.36950690028606e-16
cat__Connection_Date_2022-08-18 00:00:00,5.364394518003755e-16
cat__Connection_Date_2020-12-15 00:00:00,5.363640949704993e-16
cat__Circuit_ID_2WB3P8,5.354057828591789e-16
cat__Circuit_ID_2MA582,5.344121061526097e-16
cat__City_Garrison,5.333184684577154e-16
cat__Circuit_ID_9D943,5.309126167688009e-16
cat__City_Dansville,5.304783702782667e-16
cat__Circuit_ID_7J866,5.290447799044545e-16
cat__City_GERMANTOWN,5.280930340064948e-16
cat__Substation_Freehold,5.27364035370111e-16
cat__Circuit_ID_7061,5.268707598302167e-16
cat__Circuit_ID_9EU4N8,5.266373251776093e-16
cat__Connection_Date_2009-08-22 00:00:00,5.259565209536482e-16
cat__Developer_Blue Raven Solar,5.257204451930746e-16
cat__Circuit_ID_4386,5.256177510998368e-16
cat__Division_034-Amsterdam,5.253953841446838e-16
cat__Substation_STITTVILLE 670,5.242791209223564e-16
cat__Circuit_ID_8MX914,5.237509975212275e-16
cat__Circuit_ID_7LM718,5.227426968624771e-16
cat__City_PENN YAN,5.224407349833885e-16
cat__Circuit_ID_8RX743,5.212664064427174e-16
cat__City_Brooktondale,5.212090983740075e-16
cat__Connection_Date_2015-05-28 00:00:00,5.209156707041351e-16
cat__Connection_Date_2023-10-23 00:00:00,5.202900333353236e-16
cat__Connection_Date_2023-05-30 00:00:00,5.202214743170334e-16
cat__City_CHATHAM CENTER,5.197043519699434e-16
cat__Circuit_ID_41581,5.188807846872276e-16
cat__Connection_Date_2017-10-10 00:00:00,5.178190680659753e-16
cat__Connection_Date_2022-07-13 00:00:00,5.164121030189031e-16
cat__Connection_Date_2015-07-15 00:00:00,5.160825804010786e-16
cat__Circuit_ID_3MG5L2,5.148535070982836e-16
cat__Circuit_ID_4R86,5.135087978509101e-16
cat__City_AVERILL PARK,5.13235885685584e-16
cat__Connection_Date_2018-11-01 00:00:00,5.117871172745382e-16
cat__Connection_Date_2019-02-05 00:00:00,5.109662269270499e-16
cat__Connection_Date_2016-02-08 00:00:00,5.095853216990649e-16
cat__Connection_Date_2022-04-14 00:00:00,5.090005437859949e-16
cat__Circuit_ID_6GL769,5.084598694182751e-16
cat__City_Esopus,5.083649892978885e-16
cat__Circuit_ID_54-8-13,5.059305335660866e-16
cat__Circuit_ID_9EU6H7,5.05709217932553e-16
cat__Connection_Date_2013-06-12 00:00:00,5.049668325888778e-16
cat__Connection_Date_2018-10-23 00:00:00,5.029663632245094e-16
cat__Circuit_ID_36_03_6453,5.028177031151914e-16
cat__Substation_VALKIN 427,5.027525722809343e-16
cat__Circuit_ID_8085,5.026806709098184e-16
cat__City_EAST BERNE,5.023286960932518e-16
cat__Connection_Date_2021-03-02 00:00:00,5.007752478704078e-16
cat__Circuit_ID_6W806,4.999593330990341e-16
cat__Circuit_ID_102-3-13,4.995772186567161e-16
cat__Connection_Date_2014-11-07 00:00:00,4.990321946818553e-16
cat__Connection_Date_2023-08-17 00:00:00,4.965714117887102e-16
cat__Circuit_ID_71-7-13,4.963484745646814e-16
cat__Connection_Date_2022-05-13 00:00:00,4.957947067559537e-16
cat__Developer_Green Audit,4.950159423715631e-16
cat__Circuit_ID_2G407,4.93193452900878e-16
cat__Circuit_ID_5R026,4.930726644543424e-16
cat__Connection_Date_2022-12-07 00:00:00,4.925397866342866e-16
cat__City_Quogue,4.912364411787537e-16
cat__Connection_Date_2023-06-14 00:00:00,4.901595960341558e-16
cat__City_Rosedale,4.898602890425049e-16
cat__Circuit_ID_6L969,4.8975986669375755e-16
cat__Circuit_ID_36_11_22766,4.893176549295847e-16
cat__Substation_2A,4.887444175548322e-16
cat__Circuit_ID_6Q22,4.886096567561789e-16
cat__Developer_Suncommon RBK - Residential (SunCommon),4.878830735249444e-16
cat__City_KATONAH,4.864622470382555e-16
cat__Substation_Ancram,4.8568989047701495e-16
cat__Circuit_ID_4GH4P9,4.855566658842591e-16
cat__Circuit_ID_103-4-13,4.84306009766699e-16
cat__Connection_Date_2014-02-18 00:00:00,4.838542214517446e-16
cat__City_Hunter,4.799053335390745e-16
cat__Connection_Date_2015-05-06 00:00:00,4.7976019020554e-16
cat__Connection_Date_2016-09-06 00:00:00,4.789159214530819e-16
cat__City_Mattituck,4.785741704861021e-16
cat__Connection_Date_2021-04-06 00:00:00,4.784057544566561e-16
cat__Connection_Date_2018-06-19 00:00:00,4.783894541123437e-16
cat__Developer_Green Hybrid Energy Soltions Inc.,4.782781602808911e-16
cat__Circuit_ID_4301601,4.780041073154788e-16
cat__Circuit_ID_9J932,4.776769371084831e-16
cat__Connection_Date_2022-09-09 00:00:00,4.773122018840595e-16
cat__City_RENSSELAER,4.753922141680855e-16
cat__Circuit_ID_8J684,4.751948504595747e-16
cat__Developer_Elite Electrical Contracting,4.750754649832756e-16
cat__City_NORTH RIVER,4.750626984103723e-16
cat__Connection_Date_2022-01-26 00:00:00,4.74812365605414e-16
cat__Circuit_ID_5033,4.738337891719109e-16
cat__Connection_Date_2023-06-27 00:00:00,4.736562408174924e-16
cat__Circuit_ID_14U1,4.734265942855794e-16
cat__Circuit_ID_5K144,4.730869289882455e-16
cat__Connection_Date_2023-07-13 00:00:00,4.72848675909225e-16
cat__Circuit_ID_36_01_2564,4.717338029924337e-16
cat__Circuit_ID_9D693,4.716827199445726e-16
cat__City_HOLMES,4.716406417545229e-16
cat__Substation_DARIEN 16,4.699248211149938e-16
cat__Connection_Date_2019-05-22 00:00:00,4.694319197036837e-16
cat__Circuit_ID_7S7P9,4.691530333119329e-16
cat__Developer_Core States Construction Services,4.686158241304578e-16
cat__Circuit_ID_2MA583,4.680433363082806e-16
cat__City_BROADALBIN,4.679130525948332e-16
cat__City_Kerhonkson,4.675331102279105e-16
cat__Circuit_ID_9R989,4.674754659608219e-16
"cat__Developer_CNR Energy Solutions, LLC",4.673452767720467e-16
cat__Connection_Date_2010-11-09 00:00:00,4.66661016666403e-16
cat__City_BRANT,4.66007910434217e-16
cat__Circuit_ID_7J864,4.651807628230347e-16
cat__Circuit_ID_0091RO2150,4.620411957589121e-16
cat__Connection_Date_2017-02-13 00:00:00,4.61824005161905e-16
cat__Substation_8MX,4.617614846575376e-16
cat__Circuit_ID_36_35_33251,4.594546280420807e-16
cat__Circuit_ID_8U1,4.593485180127414e-16
cat__Developer_Long Island Solar Solutions,4.590709074460048e-16
cat__Connection_Date_2022-10-25 00:00:00,4.580187905633568e-16
cat__Circuit_ID_3041,4.579268759422085e-16
cat__Connection_Date_2013-12-05 00:00:00,4.572084603873052e-16
cat__Division_033-Hudson,4.57002194057371e-16
cat__Connection_Date_2022-10-26 00:00:00,4.566334830244962e-16
cat__Connection_Date_2016-12-06 00:00:00,4.563485711812432e-16
cat__Circuit_ID_6707,4.559585127463075e-16
cat__Connection_Date_2021-12-06 00:00:00,4.550641186185199e-16
cat__Circuit_ID_9DF2K6,4.549414521339741e-16
cat__Connection_Date_2010-09-30 00:00:00,4.548307124646722e-16
cat__City_Accord,4.534952307736024e-16
cat__City_S Ozone Park,4.53129025058396e-16
cat__Connection_Date_2010-02-01 00:00:00,4.525675075250308e-16
cat__Connection_Date_2023-04-18 00:00:00,4.512159312873123e-16
cat__Circuit_ID_4B117,4.509620387915459e-16
cat__Circuit_ID_3B7N6,4.50705835788693e-16
cat__Connection_Date_2020-10-26 00:00:00,4.504752081324156e-16
cat__Circuit_ID_7W41,4.494251189708177e-16
cat__Developer_Kirchhoff Green Energy LLC,4.490187219564508e-16
cat__Substation_NYS-BROOKTONDALE 531,4.470796513536371e-16
cat__Connection_Date_2022-09-29 00:00:00,4.466896536471395e-16
cat__Circuit_ID_8363,4.46361439810222e-16
cat__Connection_Date_2023-08-14 00:00:00,4.456310414742397e-16
cat__Circuit_ID_36_11_26252,4.447486444262057e-16
cat__Circuit_ID_7T981,4.440227110674067e-16
cat__Circuit_ID_36_07_9354,4.4348941385624585e-16
cat__Circuit_ID_4MG421,4.429000642514841e-16
cat__City_Glen Cove,4.4283525755652965e-16
cat__Circuit_ID_41432,4.4248040555800394e-16
cat__Connection_Date_2015-08-26 00:00:00,4.4231454718853637e-16
cat__Circuit_ID_36_30_45153,4.4218793369445667e-16
cat__Connection_Date_2022-06-29 00:00:00,4.4110905072409726e-16
cat__Circuit_ID_8E826,4.398322478970316e-16
cat__Circuit_ID_4301101,4.394978107023873e-16
cat__City_LAKE RONK,4.393963961020726e-16
cat__Circuit_ID_51-5-13,4.389050702599108e-16
cat__City_Marcellus,4.3858310612365643e-16
cat__Circuit_ID_27-2-13,4.3786714940343417e-16
cat__Connection_Date_2015-06-02 00:00:00,4.3713509426833983e-16
cat__Circuit_ID_36_30_07858,4.364614349490551e-16
cat__City_MONTGOMERY,4.35552864181012e-16
cat__Circuit_ID_2304727,4.3539617953037644e-16
cat__Substation_7RM,4.3450214542552244e-16
cat__Circuit_ID_36_38_42357,4.3363175639479343e-16
cat__Circuit_ID_36_33_03551,4.3316352924729346e-16
cat__Circuit_ID_7W40,4.3305084606726185e-16
cat__Connection_Date_2022-07-21 00:00:00,4.327022651373181e-16
cat__Substation_NYS-CARMEL 501,4.324724450463183e-16
cat__Substation_LASHER RD,4.3231205903117945e-16
cat__City_HONEOYE FALLS,4.3214925565946377e-16
cat__Connection_Date_2018-01-16 00:00:00,4.320007151482482e-16
cat__Connection_Date_2023-02-03 00:00:00,4.3172886782398056e-16
cat__Developer_Teresa Angell,4.309822657183772e-16
cat__Substation_NYS-OTEGO 200,4.297335279324185e-16
cat__Developer_Jason Tyler (J&A Electrical Construction LLC),4.2920579197973257e-16
cat__Circuit_ID_7DM788,4.266321704771559e-16
cat__Connection_Date_2013-03-05 00:00:00,4.26453862459954e-16
cat__Substation_HAGUE RD 418,4.264162361968616e-16
cat__Substation_NYS-COUNTY HOSP - TBURG 540,4.2603373938438415e-16
cat__Connection_Date_2007-08-08 00:00:00,4.258461145228147e-16
cat__Connection_Date_2007-06-14 00:00:00,4.2538045245349077e-16
cat__Circuit_ID_3101902,4.248635138647521e-16
cat__City_CALLICOON,4.247004686511031e-16
cat__Circuit_ID_22-4-13,4.2352266054808275e-16
cat__Circuit_ID_19W27,4.234419091310281e-16
cat__Circuit_ID_36_30_37152,4.227856045656304e-16
cat__Connection_Date_2016-09-12 00:00:00,4.2186843701828823e-16
cat__Substation_6BR,4.2177594944276445e-16
cat__Developer_Roof Diagnostics Solar,4.217317346541634e-16
cat__Circuit_ID_9527,4.2042579880056626e-16
cat__Substation_GRAND ST 433,4.1937321382062707e-16
cat__City_GREAT NECK,4.1816794465029493e-16
cat__Connection_Date_2019-06-12 00:00:00,4.180033873410723e-16
cat__Circuit_ID_5203660,4.175877837548232e-16
cat__Connection_Date_2023-09-20 00:00:00,4.168238475358421e-16
cat__Circuit_ID_2016,4.157318710381879e-16
cat__Circuit_ID_1105002,4.1387754765601985e-16
cat__Circuit_ID_84-1-13,4.127715082211531e-16
cat__City_CNTRL ISLIP,4.1260835034963737e-16
cat__Circuit_ID_5B212,4.125964043063847e-16
cat__Connection_Date_2014-10-28 00:00:00,4.113617704758501e-16
cat__Substation_NYS-COBBLEHILL 548,4.1077319096893284e-16
cat__Connection_Date_2023-07-25 00:00:00,4.1070050633018984e-16
cat__City_Washingtonville,4.1066852274001743e-16
cat__Circuit_ID_25U4,4.1059681084702765e-16
cat__Circuit_ID_5R024,4.1011362663094104e-16
cat__Circuit_ID_36_30_07853,4.0798535246506934e-16
cat__Connection_Date_2010-04-27 00:00:00,4.064109103922207e-16
cat__Connection_Date_2011-12-22 00:00:00,4.053272912258803e-16
cat__Circuit_ID_FO NWK,4.0504710537972823e-16
cat__Circuit_ID_15W20,4.0393541914369533e-16
cat__Circuit_ID_36_30_17853,4.029531675657701e-16
cat__City_staten island,4.0283952133606674e-16
cat__Circuit_ID_36_39_14206,4.0250819403179466e-16
cat__Connection_Date_2016-02-12 00:00:00,4.021449538147682e-16
cat__Circuit_ID_5R18,4.010949128907475e-16
cat__Circuit_ID_TILDEN,4.0044079784790606e-16
cat__Developer_Solar Amigos,4.0025268357832267e-16
cat__Circuit_ID_6093,3.999946071640311e-16
cat__Connection_Date_2020-12-18 00:00:00,3.9984739553494655e-16
cat__Connection_Date_2011-06-22 00:00:00,3.985087858322966e-16
cat__Connection_Date_2012-08-21 00:00:00,3.9826712265088985e-16
cat__City_SELDEN,3.9735222212273943e-16
cat__Connection_Date_2020-07-22 00:00:00,3.9710888851564985e-16
cat__Circuit_ID_8BA9N4,3.963805731889517e-16
cat__Connection_Date_2019-02-28 00:00:00,3.961010776005114e-16
cat__Connection_Date_2015-07-02 00:00:00,3.957255161870202e-16
cat__City_Rocky Point,3.9442136215113175e-16
cat__Connection_Date_2016-03-14 00:00:00,3.934182104445041e-16
cat__Connection_Date_2020-10-09 00:00:00,3.9276420034487646e-16
cat__Connection_Date_2014-12-28 00:00:00,3.915765101262619e-16
cat__Circuit_ID_5161,3.911743834451496e-16
cat__Connection_Date_2013-11-14 00:00:00,3.891290936457618e-16
cat__Connection_Date_2014-12-29 00:00:00,3.8893923327766727e-16
cat__Circuit_ID_1204004,3.863791501970358e-16
cat__Circuit_ID_3013,3.862208236529403e-16
cat__City_BALDWINSVILLE,3.838347524094521e-16
cat__Circuit_ID_7374,3.837319337121916e-16
cat__Developer_Built Well Solar,3.834105981531456e-16
cat__Circuit_ID_76-1-13,3.8292673816863366e-16
cat__Circuit_ID_99U1,3.8277691924399396e-16
cat__Circuit_ID_41579,3.822903668879729e-16
cat__Connection_Date_2021-01-19 00:00:00,3.816407206788296e-16
cat__Circuit_ID_76-3-13,3.810927983081505e-16
cat__Circuit_ID_36_32_37051,3.8058253074807374e-16
cat__City_Beacon,3.803696535630669e-16
cat__Connection_Date_2004-06-23 00:00:00,3.7986194425627926e-16
cat__Connection_Date_2014-11-29 00:00:00,3.797988615083087e-16
cat__Connection_Date_2018-03-01 00:00:00,3.7951520603619057e-16
cat__Circuit_ID_4202501,3.7845524550418724e-16
cat__Connection_Date_2014-09-18 00:00:00,3.783303527347821e-16
cat__Connection_Date_2020-11-04 00:00:00,3.7715095127667987e-16
cat__Connection_Date_2016-03-01 00:00:00,3.76813370653692e-16
cat__Circuit_ID_9842,3.7634834936490233e-16
cat__Circuit_ID_1109701,3.7600001107808906e-16
cat__Developer_Onforce Solar,3.7483969308135025e-16
cat__Developer_PlugPV LLC,3.7443958883043704e-16
cat__City_N BABYLON,3.73149537189655e-16
cat__City_E NORTHPORT,3.729302271383316e-16
cat__Circuit_ID_5RK262,3.7252077352014e-16
cat__Connection_Date_2016-06-28 00:00:00,3.7235795261759064e-16
cat__Connection_Date_2012-01-27 00:00:00,3.718654210652254e-16
cat__Connection_Date_2023-09-18 00:00:00,3.7176068525540607e-16
cat__Circuit_ID_6L964,3.705668141463184e-16
cat__Circuit_ID_36_32_28185,3.700129597149153e-16
cat__Connection_Date_2023-07-12 00:00:00,3.6961656375794684e-16
cat__Substation_STUVESANT 35,3.6892589241206593e-16
cat__Connection_Date_2016-08-23 00:00:00,3.6808446595807053e-16
cat__Connection_Date_2018-01-10 00:00:00,3.6762470574863263e-16
cat__City_Irvington,3.674043999913503e-16
cat__City_Greenville,3.671111584055805e-16
cat__Connection_Date_2015-07-22 00:00:00,3.663770783812841e-16
cat__Connection_Date_2019-05-02 00:00:00,3.6580503295080884e-16
cat__Connection_Date_2010-09-02 00:00:00,3.6531312350896488e-16
cat__Connection_Date_2022-06-08 00:00:00,3.6414480322850847e-16
cat__Connection_Date_2016-09-21 00:00:00,3.6326139209351467e-16
cat__City_WOODMERE,3.6285776293948575e-16
cat__Connection_Date_2013-10-04 00:00:00,3.6225958080108546e-16
cat__Substation_NYS-ERIE ST 515,3.6207786709840343e-16
cat__City_Millerton,3.6178335201443986e-16
cat__City_CONGERS,3.6166358807111073e-16
cat__Connection_Date_2017-03-21 00:00:00,3.6040713352269303e-16
cat__Circuit_ID_2300520,3.601273583832566e-16
cat__Connection_Date_2017-02-28 00:00:00,3.5942820973948557e-16
cat__Substation_NYS-NAPLES 566,3.5935008399203135e-16
cat__Connection_Date_2016-05-24 00:00:00,3.59121791082842e-16
cat__Connection_Date_2019-03-13 00:00:00,3.582753480189796e-16
cat__Connection_Date_2013-07-26 00:00:00,3.580557439291236e-16
cat__Connection_Date_2019-04-17 00:00:00,3.5790852320265054e-16
cat__City_NAPLES,3.5760499341455585e-16
cat__Connection_Date_2012-02-10 00:00:00,3.563567383595282e-16
cat__Circuit_ID_36_38_29555,3.562315707629543e-16
cat__City_CATTARAUGUS,3.560725918263213e-16
cat__Substation_West Milford,3.552749265483752e-16
cat__Connection_Date_2014-09-09 00:00:00,3.55119138005612e-16
cat__Circuit_ID_2B09,3.5497867320587707e-16
cat__Circuit_ID_3Q82,3.54935818652105e-16
cat__City_Tappan,3.5483671781526226e-16
cat__Connection_Date_2016-10-14 00:00:00,3.545397944142186e-16
cat__City_TAPPAN,3.540097331316389e-16
cat__Circuit_ID_4300202,3.532864863587704e-16
cat__Connection_Date_2017-10-17 00:00:00,3.5281417830507643e-16
cat__Developer_Monahan Solar Energy Inc,3.513996282237009e-16
cat__Connection_Date_2020-08-03 00:00:00,3.5028878613606215e-16
cat__City_Staatsburg,3.485958804850486e-16
cat__Connection_Date_2022-03-22 00:00:00,3.4837607028911863e-16
cat__Circuit_ID_8M5P5,3.481292228695684e-16
"cat__Developer_Molly Fitch (Solar Liberty Energy Systems, Inc.)",3.4795207794388225e-16
cat__Connection_Date_2023-02-18 00:00:00,3.471879882802244e-16
cat__City_CHEEKTOWAGA,3.470580697893298e-16
cat__City_DE KALB JUNCTION,3.468872923824362e-16
cat__City_Acra,3.4664033657526065e-16
cat__Substation_NYS-FOURTH ST 783,3.4638132279371523e-16
cat__Connection_Date_2006-08-15 00:00:00,3.4587258363053936e-16
cat__City_MASS PK,3.4464161829755555e-16
cat__Circuit_ID_9482,3.445807040830929e-16
cat__Circuit_ID_98U3,3.427717341818995e-16
"cat__Developer_Vivint Solar Developer, LLC",3.427083535197294e-16
cat__Circuit_ID_7583,3.423064421352035e-16
cat__Developer_solar solution of long island,3.418357794798669e-16
cat__Connection_Date_2022-04-06 00:00:00,3.410544648389699e-16
cat__Circuit_ID_12W87,3.4072738913865667e-16
cat__Connection_Date_2010-06-30 00:00:00,3.4066188793332495e-16
cat__Connection_Date_2021-07-23 00:00:00,3.4031776562132227e-16
"cat__Developer_Vivint Solar, A Sunrun Company",3.4028530039124657e-16
cat__Circuit_ID_5U218,3.3955346079859943e-16
cat__Circuit_ID_6Q41,3.3898075397891767e-16
cat__Connection_Date_2013-07-04 00:00:00,3.383325217923113e-16
cat__Connection_Date_2016-12-16 00:00:00,3.380674621126441e-16
cat__Connection_Date_2019-06-04 00:00:00,3.380190077453427e-16
cat__Circuit_ID_7Q92,3.379007947121347e-16
cat__Connection_Date_2018-11-07 00:00:00,3.374980609248441e-16
cat__Connection_Date_2019-10-02 00:00:00,3.37222477324817e-16
cat__Connection_Date_2014-10-21 00:00:00,3.3703505306315503e-16
cat__Circuit_ID_8095,3.3688234350893617e-16
cat__Circuit_ID_36_30_40253,3.368456593393093e-16
cat__Substation_NYS-WYNANTSKILL 140,3.351617511874133e-16
cat__Developer_Zach VanDeWalle (Halco Plumbing & Heating),3.343935417270916e-16
cat__Circuit_ID_36_30_42054,3.3428610403017185e-16
cat__City_CAZENOVIA,3.3322537242735423e-16
cat__Circuit_ID_4R76,3.331403748944532e-16
cat__Substation_0115RO5257-3857 Rush Mendon RD,3.331136687091048e-16
cat__Circuit_ID_SD2724,3.327518933004128e-16
cat__Connection_Date_2016-07-22 00:00:00,3.3224511769336506e-16
cat__Connection_Date_2016-12-28 00:00:00,3.3205241370628734e-16
cat__Circuit_ID_254,3.315091197290311e-16
cat__Circuit_ID_5301466,3.3018633946967545e-16
cat__Substation_NYS-TEN MILE RIVER 443,3.2904996983757595e-16
cat__Circuit_ID_NYSEG,3.2896409603754726e-16
cat__Circuit_ID_36_04_1263,3.2848918727248664e-16
cat__Connection_Date_2015-05-08 00:00:00,3.28432840013853e-16
cat__Connection_Date_2016-07-15 00:00:00,3.2834282728279727e-16
cat__Circuit_ID_8043,3.280522349709523e-16
cat__City_ANCRAM,3.2711637012588094e-16
cat__Connection_Date_2019-10-25 00:00:00,3.2708497165703544e-16
cat__Circuit_ID_4302303,3.2621915397301735e-16
cat__Connection_Date_2016-10-13 00:00:00,3.2567055453777546e-16
cat__Developer_Apex Solar Power,3.24884011562533e-16
cat__Connection_Date_2020-06-17 00:00:00,3.237371597730161e-16
cat__Circuit_ID_79-1-13,3.236062291330212e-16
cat__Connection_Date_2015-10-12 00:00:00,3.2289684735618573e-16
cat__Connection_Date_2019-03-05 00:00:00,3.2271500656952467e-16
cat__Circuit_ID_7638,3.2071641384687835e-16
cat__Circuit_ID_428,3.1949997679758476e-16
cat__Connection_Date_2013-03-21 00:00:00,3.1910840756633898e-16
cat__Circuit_ID_3X66,3.182719628522327e-16
cat__Circuit_ID_9251,3.1741750153078636e-16
cat__Developer_Larry Andrews (Upstate Alternative Energy),3.168320784755853e-16
cat__Circuit_ID_95U1,3.164471432215563e-16
cat__Developer_Bethpage Solar,3.163762128248593e-16
cat__Connection_Date_2016-04-07 00:00:00,3.1575106768257205e-16
cat__Connection_Date_2019-04-29 00:00:00,3.1548563796074335e-16
cat__Connection_Date_2018-06-06 00:00:00,3.153495449643458e-16
cat__City_Mastic Bch,3.1483241350499015e-16
cat__Connection_Date_2023-09-29 00:00:00,3.1466894056666343e-16
cat__Connection_Date_2013-03-19 00:00:00,3.142760355425342e-16
cat__Connection_Date_2020-07-15 00:00:00,3.1365327616459795e-16
cat__Connection_Date_2023-08-04 00:00:00,3.1330623561316955e-16
cat__Circuit_ID_0419RO5120,3.1267481913715516e-16
cat__Substation_Hunt,3.126276085090479e-16
cat__Substation_Sturgeon Pool,3.1193307846997317e-16
cat__Connection_Date_2020-06-16 00:00:00,3.1152617417685372e-16
cat__Developer_core states construction,3.110204701727474e-16
cat__City_Roslyn Heights,3.1056547817444936e-16
cat__Connection_Date_2014-12-03 00:00:00,3.0954178496362574e-16
cat__Circuit_ID_2401611,3.093903196581406e-16
cat__City_CHURCHVILLE,3.085643888622937e-16
cat__Circuit_ID_BWB NWK,3.08190624132438e-16
cat__Connection_Date_2023-10-27 00:00:00,3.0815479584825253e-16
cat__City_CAMBRIA HEIGHTS,3.073980662051414e-16
cat__Circuit_ID_4046,3.0670642898395624e-16
cat__Developer_Lotus Energy,3.066569886503173e-16
cat__Connection_Date_2011-02-02 00:00:00,3.064423603742586e-16
cat__Circuit_ID_5R027,3.063464263969391e-16
cat__Connection_Date_2022-12-18 00:00:00,3.062115791956257e-16
cat__Connection_Date_2019-05-24 00:00:00,3.060273751202102e-16
cat__Connection_Date_2023-10-04 00:00:00,3.0594023719610815e-16
cat__Circuit_ID_36_38_45052,3.059200094857055e-16
cat__Connection_Date_2020-08-12 00:00:00,3.0539767048492026e-16
cat__Circuit_ID_0042RO2197,3.0527317891258137e-16
cat__Circuit_ID_36_01_6168,3.052497848711418e-16
cat__Substation_NYS-BAINBRIDGE 012,3.0492592074123585e-16
cat__Connection_Date_2015-01-30 00:00:00,3.0459096560775354e-16
cat__City_East Elmhurst,3.04222717330858e-16
cat__Substation_0132LS5293-Dean Parkway,3.0400512824442173e-16
cat__Substation_New Baltimore,3.0327571519107335e-16
cat__Connection_Date_2023-04-26 00:00:00,3.0257499682025867e-16
cat__Circuit_ID_36_39_34257,3.0224142959850944e-16
cat__Developer_sunpower,3.019096337746847e-16
cat__Circuit_ID_0017RO0492,3.0006795287255543e-16
cat__Connection_Date_2016-05-28 00:00:00,3.000148433348013e-16
cat__Connection_Date_2021-07-15 00:00:00,2.9969886083528954e-16
cat__City_FARMINGDALE,2.981295215591472e-16
cat__Circuit_ID_2KB499,2.9789456202238063e-16
cat__Connection_Date_2017-07-06 00:00:00,2.9749743832122005e-16
cat__Circuit_ID_5H071,2.97248207751377e-16
cat__Developer_Roof Diagnostics Solar & Elec of NY,2.9687101044163677e-16
cat__City_Miller PL,2.9669104644049157e-16
cat__City_West Hurley,2.9625284621033554e-16
cat__Connection_Date_2022-08-12 00:00:00,2.962475173053255e-16
cat__Connection_Date_2015-09-28 00:00:00,2.962040921482043e-16
cat__Circuit_ID_8045,2.9605322901539757e-16
cat__Circuit_ID_10B65,2.9589682137430053e-16
cat__Circuit_ID_6B49,2.958353789999117e-16
cat__Connection_Date_2022-11-09 00:00:00,2.954107510948529e-16
cat__Circuit_ID_5U8K4,2.9502484170623093e-16
cat__Connection_Date_2018-09-04 00:00:00,2.950048648414597e-16
cat__Connection_Date_2018-03-27 00:00:00,2.947728730098717e-16
cat__City_STUYVESANT,2.94391417491469e-16
cat__Connection_Date_2017-10-04 00:00:00,2.9418676061778867e-16
cat__Circuit_ID_390,2.9328089435651935e-16
cat__Connection_Date_2016-07-20 00:00:00,2.927827148195266e-16
cat__Connection_Date_2021-03-16 00:00:00,2.921281694187637e-16
cat__Developer_William Timkey,2.9205598901363913e-16
cat__Connection_Date_2020-03-23 00:00:00,2.909951727724263e-16
cat__Circuit_ID_4743,2.9032734271055695e-16
cat__Connection_Date_2020-02-20 00:00:00,2.9001364838222396e-16
cat__Developer_Hollitronics Energy Solutions,2.8978346341172073e-16
cat__Connection_Date_2017-05-23 00:00:00,2.8953002590089965e-16
cat__Connection_Date_2014-04-23 00:00:00,2.881507374240714e-16
cat__Connection_Date_2017-01-13 00:00:00,2.87361331609135e-16
cat__Circuit_ID_SUNSID2,2.8698719461342913e-16
cat__Connection_Date_2022-09-13 00:00:00,2.868256495643978e-16
cat__Connection_Date_2017-08-17 00:00:00,2.866778263578238e-16
cat__Connection_Date_2015-11-17 00:00:00,2.8614604167606333e-16
cat__Connection_Date_2021-05-13 00:00:00,2.859091512106617e-16
cat__Circuit_ID_6882,2.847034321958395e-16
cat__Connection_Date_2010-06-17 00:00:00,2.8399016618889624e-16
"cat__Developer_Inverters Unlimited, Inc.",2.8399016385709736e-16
cat__Connection_Date_2023-03-01 00:00:00,2.838420231372114e-16
cat__Circuit_ID_36_32_322151,2.8362598498203287e-16
cat__City_SOUTHAMPTON,2.833740568641175e-16
cat__Connection_Date_2022-07-15 00:00:00,2.8151468967568193e-16
cat__Connection_Date_2017-12-01 00:00:00,2.810874135800087e-16
cat__Division_038-Glens Falls,2.806395243809874e-16
cat__Connection_Date_2013-10-22 00:00:00,2.8046837767557864e-16
cat__Connection_Date_2017-04-28 00:00:00,2.803378764158257e-16
cat__Connection_Date_2016-02-07 00:00:00,2.7987580950169573e-16
cat__Connection_Date_2022-01-15 00:00:00,2.7971252833575785e-16
cat__Substation_NYS-DRYDEN 734,2.7930674192574815e-16
cat__Developer_Mark Volcko (United Solar Panel LLC),2.786261588494967e-16
cat__Circuit_ID_6404,2.7851937317160487e-16
cat__Circuit_ID_5084,2.783883956482539e-16
cat__City_Mamaroneck,2.7796647236001575e-16
cat__Connection_Date_2016-07-28 00:00:00,2.7713724507408095e-16
cat__Developer_Brian Mosher (3rdRocSolar),2.76981000614458e-16
cat__Circuit_ID_4B11,2.769690770961981e-16
cat__Circuit_ID_36_23_77354,2.7695776094359403e-16
cat__Circuit_ID_9B12,2.7596372078409744e-16
cat__Developer_Solar PM (CIR Electrical Construction Corp),2.7542511589515174e-16
cat__Circuit_ID_9J957,2.7512290031652185e-16
cat__Substation_MALTA 443,2.750744839164649e-16
cat__Circuit_ID_5D278,2.7489501784044254e-16
cat__Circuit_ID_36_30_27651,2.7476408688588377e-16
cat__Connection_Date_2020-04-07 00:00:00,2.7451838678224994e-16
cat__Substation_6W,2.7439561842260515e-16
cat__City_DOVER PLAINS,2.7402641687366356e-16
cat__Connection_Date_2021-10-30 00:00:00,2.7392643163633905e-16
cat__Circuit_ID_2H589,2.7383711658278053e-16
cat__Circuit_ID_5024,2.736698383684881e-16
cat__Connection_Date_2008-10-22 00:00:00,2.735415569197338e-16
cat__Circuit_ID_36_31_37252,2.733341220618317e-16
cat__Connection_Date_2015-09-22 00:00:00,2.7321577770514333e-16
cat__Connection_Date_2023-11-28 00:00:00,2.7260806776447845e-16
cat__Connection_Date_2022-09-06 00:00:00,2.7176805423078433e-16
cat__Connection_Date_2019-05-14 00:00:00,2.7166833823214564e-16
cat__Connection_Date_2022-07-02 00:00:00,2.7157098093754296e-16
cat__Connection_Date_2021-09-21 00:00:00,2.703645107673408e-16
cat__Connection_Date_2023-08-30 00:00:00,2.701940590570922e-16
cat__Connection_Date_2013-09-23 00:00:00,2.7015566639784676e-16
cat__Circuit_ID_36_33_30352,2.7010905810680683e-16
cat__Circuit_ID_8A711,2.7002227020555894e-16
cat__Connection_Date_2022-08-04 00:00:00,2.699183974328046e-16
cat__Substation_3J,2.695240151214311e-16
cat__City_BLOOMINGBURG,2.6898318916465493e-16
cat__Connection_Date_2021-07-28 00:00:00,2.687435113453872e-16
cat__City_WANTAGH,2.681326504604591e-16
cat__Connection_Date_2017-09-29 00:00:00,2.6800615528950203e-16
cat__Developer_SunDog Solar,2.67952289138125e-16
cat__Connection_Date_2021-07-26 00:00:00,2.665193460053632e-16
cat__Connection_Date_2016-07-29 00:00:00,2.664861250530466e-16
cat__City_E MORICHES,2.6493966691058703e-16
cat__Circuit_ID_15U2,2.6373425295500883e-16
cat__Circuit_ID_7S7P8,2.635754998252321e-16
cat__Connection_Date_2017-03-23 00:00:00,2.6298599255401976e-16
cat__Substation_NYS-BELLONA 201,2.628923580215523e-16
cat__City_NANUET,2.6210303720561294e-16
cat__Circuit_ID_4AH363,2.619808279822706e-16
cat__Connection_Date_2023-01-06 00:00:00,2.614247972521966e-16
cat__Circuit_ID_6B51,2.6131688653879226e-16
cat__Connection_Date_2022-04-23 00:00:00,2.6095266523837867e-16
cat__Circuit_ID_36_30_07854,2.6062369817983945e-16
cat__Connection_Date_2014-03-28 00:00:00,2.6041202317471727e-16
cat__City_ORANGEBURG,2.601972356280144e-16
cat__Connection_Date_2016-09-28 00:00:00,2.599697898087745e-16
cat__Circuit_ID_3020,2.5981749965550258e-16
cat__Connection_Date_2015-04-28 00:00:00,2.591762466794077e-16
cat__Circuit_ID_2W444,2.591093344935622e-16
cat__Circuit_ID_8066,2.5899764716267686e-16
cat__City_TURIN,2.5857217395044594e-16
cat__Connection_Date_2022-11-02 00:00:00,2.5833220466249863e-16
cat__Connection_Date_2023-04-10 00:00:00,2.5831108700665684e-16
cat__City_Washingtonvl,2.5795425404806696e-16
cat__City_Greenvl,2.57619703048944e-16
cat__Circuit_ID_2300712,2.5756914393843715e-16
cat__Connection_Date_2012-08-15 00:00:00,2.5663325040950524e-16
cat__Connection_Date_2016-10-12 00:00:00,2.5649182035663768e-16
cat__Circuit_ID_36_06_7863,2.5628671869239587e-16
cat__City_Ancram,2.562515480994937e-16
cat__Circuit_ID_5454,2.5603182117549387e-16
cat__Circuit_ID_9B13,2.559116017830393e-16
cat__Circuit_ID_1Q01,2.558001947132797e-16
cat__City_Greenwood Lake,2.552366006111642e-16
cat__Circuit_ID_36_03_7462,2.5465666445372017e-16
cat__Circuit_ID_4421,2.5454212056269394e-16
cat__City_WESTBURY,2.5446260874480946e-16
cat__Substation_NYS-CRAFTS 422,2.544412962770733e-16
cat__Circuit_ID_7042,2.5443966699420207e-16
cat__Connection_Date_2012-05-21 00:00:00,2.5384396298758524e-16
cat__City_Shelter IS,2.538316850390096e-16
cat__Developer_Powerhouse Solar,2.5375270805151197e-16
cat__City_EAST CHATHAM,2.5366138034437256e-16
cat__Circuit_ID_2M597,2.521865324763941e-16
cat__Connection_Date_2011-10-19 00:00:00,2.514705906384687e-16
cat__Developer_Excel Earth Energy,2.509308936517156e-16
cat__Circuit_ID_7B02,2.5055057634531594e-16
cat__City_Williston Park,2.50447652826121e-16
cat__Circuit_ID_36_30_22151,2.496211145833835e-16
cat__Connection_Date_2010-05-21 00:00:00,2.4957136909470897e-16
cat__Circuit_ID_4W236,2.493674954501225e-16
cat__City_ALEXANDER,2.4896008509839387e-16
cat__Circuit_ID_36_35_39252,2.488277157552849e-16
cat__Circuit_ID_1107843,2.4876705036179314e-16
cat__Connection_Date_2023-04-22 00:00:00,2.487163921554366e-16
cat__Circuit_ID_2R39,2.482252823501838e-16
cat__Connection_Date_2021-10-05 00:00:00,2.465075247058459e-16
cat__Developer_Achilles Tzoulafis (Infinity Solar Systems),2.4650341137687145e-16
cat__Circuit_ID_12542,2.461181579060835e-16
cat__Circuit_ID_8017,2.445905290137672e-16
cat__Connection_Date_2022-05-23 00:00:00,2.4394896195242526e-16
cat__Connection_Date_2017-06-29 00:00:00,2.439355836987488e-16
cat__Connection_Date_2017-12-12 00:00:00,2.4349247668624934e-16
cat__Connection_Date_2011-05-04 00:00:00,2.4316642955497365e-16
cat__City_Mountain Dale,2.426269533360814e-16
cat__Substation_HOAG,2.4251456593067146e-16
cat__Connection_Date_2020-03-13 00:00:00,2.4155233778188478e-16
cat__Circuit_ID_6Q675,2.412957968866418e-16
cat__Circuit_ID_4B113,2.410837954876149e-16
cat__City_Barryville,2.4088376903610066e-16
cat__Connection_Date_2015-04-09 00:00:00,2.403198411693814e-16
cat__Circuit_ID_3100809,2.402430887147114e-16
cat__Circuit_ID_1R81,2.4022267421843487e-16
cat__Substation_Greenbush,2.4021198635948107e-16
cat__Circuit_ID_5241,2.393530715804843e-16
cat__Developer_Advanced Solar Power LLC,2.39299049578048e-16
cat__Circuit_ID_20W63,2.389180272998928e-16
cat__Connection_Date_2022-01-10 00:00:00,2.379535178191952e-16
cat__Circuit_ID_3200502,2.3754935693454046e-16
cat__Connection_Date_2014-08-07 00:00:00,2.3716970082763305e-16
cat__Circuit_ID_36_11_26953,2.371399798607404e-16
cat__Connection_Date_2008-03-07 00:00:00,2.37122288484665e-16
cat__Connection_Date_2018-03-15 00:00:00,2.362822553443419e-16
cat__City_WADING RIV,2.36170216553902e-16
cat__Circuit_ID_36_04_1863,2.359236493144929e-16
cat__Substation_0214LS2146-RTE 104,2.3589570025284006e-16
cat__Circuit_ID_19W14,2.3581285951280656e-16
cat__Circuit_ID_6L4H6,2.3571938110217715e-16
cat__Circuit_ID_27-1-13,2.350786938823152e-16
cat__Division_023 - Lowville,2.3488819888123385e-16
cat__Substation_MCKOWNVILLE 327,2.3411680417711457e-16
cat__Circuit_ID_36_32_26551,2.340488437129764e-16
cat__Connection_Date_2020-01-27 00:00:00,2.336698509395161e-16
cat__Circuit_ID_9522,2.3347427474364056e-16
cat__Circuit_ID_4M9H6,2.3302538792746006e-16
cat__Connection_Date_2018-07-27 00:00:00,2.330225732643599e-16
cat__Substation_GILBERT MILLS 247,2.325506083175389e-16
cat__Developer_Momentum solar,2.3250764429237805e-16
cat__Connection_Date_2023-04-12 00:00:00,2.3235042326773496e-16
cat__Connection_Date_2014-02-25 00:00:00,2.3157913608220117e-16
cat__Connection_Date_2019-09-17 00:00:00,2.315477185485854e-16
cat__Connection_Date_2018-04-26 00:00:00,2.3128001994785386e-16
cat__Developer_Catskill Solar,2.30919392084484e-16
cat__Circuit_ID_2G414,2.3012865143019915e-16
cat__Connection_Date_2021-03-18 00:00:00,2.300808611534795e-16
cat__Substation_COLVIN AVE 313,2.299470202403012e-16
cat__Connection_Date_2008-10-09 00:00:00,2.29624315558265e-16
cat__Connection_Date_2011-11-04 00:00:00,2.2878283991894077e-16
cat__Developer_Mark Volcko (Freedom Solar LLC),2.286252529632277e-16
cat__Connection_Date_2020-06-23 00:00:00,2.274390016009417e-16
cat__Circuit_ID_17W33,2.2740230061040907e-16
cat__Connection_Date_2016-03-22 00:00:00,2.267597045077e-16
cat__Connection_Date_2016-03-23 00:00:00,2.2665836666405097e-16
cat__City_Staten island,2.266368182714065e-16
cat__Connection_Date_2013-10-28 00:00:00,2.264708354754917e-16
cat__City_Milan,2.2594305202675877e-16
cat__City_Windham,2.2495726884545026e-16
cat__Circuit_ID_36_11_22767,2.2494252947104253e-16
cat__Connection_Date_2017-02-03 00:00:00,2.24878492739207e-16
cat__Connection_Date_2020-11-17 00:00:00,2.2486677014570826e-16
cat__Circuit_ID_7W50,2.2447197648789414e-16
cat__Connection_Date_2018-07-20 00:00:00,2.244434883555499e-16
cat__Connection_Date_2023-04-11 00:00:00,2.243462117331862e-16
cat__Connection_Date_2012-12-06 00:00:00,2.2431194857293715e-16
cat__City_Spring Valley,2.2388320958940043e-16
cat__Circuit_ID_45-1-13,2.2385852083588246e-16
cat__Developer_Lea Springstead (Hudson Solar),2.238231957650571e-16
cat__City_AMAGANSETT,2.2370557736777143e-16
cat__Connection_Date_2023-06-21 00:00:00,2.23646974899552e-16
cat__Substation_NYS-GENEGANTSLET CORNERS 422,2.233471343384403e-16
cat__Connection_Date_2019-02-04 00:00:00,2.2333225214902717e-16
cat__City_E Northport,2.2320966754358707e-16
cat__Circuit_ID_8023,2.2297826635068034e-16
cat__City_Franklin SQ,2.2293709317303114e-16
cat__Substation_FORTS FERRY 459,2.228836446455095e-16
cat__Substation_0056RO5178-168 W Jefferson RD,2.227858674824087e-16
cat__City_Whitney Point,2.2275013360122546e-16
cat__Connection_Date_2011-12-18 00:00:00,2.220718526145107e-16
cat__Connection_Date_2015-01-13 00:00:00,2.215646922421024e-16
cat__Developer_John DeRouchey (Halco Plumbing & Heating),2.2140534091483133e-16
cat__City_Clintondale,2.2118958018793386e-16
cat__Connection_Date_2023-08-09 00:00:00,2.2053895146312867e-16
cat__Circuit_ID_2X02,2.1989909622398978e-16
cat__Connection_Date_2022-11-03 00:00:00,2.1983734548525548e-16
cat__City_GALWAY,2.1913788030396108e-16
cat__Circuit_ID_5608,2.1908495998747254e-16
cat__Substation_BARKER 78,2.187884882687266e-16
cat__City_Arverne,2.1781800587465396e-16
cat__Connection_Date_2016-06-16 00:00:00,2.1716305788432066e-16
cat__Connection_Date_2007-09-07 00:00:00,2.1705726485030023e-16
cat__Connection_Date_2008-10-10 00:00:00,2.1697042059100715e-16
cat__Circuit_ID_5X67,2.163898018963251e-16
cat__Connection_Date_2013-04-19 00:00:00,2.1602007249318468e-16
cat__Developer_Michele Csapo (Vivint Solar),2.154652460198309e-16
cat__Substation_FIREHOUSE RD 449,2.1545825516516837e-16
cat__City_Freehold,2.151969501677225e-16
cat__Circuit_ID_1205403,2.1504720090934703e-16
cat__Substation_NYS-MELLONVILLE 151,2.1476155079268883e-16
cat__Connection_Date_2016-05-12 00:00:00,2.1463621215325477e-16
cat__Developer_Home Comfort Labs,2.146157814735155e-16
cat__Connection_Date_2021-10-22 00:00:00,2.144139243061347e-16
cat__Connection_Date_2010-12-14 00:00:00,2.1344688047007296e-16
cat__Circuit_ID_43U3,2.1340578100172205e-16
cat__Connection_Date_2021-05-24 00:00:00,2.1265908223786187e-16
cat__Developer_You Save Green,2.126478410251178e-16
cat__Connection_Date_2015-04-23 00:00:00,2.1237100230319107e-16
cat__Circuit_ID_8AX649,2.122844596180984e-16
cat__Substation_Westerlo,2.121161478474971e-16
cat__Circuit_ID_1105582,2.112240715660187e-16
cat__Connection_Date_2022-11-15 00:00:00,2.111877959355555e-16
cat__Connection_Date_2016-09-19 00:00:00,2.105217843235767e-16
cat__Developer_KPS Solar,2.1047939701046362e-16
cat__Developer_Sol Providers,2.096377897471876e-16
cat__Circuit_ID_4M164,2.0940705359068951e-16
cat__City_Franklin Square,2.0931416233197818e-16
cat__Circuit_ID_1105868,2.0910762460168344e-16
cat__Circuit_ID_2403736,2.0874923986592668e-16
cat__Circuit_ID_1105722,2.0859455791251121e-16
cat__City_W Sayville,2.0806541553685267e-16
cat__Connection_Date_2022-11-18 00:00:00,2.0758989020293457e-16
"cat__Developer_Onsite Energy, Inc.",2.0730229155873873e-16
cat__Developer_Albert Abbott (Abbott Tree Farm and Research Assoc,2.068592591834378e-16
cat__Circuit_ID_36_29_98455,2.0671979427800464e-16
cat__Substation_NYS-BEDFORD HILLS 227,2.0663180393054937e-16
cat__Connection_Date_2013-07-25 00:00:00,2.0652839396650903e-16
cat__Circuit_ID_71-8-13,2.0610961228889997e-16
cat__Circuit_ID_6Q26,2.0568694206656331e-16
cat__Substation_SODEMAN ROAD,2.0550221586381273e-16
cat__Connection_Date_2021-03-11 00:00:00,2.0488725089879547e-16
cat__Substation_ELNORA 442,2.0422512865980629e-16
cat__Circuit_ID_36_39_44356,2.037626303990041e-16
cat__Substation_0017RO0492-722 Jefferson Ave,2.0361416243072523e-16
cat__Developer_Patriot Energy Solutions,2.029207296421616e-16
cat__Substation_Washington Heights,2.0284803416951595e-16
cat__City_Bainbridge,2.0242591345869577e-16
cat__Connection_Date_2013-01-29 00:00:00,2.0090117237063927e-16
cat__Connection_Date_2017-11-28 00:00:00,2.0046180224033973e-16
cat__Circuit_ID_4302203,1.9981932559160085e-16
cat__Connection_Date_2022-08-15 00:00:00,1.9961594850602656e-16
cat__Circuit_ID_3J197,1.9922760313459284e-16
cat__City_Clarence,1.9913668340542107e-16
cat__Connection_Date_2023-03-07 00:00:00,1.9911057126062674e-16
cat__Circuit_ID_6HL816,1.98899170755301e-16
cat__Connection_Date_2014-12-22 00:00:00,1.9756693234676822e-16
cat__City_GLEN COVE,1.972491309706721e-16
cat__Substation_HARRIS RD 235,1.968777967184796e-16
cat__Circuit_ID_1092,1.967440891048219e-16
cat__Circuit_ID_22-7-13,1.966841090350796e-16
cat__Substation_SCHODACK 451,1.965121887491903e-16
cat__Circuit_ID_4X6P2,1.9582453796221443e-16
cat__City_BURNT HILLS,1.957674026331458e-16
cat__Circuit_ID_111,1.952561095397325e-16
cat__Developer_James Brigandi,1.9496365742554349e-16
cat__Substation_9C,1.9472719865501947e-16
cat__Developer_Qwik Solar LLC,1.94587205716178e-16
cat__Developer_SUNCO,1.9442545371977442e-16
cat__Circuit_ID_36_41_42951,1.9435937713004857e-16
cat__Substation_ATTICA 12,1.942033448133677e-16
cat__Division_026-Clayton,1.939332832773399e-16
cat__Developer_Sungineer Solar,1.930582236092977e-16
cat__Circuit_ID_7D8K2,1.9249692750093597e-16
cat__Circuit_ID_6L4H7,1.9203567075473693e-16
cat__Developer_Steven Mammoser (SunDog Solar),1.9127954817262817e-16
cat__Developer_Suncommon Rhinebeck (SunCommon),1.9123715618550145e-16
cat__City_Lido Bch,1.9114293078400377e-16
cat__Connection_Date_2000-12-21 00:00:00,1.90900563560111e-16
cat__Connection_Date_2014-09-20 00:00:00,1.9072320877004778e-16
cat__City_MAMARONECK,1.9052932005178703e-16
cat__Developer_SED dba SunCommon,1.902120269304985e-16
cat__City_Highland,1.8975432490858311e-16
cat__City_Leeds,1.889257866625932e-16
cat__Circuit_ID_4B04,1.8873097756774253e-16
cat__Substation_Willowbrook,1.884045029651895e-16
cat__Circuit_ID_3H080,1.8802963194854625e-16
cat__Connection_Date_2016-04-01 00:00:00,1.8802007775431375e-16
cat__City_Carle Place,1.8801927985243832e-16
cat__Substation_NYS-WEST WINFIELD 260,1.8770340638741452e-16
cat__Substation_4GH,1.8747223141420202e-16
cat__Connection_Date_2016-08-18 00:00:00,1.8698331258823972e-16
cat__Circuit_ID_36_11_24751,1.868139316523024e-16
cat__Connection_Date_2018-10-30 00:00:00,1.8664194617053114e-16
cat__Connection_Date_2013-06-28 00:00:00,1.8606948115912744e-16
cat__Circuit_ID_8102301,1.8602182273902363e-16
cat__Circuit_ID_8SM3N9,1.859030937157665e-16
cat__Circuit_ID_5Q32,1.8565781625971048e-16
cat__Developer_Damiani and Sun Inc.,1.8523939335773425e-16
cat__City_DELANSON,1.8423704599918552e-16
cat__Substation_NYS-CANTITOE 497,1.8419806135294257e-16
cat__Connection_Date_2016-04-18 00:00:00,1.8415942734816649e-16
cat__Substation_NYS-MORRISVILLE 266,1.836939264208253e-16
cat__Circuit_ID_109-3-13,1.8364949106887116e-16
cat__Circuit_ID_50-4-13,1.8332179327118878e-16
cat__Connection_Date_2018-05-21 00:00:00,1.8320583598617075e-16
cat__Circuit_ID_7Q67,1.831632635010642e-16
cat__Circuit_ID_5B373,1.8267862421855172e-16
cat__Substation_NYS-SPENCER 712,1.8241563987635693e-16
cat__Developer_Allen Frishman,1.8216323728314827e-16
cat__Circuit_ID_36_31_12351,1.8190395333694164e-16
cat__Connection_Date_2017-05-25 00:00:00,1.8141104136467997e-16
cat__Connection_Date_2008-08-04 00:00:00,1.812116671603426e-16
cat__Connection_Date_2014-05-12 00:00:00,1.8102541892909659e-16
cat__City_Woodstock,1.8054504344814578e-16
cat__Connection_Date_2021-09-22 00:00:00,1.8041617557745546e-16
cat__Circuit_ID_6S1L7,1.8021764737585063e-16
cat__Connection_Date_2019-07-11 00:00:00,1.7964608099182e-16
cat__Connection_Date_2012-05-09 00:00:00,1.7873721372896328e-16
cat__Connection_Date_2013-08-20 00:00:00,1.7826977389620255e-16
cat__Substation_5B,1.7803629591316064e-16
cat__Circuit_ID_4R96,1.777181432847507e-16
cat__Circuit_ID_4400203,1.7768979149192584e-16
cat__City_SEVERANCE,1.776529065629221e-16
cat__Connection_Date_2012-10-24 00:00:00,1.770288528177504e-16
cat__City_CENTRAL NYACK,1.770090613694548e-16
cat__Connection_Date_2010-07-09 00:00:00,1.7700504145471786e-16
cat__Connection_Date_2009-10-21 00:00:00,1.76737011851634e-16
cat__City_OYSTER BAY,1.7673337936442007e-16
cat__Connection_Date_2010-01-07 00:00:00,1.7662257828818895e-16
cat__Circuit_ID_5X35,1.758944453194677e-16
cat__Connection_Date_2022-07-17 00:00:00,1.7571413291605687e-16
cat__Circuit_ID_8QR894,1.7543342839447883e-16
cat__Substation_SAND CREEK 452,1.752560926663599e-16
cat__Circuit_ID_16M3-11-13,1.7500189872104416e-16
cat__City_Spencer,1.7485898852900836e-16
cat__Connection_Date_2018-08-20 00:00:00,1.7475066566090457e-16
cat__Circuit_ID_3A355,1.7412842540497986e-16
cat__Circuit_ID_5D058,1.7354970279790682e-16
cat__Circuit_ID_7085,1.7305745024877193e-16
cat__City_SAGAPONACK,1.730469683412e-16
cat__Connection_Date_2018-09-24 00:00:00,1.7298974147043547e-16
cat__Circuit_ID_9Q42,1.7280823497014215e-16
cat__Substation_NYS-RANO BLVD 694,1.7266772270625751e-16
cat__Circuit_ID_5R26,1.7233155332365105e-16
cat__Connection_Date_2018-06-22 00:00:00,1.720335381211484e-16
cat__Circuit_ID_89U1,1.7166562975618075e-16
cat__Circuit_ID_7D688,1.7135746790816033e-16
cat__Substation_0419RO5120-Lehigh Station RD,1.712500401212488e-16
cat__Connection_Date_2023-10-10 00:00:00,1.7096405864702415e-16
cat__Circuit_ID_8GX8H5,1.7078068445042862e-16
cat__Connection_Date_2020-09-30 00:00:00,1.7073820238940655e-16
cat__Connection_Date_2020-05-30 00:00:00,1.7027520261302462e-16
cat__Circuit_ID_4MG291,1.6993722424929902e-16
cat__Circuit_ID_6P5H3,1.6970072484462935e-16
cat__Circuit_ID_8W674,1.6944961218988884e-16
cat__Developer_sunrise power solutions,1.690097076965005e-16
cat__Circuit_ID_12W93,1.6891145107244055e-16
cat__Circuit_ID_9614,1.6877855406521656e-16
cat__Connection_Date_2011-08-08 00:00:00,1.6844230602631426e-16
cat__Connection_Date_2020-01-30 00:00:00,1.6837613493448347e-16
cat__Connection_Date_2019-02-14 00:00:00,1.67916255109906e-16
cat__Circuit_ID_5073,1.6786683851310853e-16
cat__Developer_Winter Clark (ETM Solar Works),1.675374505387442e-16
cat__City_SETAUKET,1.66806769971951e-16
cat__Substation_WORCESTER 189,1.6677470378051838e-16
cat__City_VESTAL,1.6636675038231079e-16
cat__Connection_Date_2023-10-18 00:00:00,1.6629568845249385e-16
cat__Circuit_ID_7062,1.6626188618684155e-16
cat__City_Congers,1.6518349943527318e-16
cat__Circuit_ID_8015,1.6499897869233864e-16
cat__Circuit_ID_8W664,1.6443089243546026e-16
cat__Circuit_ID_7MM845,1.643960285791606e-16
cat__Circuit_ID_36_41_41851,1.643089010637024e-16
cat__Circuit_ID_36_30_31386,1.6402166982257527e-16
cat__Substation_0042RO2197-25 Yarmouth RD,1.638183457807143e-16
cat__Connection_Date_2018-12-31 00:00:00,1.6353805451634654e-16
cat__Substation_NYS-RUTLAND 131,1.6293946191285811e-16
cat__Connection_Date_2010-03-31 00:00:00,1.6276552269798833e-16
cat__Connection_Date_2014-09-15 00:00:00,1.6269611043779046e-16
cat__Substation_0198LS5227-Corner RTE 104 & 38,1.6227845744377153e-16
cat__Circuit_ID_8104102,1.6209091583226792e-16
cat__Circuit_ID_9257,1.619334580412816e-16
cat__City_Wappingers Falls,1.6188046605038288e-16
cat__Developer_Kassleman Solar,1.61795226861185e-16
cat__Connection_Date_2023-01-25 00:00:00,1.6160010526445789e-16
cat__Circuit_ID_36_28_91453,1.6148701427323182e-16
cat__Substation_EVERETT RD 420,1.614835824005799e-16
cat__Circuit_ID_36_04_0457,1.610738716494625e-16
cat__Circuit_ID_36_05_3662,1.6091990051292846e-16
cat__Circuit_ID_FERNAR2,1.6057085505151913e-16
cat__City_Pawling,1.6049903285662064e-16
cat__City_N MERRICK,1.6045411234643291e-16
cat__Connection_Date_2023-07-05 00:00:00,1.60166794392934e-16
cat__Circuit_ID_53-6-13,1.5987523374279025e-16
cat__Circuit_ID_EASTCH1,1.5883776706632036e-16
cat__Circuit_ID_4301002,1.5874107727314924e-16
cat__Connection_Date_2015-01-20 00:00:00,1.586284874161985e-16
cat__Substation_4AH,1.578773215230426e-16
cat__Developer_Enlighten Power Solutions,1.5783968830840005e-16
cat__Connection_Date_2021-02-09 00:00:00,1.5766874281898775e-16
cat__City_Bearsvl,1.5622018076750666e-16
cat__City_MIDDLEPORT,1.5566586086391013e-16
cat__Connection_Date_2019-10-14 00:00:00,1.5548654744021173e-16
cat__Connection_Date_2015-10-07 00:00:00,1.554678547940628e-16
cat__Substation_ALTAMONT 283,1.549128143844041e-16
cat__Connection_Date_2022-06-10 00:00:00,1.5487454885382325e-16
cat__Substation_Bloomingburg,1.541576990986312e-16
cat__Connection_Date_2019-09-04 00:00:00,1.5377833095376667e-16
cat__Circuit_ID_12U2,1.5372378783538786e-16
cat__Connection_Date_2015-02-13 00:00:00,1.5341634865473285e-16
cat__Circuit_ID_6063,1.5341551287768814e-16
cat__Connection_Date_2023-03-17 00:00:00,1.5265389223906586e-16
cat__Connection_Date_2017-01-11 00:00:00,1.5242356804976391e-16
cat__Connection_Date_2023-11-17 00:00:00,1.5232857534763063e-16
cat__City_Spencerport,1.5199776671508122e-16
cat__Connection_Date_2015-07-07 00:00:00,1.5188812089262117e-16
cat__City_PORT JERVIS,1.5179558167889273e-16
cat__Substation_NYS-STATE ST 710,1.516745860595501e-16
cat__Connection_Date_2018-11-06 00:00:00,1.5142771629776712e-16
cat__Circuit_ID_2305066,1.5136627258061112e-16
cat__Connection_Date_2016-10-05 00:00:00,1.5109738603675316e-16
cat__Connection_Date_2019-12-13 00:00:00,1.510865538148497e-16
cat__Substation_NYS-MOUNTAINDALE 206,1.5046961597868887e-16
cat__City_Lansing,1.5045044187253316e-16
cat__Circuit_ID_11/1/2013,1.504387450116469e-16
cat__Circuit_ID_102-1-13,1.502386524801708e-16
cat__Substation_SHARON 363,1.501897478704104e-16
cat__Connection_Date_2013-05-21 00:00:00,1.4994029317712766e-16
cat__Circuit_ID_0214LS2146,1.4988258272864215e-16
cat__Circuit_ID_7B701,1.494038896725084e-16
cat__Circuit_ID_3A5N2,1.4912861429606825e-16
cat__City_VAN HORNESVILLE,1.4887023859525263e-16
cat__Substation_Little Tor,1.4850312894363284e-16
cat__Circuit_ID_7011,1.472758376025259e-16
cat__Circuit_ID_9633,1.4697621600925318e-16
cat__Connection_Date_2018-10-19 00:00:00,1.4679940419433046e-16
cat__Circuit_ID_17W32,1.4660139156705257e-16
cat__City_MONTAUK,1.4639720268425856e-16
cat__Circuit_ID_3200602,1.4637094414879877e-16
cat__Connection_Date_2023-05-10 00:00:00,1.462271506321737e-16
cat__Connection_Date_2014-07-30 00:00:00,1.4618761700380247e-16
cat__City_RUSHVILLE,1.4615732999642679e-16
cat__City_SOUND BEACH,1.4566433697938463e-16
cat__Connection_Date_2019-06-24 00:00:00,1.4529026049859632e-16
cat__Connection_Date_2017-07-19 00:00:00,1.4528849860701639e-16
cat__Connection_Date_2019-08-16 00:00:00,1.4522755004233643e-16
cat__City_TULLY,1.4515207381398458e-16
cat__Substation_0109RO5137-748 Plank RD,1.4513884225864282e-16
cat__City_Phoenicia,1.4505561703130557e-16
cat__Circuit_ID_86U2,1.4502811671534388e-16
cat__Connection_Date_2021-08-16 00:00:00,1.448929411598097e-16
cat__Circuit_ID_7XM945,1.4478251052400443e-16
cat__Connection_Date_2020-12-26 00:00:00,1.4467278597524192e-16
cat__Circuit_ID_36_30_16442,1.4457301956042286e-16
cat__Circuit_ID_4400101,1.4396111836468639e-16
cat__Connection_Date_2021-11-22 00:00:00,1.436354414065549e-16
cat__City_Sparkill,1.4347894954614558e-16
cat__Circuit_ID_14W07,1.4345206595758195e-16
cat__City_Ellenville,1.4343595719591498e-16
cat__Substation_2MA,1.4337410124820063e-16
cat__Circuit_ID_76-2-13,1.432998943383881e-16
cat__City_Webster,1.4322238316735885e-16
cat__Substation_Montgomery,1.4308012002727876e-16
cat__Circuit_ID_53-8-13,1.4249222125945087e-16
cat__Circuit_ID_71-2-13,1.4241779072024237e-16
cat__Substation_NASSAU 113,1.4211452414955226e-16
cat__Substation_ALDER CREEK 701,1.4191438274317182e-16
cat__Circuit_ID_36_31_44952,1.4178438807596252e-16
cat__Connection_Date_2015-04-21 00:00:00,1.415903518758059e-16
cat__Substation_PINEBUSH 371,1.4153137960595274e-16
cat__Substation_SCHROON LAKE 429,1.4145039060812118e-16
cat__Circuit_ID_102-2-13,1.4120205755299472e-16
cat__Substation_Corporate Drive,1.4030664336843443e-16
cat__Circuit_ID_4200603,1.398573109078191e-16
cat__Connection_Date_2023-03-29 00:00:00,1.3981256855506545e-16
cat__City_Richmond Hill,1.3970989962612793e-16
cat__Connection_Date_2014-07-25 00:00:00,1.3951009452359485e-16
cat__Substation_NYS-WINDHAM 239,1.392658571984459e-16
"cat__Developer_Qwiksolar, LLC",1.3920114950975905e-16
cat__Connection_Date_2015-08-18 00:00:00,1.390592147493201e-16
cat__Connection_Date_2019-07-24 00:00:00,1.3901712475520454e-16
cat__Connection_Date_2018-07-11 00:00:00,1.3897472405530998e-16
cat__Circuit_ID_0056RO5178,1.3887436865940645e-16
cat__Circuit_ID_9EU4N7,1.3847267468334549e-16
cat__Circuit_ID_54-6-13,1.382929740055221e-16
cat__Circuit_ID_2WB592,1.379753660404074e-16
cat__Circuit_ID_0125CF5208,1.3792354873180178e-16
cat__Connection_Date_2021-12-07 00:00:00,1.3781214361471228e-16
cat__Connection_Date_2021-04-08 00:00:00,1.3749951784998327e-16
cat__Connection_Date_2022-05-31 00:00:00,1.3732892101617386e-16
cat__Connection_Date_2020-06-19 00:00:00,1.3675790184397453e-16
cat__Connection_Date_2016-01-21 00:00:00,1.3665755564969557e-16
cat__Circuit_ID_7J861,1.365784969123322e-16
cat__Connection_Date_2019-03-28 00:00:00,1.3655583667555462e-16
cat__Circuit_ID_5321,1.3622035171729606e-16
cat__Connection_Date_2017-04-17 00:00:00,1.3619392482915815e-16
cat__City_MATTITUCK,1.3597378712883897e-16
cat__Division_041 - Ticonderoga,1.3576961898312923e-16
cat__Connection_Date_2019-12-06 00:00:00,1.3572999177269126e-16
cat__Connection_Date_2008-08-06 00:00:00,1.351238621879078e-16
cat__Circuit_ID_2B20,1.3502081153158136e-16
cat__Circuit_ID_17W31,1.3430234430478086e-16
cat__City_Bedford hills,1.3420101222935808e-16
cat__Circuit_ID_0143CF5145,1.338618052141025e-16
cat__Circuit_ID_HARBOR1,1.3365126129059255e-16
cat__Connection_Date_2023-10-16 00:00:00,1.3356173121513432e-16
cat__Connection_Date_2014-12-27 00:00:00,1.333509100015057e-16
cat__Circuit_ID_4654,1.3302945552453577e-16
cat__Connection_Date_2016-07-26 00:00:00,1.330194477758279e-16
cat__Substation_MAPLEWOOD 307,1.3299973878693542e-16
"cat__Developer_Infinity Solar Systems, LLC",1.3277054820754792e-16
cat__Circuit_ID_72U1,1.3240382537324825e-16
cat__Circuit_ID_5H079,1.321550120776126e-16
cat__Circuit_ID_8RR903,1.3209352160194936e-16
cat__Circuit_ID_1U4,1.320541554653188e-16
cat__City_Neponsit,1.317124970778844e-16
cat__Circuit_ID_396,1.314618083251327e-16
cat__Connection_Date_2021-05-21 00:00:00,1.3128769511107409e-16
cat__Substation_CORINTH 285,1.3122346904968644e-16
cat__Connection_Date_2022-08-25 00:00:00,1.3122251351796969e-16
cat__Developer_Rivertown Solar LLC,1.3115073339040674e-16
cat__Circuit_ID_3R33,1.3035384949626134e-16
cat__Circuit_ID_351,1.301205448481863e-16
cat__Connection_Date_2020-02-19 00:00:00,1.3004663795757221e-16
cat__Circuit_ID_1106275,1.29561787867944e-16
cat__Circuit_ID_5R11,1.2924648313187773e-16
cat__Circuit_ID_36_30_45152,1.2849039444624237e-16
cat__Circuit_ID_33U2,1.2766458502983282e-16
cat__Circuit_ID_1105597,1.2756103177666492e-16
cat__Division_012-Cortland,1.271858031081325e-16
cat__Substation_0093RO5254-580 Shorecliff DR,1.270479993905427e-16
cat__Developer_Sunpower by Infinity Solar,1.268533089690373e-16
cat__Connection_Date_2020-03-02 00:00:00,1.267305423885225e-16
cat__Circuit_ID_3B96,1.2638568706849437e-16
cat__Circuit_ID_8QR912,1.2629605528079735e-16
cat__Connection_Date_2021-04-26 00:00:00,1.262292334941115e-16
cat__City_FARMINGTON,1.2622312208925574e-16
cat__Circuit_ID_14W12,1.2599687007043569e-16
cat__Circuit_ID_36_30_45251,1.2597913520548427e-16
cat__Connection_Date_2018-04-27 00:00:00,1.251495685351562e-16
cat__Connection_Date_2022-09-15 00:00:00,1.2427622515166508e-16
cat__Connection_Date_2016-08-17 00:00:00,1.242678553014886e-16
cat__Circuit_ID_9112,1.2421823114127049e-16
cat__Connection_Date_2014-09-04 00:00:00,1.2418838303173024e-16
cat__Connection_Date_2014-10-29 00:00:00,1.239739421812592e-16
cat__Circuit_ID_36_04_22652,1.2397346568853886e-16
cat__Substation_REYNOLDS RD 334,1.23795090736284e-16
cat__Connection_Date_2015-10-08 00:00:00,1.2379109892702313e-16
cat__Connection_Date_2014-11-26 00:00:00,1.234519256608977e-16
cat__Circuit_ID_4302001,1.2341497282238619e-16
cat__Substation_AVON 43,1.2327113085564666e-16
cat__Circuit_ID_19U1,1.2270614180001168e-16
cat__Connection_Date_2018-03-08 00:00:00,1.224153697661806e-16
cat__Connection_Date_2018-05-08 00:00:00,1.2214420110447834e-16
cat__Connection_Date_2020-01-03 00:00:00,1.2185918676053564e-16
cat__City_HEWLETT,1.210103177872657e-16
cat__Connection_Date_2023-02-02 00:00:00,1.208523036142201e-16
cat__Developer_AEC Solar Energy Corp.,1.2067058772393842e-16
cat__Connection_Date_2023-02-24 00:00:00,1.2058910996894079e-16
cat__City_MAYFIELD,1.2020161391780505e-16
cat__Connection_Date_2017-08-21 00:00:00,1.1997798472323185e-16
cat__City_CIRCLEVILLE,1.1954903904309002e-16
cat__Connection_Date_2013-07-01 00:00:00,1.1927441095028108e-16
cat__Circuit_ID_113-5-13,1.1923990330140055e-16
cat__Circuit_ID_369,1.191927881443699e-16
cat__Connection_Date_2022-04-05 00:00:00,1.1899890022381023e-16
cat__Connection_Date_2019-08-27 00:00:00,1.1872628185043784e-16
cat__Substation_ROCK CITY 623,1.1869660006629142e-16
cat__Substation_BUTLER 362,1.184071983986891e-16
cat__Connection_Date_2002-08-21 00:00:00,1.1826924464396988e-16
cat__Circuit_ID_7U1,1.1826062494805192e-16
cat__Connection_Date_2023-12-19 00:00:00,1.1788557699094686e-16
cat__Connection_Date_2023-10-02 00:00:00,1.178817700150207e-16
cat__Substation_NEW KRUMKILL 421,1.1780202441458814e-16
cat__Connection_Date_2017-09-19 00:00:00,1.1761470120540258e-16
cat__Circuit_ID_36_37_36352,1.1719025143181128e-16
cat__Substation_NYS-JEFFERSONVILLE 111,1.1670110551939014e-16
cat__Connection_Date_2018-03-13 00:00:00,1.164360826648608e-16
cat__Circuit_ID_36_32_322153,1.1606804179449175e-16
cat__Connection_Date_2021-03-30 00:00:00,1.1597591982295302e-16
cat__Substation_NYS-SOUTH HILL 613,1.1587366543544565e-16
cat__City_Cayuga,1.158635038333912e-16
cat__City_Preston Holw,1.1572354099488407e-16
cat__Connection_Date_2017-11-03 00:00:00,1.1569774293296714e-16
cat__Circuit_ID_6KL7L1,1.1559342302467124e-16
cat__Connection_Date_2008-09-19 00:00:00,1.1537019343649226e-16
cat__Circuit_ID_9Q48,1.1534446682152983e-16
cat__City_LAKE LUZERNE,1.1507357737677262e-16
cat__Substation_5M,1.1489906201990053e-16
cat__Connection_Date_2021-04-15 00:00:00,1.1474131567707204e-16
cat__Connection_Date_2015-05-30 00:00:00,1.1418134923950522e-16
cat__Substation_Schodack,1.1406243463781663e-16
cat__City_MERRICK,1.1393819537262583e-16
cat__City_TOMKINS COVE,1.136609818727734e-16
cat__Circuit_ID_0104RO5288,1.1326653182506505e-16
cat__Circuit_ID_SD2712,1.1304319088416864e-16
"cat__Developer_Jillian Lefevre (Kasselman Solar, LLC)",1.1271649812672719e-16
cat__Connection_Date_2023-05-18 00:00:00,1.1263851549847506e-16
cat__Circuit_ID_305,1.1232102524579368e-16
cat__Circuit_ID_1106346,1.121442644052346e-16
cat__Circuit_ID_36_32_13755,1.1188085673543589e-16
cat__Connection_Date_2017-09-13 00:00:00,1.1185116856993825e-16
cat__Substation_N. TROY 123,1.11532478377192e-16
cat__Substation_0001RO2143-119 Leighton Ave,1.1153187829590705e-16
cat__Connection_Date_2021-10-08 00:00:00,1.112920951996958e-16
cat__Connection_Date_2006-12-05 00:00:00,1.1128331524538872e-16
cat__Developer_Simply Residential,1.1110355873873425e-16
cat__City_W Coxsackie,1.1081203477447731e-16
cat__Connection_Date_2013-09-26 00:00:00,1.1070579950504766e-16
cat__Circuit_ID_64U2,1.1069418275854717e-16
cat__Connection_Date_2021-03-23 00:00:00,1.1019108151448324e-16
cat__Circuit_ID_7F2P2,1.0996151138761363e-16
cat__Circuit_ID_3102402,1.0954465204194707e-16
cat__Connection_Date_2012-08-09 00:00:00,1.0950207295406534e-16
cat__Connection_Date_2021-02-05 00:00:00,1.0927241847220381e-16
cat__City_E PATCHOGUE,1.0881583397473582e-16
cat__Circuit_ID_9B06,1.0881259020313048e-16
cat__Connection_Date_2015-04-03 00:00:00,1.087292992386768e-16
cat__Developer_Grid Alternatives Tri-State,1.0856349594737608e-16
cat__City_Harriman,1.0848983624993563e-16
cat__City_Bloomingburg,1.0844948833659358e-16
cat__Circuit_ID_42-3-13,1.0826399281932379e-16
cat__Circuit_ID_7DM786,1.0816069021055699e-16
cat__City_HARRISON,1.0810356495461437e-16
cat__Circuit_ID_9495,1.0810154834519058e-16
cat__City_Sloatsburg,1.0799346717649224e-16
cat__Connection_Date_2014-08-21 00:00:00,1.0790545585246181e-16
cat__Connection_Date_2004-01-13 00:00:00,1.0773492776920112e-16
cat__Circuit_ID_9468,1.0750845736094797e-16
cat__City_Hastings-on-Hudson,1.0742665176181889e-16
cat__Developer_Patriot Energy Solutions Corp.,1.0741555633078696e-16
cat__Connection_Date_2015-07-10 00:00:00,1.0740225843448622e-16
cat__Circuit_ID_2X37,1.0690296542247735e-16
cat__Circuit_ID_5R392,1.0682841431902822e-16
cat__Developer_Aaran Koller (President),1.0638151220315295e-16
cat__Connection_Date_2020-11-06 00:00:00,1.0626982847099024e-16
cat__Connection_Date_2023-08-22 00:00:00,1.0606604478448198e-16
cat__Substation_Inwood Ave,1.0593286215065362e-16
cat__Substation_NYS-KENT 175,1.0573162362325893e-16
cat__Circuit_ID_5U8K7,1.056460820167911e-16
cat__Connection_Date_2020-12-08 00:00:00,1.0555279825336351e-16
cat__Circuit_ID_0060RO0433,1.0545745489532466e-16
cat__Connection_Date_2022-09-23 00:00:00,1.0543821742061655e-16
cat__Substation_NYS-CHESTNUT RIDGE 190,1.0539292764731673e-16
cat__City_LAWRENCE,1.0520455149005389e-16
cat__Connection_Date_2016-05-26 00:00:00,1.051831115650888e-16
cat__Connection_Date_2023-02-09 00:00:00,1.0511593328037407e-16
cat__Connection_Date_2017-02-10 00:00:00,1.051081840222858e-16
cat__Connection_Date_2013-11-08 00:00:00,1.0475437636883426e-16
cat__Connection_Date_2018-05-11 00:00:00,1.0471545775344346e-16
cat__Circuit_ID_ORIENT1,1.0470301264671757e-16
cat__Connection_Date_2008-08-22 00:00:00,1.0455185053306538e-16
cat__Connection_Date_2011-08-18 00:00:00,1.044088248006704e-16
cat__Circuit_ID_17W51,1.0440225787564159e-16
cat__Connection_Date_2015-02-06 00:00:00,1.0430871616216599e-16
cat__Circuit_ID_36_11_26751,1.0411652737450422e-16
cat__City_PENNELLVILLE,1.0401164071337149e-16
cat__Connection_Date_2017-11-06 00:00:00,1.039556606505455e-16
cat__Circuit_ID_2H579,1.038432747924024e-16
cat__Developer_Independent Contractor,1.0356351797828555e-16
cat__Connection_Date_2015-09-11 00:00:00,1.0314760967905135e-16
cat__Substation_NYS-DRYDEN 735,1.0308315699528055e-16
cat__Circuit_ID_3Q90,1.0306591034115906e-16
cat__Connection_Date_2016-04-28 00:00:00,1.0298360125482015e-16
cat__Circuit_ID_5604,1.0271916250885309e-16
cat__City_Stormvl,1.024445464547091e-16
cat__Circuit_ID_5R28,1.0223062243459818e-16
cat__Connection_Date_2023-07-19 00:00:00,1.0222924331639187e-16
cat__Connection_Date_2013-07-22 00:00:00,1.0106538361786952e-16
cat__Connection_Date_2014-10-08 00:00:00,1.0105437903677818e-16
cat__Connection_Date_2007-12-06 00:00:00,1.010402545912199e-16
cat__Connection_Date_2022-01-20 00:00:00,1.0100140949864499e-16
cat__Circuit_ID_9324,1.0092307664598084e-16
cat__Connection_Date_2018-07-13 00:00:00,1.0079336303036775e-16
cat__Circuit_ID_2R433,1.0068715240493494e-16
cat__Circuit_ID_64U1,1.0066746460912608e-16
cat__Circuit_ID_7W45,1.0035629737683721e-16
cat__Circuit_ID_3AG064,1.0031444382244375e-16
cat__Circuit_ID_3U1,1.0031063754498519e-16
cat__Circuit_ID_L26,1.0013146455756182e-16
cat__Circuit_ID_5X65,1.0003215590800661e-16
cat__City_POUND RIDGE,1.000120178775657e-16
cat__Circuit_ID_36_11_23552,9.973158929103783e-17
cat__Circuit_ID_36_19_62373,9.971576996115216e-17
cat__Substation_NYS-LOCUST ST 153,9.969654558499435e-17
"cat__Developer_DMV EQUITY, INC.",9.959067141469546e-17
cat__Developer_Premier Solar Solultions._ LLC,9.937803026502616e-17
cat__Connection_Date_2009-05-12 00:00:00,9.926237627542405e-17
cat__Circuit_ID_36_14_21673,9.914212007141625e-17
cat__Circuit_ID_5R17,9.907297102552299e-17
cat__City_Mendon,9.893699055158645e-17
cat__Substation_NYS-EAST ITHACA 405,9.890905743361681e-17
cat__Circuit_ID_0001RO2142,9.885247354255103e-17
cat__City_North chili,9.874336318080524e-17
cat__Circuit_ID_3091,9.872275426095037e-17
cat__Circuit_ID_5204,9.865999688287102e-17
cat__Connection_Date_2020-11-02 00:00:00,9.857717976305683e-17
cat__Developer_Solar & Wind FX,9.835154089521321e-17
cat__Substation_8D,9.834470485644719e-17
cat__City_ERIEVILLE,9.801261546046232e-17
cat__Connection_Date_2023-02-14 00:00:00,9.736852268035389e-17
cat__Connection_Date_2017-04-14 00:00:00,9.717118965307803e-17
cat__Connection_Date_2019-02-12 00:00:00,9.704688235485854e-17
cat__Connection_Date_2017-11-20 00:00:00,9.701452059769082e-17
cat__City_Mount Vernon,9.685392285299998e-17
cat__Substation_NYS-PAWLING 509,9.679864040417827e-17
cat__Circuit_ID_2005,9.629193522568729e-17
cat__Circuit_ID_4AH138,9.620469280835915e-17
cat__Connection_Date_2016-12-14 00:00:00,9.618898959197458e-17
cat__Circuit_ID_Briarcliff - 1,9.610843737339673e-17
cat__Circuit_ID_1Q20,9.596904946142938e-17
cat__Connection_Date_2016-04-19 00:00:00,9.59660650993163e-17
cat__City_STILLWATER,9.595794610775302e-17
cat__Circuit_ID_36_31_33458,9.594805275227635e-17
cat__Connection_Date_2013-07-24 00:00:00,9.570389058481048e-17
cat__Connection_Date_2012-04-01 00:00:00,9.567669884058545e-17
cat__City_BOHEMIA,9.518455685893379e-17
cat__Connection_Date_2022-12-15 00:00:00,9.518255642605179e-17
cat__Circuit_ID_5B30,9.518140712745903e-17
cat__Connection_Date_2020-08-09 00:00:00,9.503571661783982e-17
cat__Developer_Jason Allen (Aries Power),9.501318425897123e-17
cat__Connection_Date_2014-03-25 00:00:00,9.474369203019669e-17
cat__City_Pelham,9.461672424545379e-17
cat__Circuit_ID_2093,9.441283490442724e-17
cat__Connection_Date_2014-01-27 00:00:00,9.43660122694366e-17
"cat__Developer_Kellner, LLC",9.43396162604881e-17
cat__Circuit_ID_6RL768,9.427831957301954e-17
cat__Circuit_ID_7R612,9.414533109877609e-17
cat__Circuit_ID_4301301,9.384466472390981e-17
cat__Connection_Date_2013-11-26 00:00:00,9.356121895149323e-17
cat__Connection_Date_2018-08-02 00:00:00,9.353034841945696e-17
cat__Developer_Energy by Choice,9.331117626941085e-17
cat__Connection_Date_2017-12-27 00:00:00,9.322144575139434e-17
cat__Division_017-Utica,9.317279746385778e-17
cat__Connection_Date_2023-07-06 00:00:00,9.304814046345481e-17
cat__Circuit_ID_1206301,9.295281579003277e-17
cat__City_FULTONVILLE,9.293845116173378e-17
cat__Connection_Date_2014-04-08 00:00:00,9.292360800514078e-17
cat__Circuit_ID_27-7-13,9.290607425746779e-17
cat__Connection_Date_2016-07-27 00:00:00,9.290234145517989e-17
cat__Circuit_ID_36_01_4363,9.284201458520561e-17
cat__City_bronx,9.272673530869376e-17
cat__Circuit_ID_6S2L6,9.256383568450802e-17
cat__City_APPLETON,9.252357635356173e-17
cat__Circuit_ID_4043,9.251326747405517e-17
cat__Substation_NYS-MEYER 350,9.2485867783824e-17
cat__Developer_Smuckers Energy,9.246546528070691e-17
cat__City_Ravena,9.244916932141096e-17
cat__Connection_Date_2016-08-01 00:00:00,9.242548646295264e-17
cat__Connection_Date_2016-04-23 00:00:00,9.228875966194545e-17
cat__City_E Islip,9.222757406959439e-17
cat__Substation_NYSEG,9.209803484010925e-17
cat__City_Dryden,9.208121807756842e-17
cat__Connection_Date_2012-07-11 00:00:00,9.204361793943262e-17
cat__Circuit_ID_1517,9.178193855633199e-17
cat__Connection_Date_2022-11-12 00:00:00,9.142286573729135e-17
cat__Connection_Date_2013-09-20 00:00:00,9.138478442405261e-17
cat__Circuit_ID_6057,9.123011242642039e-17
cat__Circuit_ID_2R44,9.115436461143737e-17
cat__Connection_Date_2015-11-06 00:00:00,9.108173177041297e-17
cat__City_Eastchester,9.105537976317696e-17
cat__Circuit_ID_0115RO5257,9.080994152071579e-17
cat__Connection_Date_2020-02-28 00:00:00,9.078956639454123e-17
cat__Circuit_ID_1022,9.066630305767096e-17
cat__Connection_Date_2011-11-30 00:00:00,9.051470709908422e-17
cat__Connection_Date_2007-09-26 00:00:00,9.048598706338341e-17
cat__Circuit_ID_23U1,9.040653402559925e-17
cat__Developer_OneRoof Energy,8.999118098258964e-17
cat__Connection_Date_2014-12-01 00:00:00,8.98555144086665e-17
cat__Circuit_ID_2WB559,8.981013276807887e-17
cat__Connection_Date_2017-10-19 00:00:00,8.953025381148287e-17
cat__Circuit_ID_36_11_26952,8.945757679012932e-17
cat__Connection_Date_2017-05-04 00:00:00,8.940190889439289e-17
cat__City_ROCKWY PK,8.939297061158819e-17
cat__Connection_Date_2012-02-28 00:00:00,8.925317300560653e-17
cat__Connection_Date_2012-07-26 00:00:00,8.913144144805629e-17
cat__City_FAIR HAVEN,8.902163925026341e-17
cat__City_WURTSBORO,8.901593069992942e-17
cat__Developer_J&A Electrical Construction LLC,8.895392522238166e-17
cat__Substation_Sparkill,8.89250663284526e-17
cat__Circuit_ID_2002,8.887135778952611e-17
cat__City_CHESTER,8.8721903684125e-17
cat__Connection_Date_2016-03-16 00:00:00,8.865494138379112e-17
cat__Connection_Date_2016-11-10 00:00:00,8.856243978599886e-17
cat__Substation_NYS-VALOIS 508,8.840674043509441e-17
cat__Circuit_ID_5B34,8.837919735474944e-17
cat__Connection_Date_2022-06-14 00:00:00,8.827786969454621e-17
cat__Connection_Date_2022-11-11 00:00:00,8.817994353651698e-17
cat__Connection_Date_2023-06-13 00:00:00,8.809454356861406e-17
cat__City_Freeville,8.793980298570397e-17
cat__Circuit_ID_8G979,8.774716157598825e-17
cat__Circuit_ID_0001RO0304,8.760165836337295e-17
cat__Circuit_ID_6D634,8.755205712369333e-17
cat__Connection_Date_2019-07-16 00:00:00,8.741016526042841e-17
cat__Circuit_ID_24-3-13,8.725342321252896e-17
cat__City_LITTLE FALLS,8.700170735660408e-17
cat__Connection_Date_2019-12-11 00:00:00,8.678852170742857e-17
cat__Substation_NYS-ENDICOTT HILL 183,8.675777620493199e-17
cat__City_WYANDANCH,8.632203044490851e-17
cat__Connection_Date_2016-07-13 00:00:00,8.623037022743992e-17
cat__Circuit_ID_103-1-13,8.621187406511427e-17
cat__Developer_EmPower solar,8.61831950927454e-17
cat__Connection_Date_2008-01-26 00:00:00,8.604125452323882e-17
cat__Connection_Date_2017-10-27 00:00:00,8.599378286317066e-17
cat__City_MANORVILLE,8.591252306913153e-17
cat__Circuit_ID_36_38_36252,8.588964124978229e-17
cat__Connection_Date_2023-06-24 00:00:00,8.58732343497755e-17
cat__Connection_Date_2023-04-07 00:00:00,8.574324257735666e-17
cat__Circuit_ID_9765,8.542081166903391e-17
cat__Circuit_ID_6P5H4,8.536453690051745e-17
cat__Circuit_ID_33U4,8.534339794657385e-17
cat__Connection_Date_2022-02-15 00:00:00,8.508978126300677e-17
cat__City_Cambria Heights,8.505979429111788e-17
cat__Circuit_ID_7362,8.504454595338511e-17
cat__Connection_Date_2016-08-09 00:00:00,8.500574466040932e-17
cat__Circuit_ID_8QR728,8.487146287291095e-17
cat__City_BYRON,8.479438541926048e-17
cat__Circuit_ID_4041,8.457567618287319e-17
cat__Circuit_ID_51-1-13,8.453382402249083e-17
cat__Connection_Date_2011-12-02 00:00:00,8.439982361092594e-17
cat__Circuit_ID_61-1-13,8.438101744428631e-17
cat__Developer_Roof Diagnostics / NRG. Home Solar,8.420969728630718e-17
cat__City_BROCKPORT,8.369615493359408e-17
cat__Circuit_ID_0113RO5102,8.360560631404457e-17
cat__City_Long Bch,8.329605880425138e-17
cat__Substation_NYS-CHATHAM 155,8.328669746689407e-17
cat__Connection_Date_2023-08-26 00:00:00,8.301368896451621e-17
cat__City_BRIDGEHAMPTON,8.299527612177606e-17
cat__Circuit_ID_13W78,8.192891790260037e-17
cat__Connection_Date_2018-04-11 00:00:00,8.187112565337159e-17
cat__Connection_Date_2011-12-21 00:00:00,8.168903014381883e-17
cat__Substation_NYS-YULAN 204,8.168852293297204e-17
cat__Connection_Date_2023-06-10 00:00:00,8.155967963339033e-17
cat__Circuit_ID_Premium Point - 2,8.152921661106495e-17
cat__City_AKRON,8.120157016525694e-17
cat__Substation_NYS-TEAKETTLE SPOUT 491,8.111687232181556e-17
cat__Substation_NYS-MORAVIA 606,8.087238695982201e-17
cat__Connection_Date_2020-11-12 00:00:00,8.082437847941089e-17
cat__City_EASTPORT,8.063119702807651e-17
cat__Substation_DEBALSO 684,8.036416435220834e-17
cat__Circuit_ID_3107701,8.016857295005778e-17
cat__City_GREENFIELD CENTER,8.015395249647762e-17
cat__Circuit_ID_2308239,7.991376480863881e-17
cat__City_Center Moriches,7.964621352342607e-17
cat__Connection_Date_2003-09-19 00:00:00,7.963391239148308e-17
cat__City_Cedarhurst,7.952912747158453e-17
cat__Connection_Date_2007-06-25 00:00:00,7.951915388629103e-17
cat__Connection_Date_2013-10-06 00:00:00,7.938043138526999e-17
cat__Circuit_ID_5B375,7.930486718167615e-17
cat__Developer_SunTechnics Energy Systems,7.928775152626597e-17
cat__Substation_HUDSON 87,7.921788322725989e-17
cat__Circuit_ID_0049RO0466,7.894672612444055e-17
cat__Connection_Date_2017-04-07 00:00:00,7.88925081626082e-17
cat__City_Circleville,7.870846979762037e-17
cat__Connection_Date_2018-01-18 00:00:00,7.86366346568498e-17
cat__Circuit_ID_3103105,7.83933552213947e-17
cat__Circuit_ID_0419RO5164,7.836496978550165e-17
cat__Connection_Date_2018-12-11 00:00:00,7.819932678062844e-17
cat__Connection_Date_2020-10-19 00:00:00,7.810857400067543e-17
cat__City_holtsville,7.805834385011e-17
cat__Circuit_ID_3X72,7.796464124902131e-17
cat__Connection_Date_2017-02-21 00:00:00,7.794421977973944e-17
cat__Circuit_ID_36_31_32851,7.773549476139613e-17
cat__Circuit_ID_1M14,7.769446433155577e-17
cat__Connection_Date_2016-03-02 00:00:00,7.739526031496954e-17
cat__Circuit_ID_36_30_33052,7.733314816748649e-17
cat__Substation_QUEENSBURY 295,7.713026637227084e-17
cat__Substation_NYS-FLIKE RD TAP 605,7.71156718555166e-17
cat__City_POMONA,7.696349372917439e-17
cat__City_Morrisville,7.678984409136538e-17
cat__Connection_Date_2017-03-06 00:00:00,7.659716887109714e-17
cat__Connection_Date_2019-07-10 00:00:00,7.63945956241037e-17
cat__Connection_Date_2015-03-06 00:00:00,7.638339944915835e-17
cat__Circuit_ID_9U1,7.63554933350482e-17
cat__Connection_Date_2022-11-07 00:00:00,7.627518211814707e-17
"cat__Developer_Apex Solar Power, LLC",7.623911819746087e-17
cat__Connection_Date_2011-04-14 00:00:00,7.613760628879417e-17
cat__Substation_NYS-FISHER PRICE TAP 348,7.585341010861426e-17
cat__Connection_Date_2016-06-27 00:00:00,7.577039109103744e-17
cat__Circuit_ID_SD3138,7.548801271220539e-17
cat__City_CEDARHURST,7.547740849531561e-17
cat__Connection_Date_2014-08-20 00:00:00,7.538383847520797e-17
cat__City_North Bellmore,7.528596268190584e-17
cat__Developer_Upstate Alternative Energy,7.52787930752813e-17
cat__Circuit_ID_PLEASN1,7.52739280252918e-17
cat__Circuit_ID_80-2-13,7.52694445000476e-17
cat__Substation_NYS-TEN MILE RIVER 444,7.52557837229452e-17
cat__Connection_Date_2012-08-16 00:00:00,7.51230888557693e-17
cat__Developer_Nathaniel Casey (American Energy Care / AEC Solar),7.478793495625391e-17
cat__Connection_Date_2022-11-10 00:00:00,7.45806861426307e-17
cat__Connection_Date_2020-07-17 00:00:00,7.456954523816283e-17
cat__Connection_Date_2017-09-11 00:00:00,7.454530597969955e-17
cat__Connection_Date_2023-06-01 00:00:00,7.453851358360941e-17
cat__Connection_Date_2012-10-12 00:00:00,7.437327702088097e-17
cat__Substation_NEWTONVILLE 305,7.433851006958974e-17
cat__City_RUSSELL,7.410124227422267e-17
cat__Circuit_ID_5B31,7.408553970992229e-17
cat__Circuit_ID_51-6-13,7.39411904456071e-17
cat__Circuit_ID_2M552,7.380717679390893e-17
cat__Connection_Date_2020-10-30 00:00:00,7.380380788101516e-17
cat__Circuit_ID_1107078,7.38006540959275e-17
cat__Developer_Renovus Energy,7.376383890631289e-17
cat__City_HIGHLAND FALLS,7.373590833185638e-17
cat__Developer_Hytech Solar Inc,7.364684804438962e-17
cat__Circuit_ID_9458,7.355717584913749e-17
cat__Circuit_ID_7U460,7.346072109062073e-17
cat__City_SLATE HILL,7.346072068579452e-17
cat__Substation_CHITTENANGO 16,7.286940840302802e-17
cat__Connection_Date_2022-12-17 00:00:00,7.251935313672956e-17
cat__City_BEMUS POINT,7.250717694260117e-17
cat__City_PLEASANTVILLE,7.246056513808899e-17
cat__Circuit_ID_0104RO5157,7.235927035550626e-17
cat__Substation_BARTELL RD 325,7.2246512206452e-17
cat__City_HOPEWELL JUNCTION,7.221980727939673e-17
cat__Connection_Date_2018-01-09 00:00:00,7.214161399602924e-17
cat__Connection_Date_2016-12-30 00:00:00,7.198895927712315e-17
cat__Circuit_ID_6Q44,7.180797899469963e-17
cat__Circuit_ID_Crow Hill - 3,7.17662875873674e-17
cat__City_BELLMORE,7.172831303992684e-17
cat__Connection_Date_2023-09-19 00:00:00,7.171114395575545e-17
cat__Developer_SOLANTA CORP,7.166874421028358e-17
cat__Connection_Date_2013-02-06 00:00:00,7.149130346428134e-17
cat__Substation_NYS-UNION VALLEY 432,7.143655004976015e-17
cat__Connection_Date_2015-12-18 00:00:00,7.141077783783675e-17
cat__Connection_Date_2011-07-19 00:00:00,7.129051691309299e-17
cat__Circuit_ID_7B08,7.106059572874732e-17
cat__Connection_Date_2017-10-03 00:00:00,7.099950468075044e-17
cat__Developer_solanta,7.091809125287958e-17
cat__Circuit_ID_0109RO5137,7.087270742675975e-17
cat__Substation_Vinegar Hill,7.071665885263094e-17
cat__Substation_NYS-ROLL RD 512,7.069209263670464e-17
cat__City_NEW HARTFORD,7.063869012749564e-17
cat__Connection_Date_2016-08-24 00:00:00,7.060705188643317e-17
cat__Circuit_ID_12W72,7.04552979131756e-17
cat__Connection_Date_2023-09-25 00:00:00,7.038087950106314e-17
cat__Connection_Date_2018-03-12 00:00:00,7.036497201251982e-17
cat__Circuit_ID_247,7.023610875687121e-17
cat__Developer_NYS Essential Power,7.023129462802691e-17
cat__Connection_Date_2012-04-20 00:00:00,7.004959478896038e-17
cat__Substation_NYS-FALLBROOK 360,6.989009080531903e-17
cat__Circuit_ID_20W76,6.988228371241662e-17
cat__Connection_Date_2019-07-30 00:00:00,6.983625095680112e-17
cat__Connection_Date_2017-10-26 00:00:00,6.978948675697809e-17
cat__Circuit_ID_19-9-13,6.978887664286304e-17
cat__Connection_Date_2011-09-16 00:00:00,6.978196935447929e-17
cat__City_Kings Park,6.976689217589523e-17
cat__City_Lodi,6.968710314142934e-17
cat__Developer_Skyline Solar,6.964573967767276e-17
cat__City_DERUYTER,6.961919751453573e-17
cat__Substation_NYS-BENNINGTON CTR 446,6.950431698081237e-17
cat__City_West Park,6.944849572199919e-17
cat__Connection_Date_2015-04-22 00:00:00,6.924517407473328e-17
cat__Developer_Mark Seabury,6.915740903897221e-17
cat__Circuit_ID_8Q6K4,6.915022185849648e-17
cat__Circuit_ID_1203605,6.907639383683139e-17
cat__Connection_Date_2023-09-26 00:00:00,6.898795004851148e-17
cat__Connection_Date_2012-03-22 00:00:00,6.875913437306867e-17
cat__City_GLEN WILD,6.862247802507233e-17
cat__City_SLOANSVILLE,6.829854326591785e-17
cat__Developer_Sundog,6.764934046273259e-17
cat__Circuit_ID_36_39_01253,6.725689583715064e-17
cat__Connection_Date_2023-06-02 00:00:00,6.702578273004233e-17
cat__Substation_Sloatsburg,6.699757043821383e-17
cat__Circuit_ID_2306435,6.697638243681086e-17
cat__Circuit_ID_4044,6.695313268847544e-17
cat__Connection_Date_2022-06-26 00:00:00,6.68302733005062e-17
cat__Substation_SCHUYLERVILLE 39,6.675095423836239e-17
cat__Substation_8WR,6.664507437602839e-17
cat__Circuit_ID_1202112,6.659297811609946e-17
cat__Connection_Date_2013-10-08 00:00:00,6.653425588288618e-17
"cat__Developer_Geo of Camden, LLC",6.647398853972652e-17
cat__Substation_NYS-POUND RIDGE 456,6.645744053577322e-17
cat__Developer_Buffalo Solar Solutions,6.601871408714422e-17
cat__Substation_NYS-KEUKA-ELMIRA 202,6.582894048845267e-17
cat__Circuit_ID_2401844,6.571510554619561e-17
cat__Connection_Date_2006-06-15 00:00:00,6.559888461557877e-17
cat__Connection_Date_2011-01-19 00:00:00,6.55776410562921e-17
cat__Circuit_ID_24-11-13,6.54930797556002e-17
cat__Circuit_ID_36_14_21671,6.532220917365712e-17
cat__Connection_Date_2014-05-22 00:00:00,6.529288098008408e-17
cat__Connection_Date_2009-01-09 00:00:00,6.507694292868142e-17
cat__City_Cold Spring,6.486278667316114e-17
cat__Circuit_ID_4201003,6.483476356510797e-17
cat__Connection_Date_2015-09-09 00:00:00,6.479290569567662e-17
cat__Circuit_ID_0001RO2143,6.424773833537604e-17
cat__Connection_Date_2013-08-13 00:00:00,6.422943951678055e-17
cat__City_CANANDAIGUA,6.422700890815813e-17
cat__Connection_Date_2023-01-13 00:00:00,6.416819764949002e-17
cat__Connection_Date_2020-08-14 00:00:00,6.408187462840101e-17
cat__Connection_Date_2019-11-25 00:00:00,6.388929925524107e-17
cat__Circuit_ID_7LM9H4,6.376466340820199e-17
cat__Connection_Date_2015-03-05 00:00:00,6.375189011006111e-17
cat__City_Woodhaven,6.37218956641871e-17
cat__City_Salt Point,6.367025110039213e-17
cat__Developer_Shannon Hartz (Kassleman Solar),6.364127899124577e-17
cat__Connection_Date_2015-10-06 00:00:00,6.361751016979097e-17
cat__Circuit_ID_42-2-13,6.346516003800484e-17
cat__Circuit_ID_56U2,6.325785840685291e-17
cat__Substation_Wurtsboro,6.320300361328028e-17
cat__Connection_Date_2014-04-02 00:00:00,6.318754296143516e-17
cat__Substation_NYS-TRUMANSBURG 747,6.317324388172499e-17
cat__Connection_Date_2023-11-24 00:00:00,6.308458125072225e-17
cat__Connection_Date_2011-01-04 00:00:00,6.299796215771846e-17
cat__Connection_Date_2020-09-23 00:00:00,6.297746186991367e-17
cat__Connection_Date_2021-03-10 00:00:00,6.286334633532784e-17
cat__City_DOLGEVILLE,6.286223997389806e-17
cat__Connection_Date_2023-07-28 00:00:00,6.278574460828362e-17
cat__Circuit_ID_SD10,6.278414166605287e-17
cat__Circuit_ID_36_30_32352,6.274638386147008e-17
cat__Circuit_ID_36_06_7861,6.273043368394929e-17
cat__Substation_THOUSAND ISLANDS 814,6.270902774108553e-17
cat__Circuit_ID_61-8-13,6.268014021620347e-17
cat__Substation_ORANGEVILLE 19,6.242970277476733e-17
cat__Connection_Date_2021-02-02 00:00:00,6.232091521763272e-17
cat__Connection_Date_2022-10-11 00:00:00,6.225447977902783e-17
cat__Circuit_ID_63-4-13,6.221144448213274e-17
cat__Circuit_ID_3012,6.21119760605012e-17
cat__Circuit_ID_4300201,6.20879159182564e-17
cat__Circuit_ID_GREENV1,6.206370357756656e-17
cat__Connection_Date_2014-05-23 00:00:00,6.205480075684616e-17
cat__Circuit_ID_13W75,6.200296815300932e-17
cat__Substation_NYS-WEST GENEVA 603,6.197521566356123e-17
cat__Substation_NYS-HILLCREST RD 315,6.196864018545215e-17
cat__Circuit_ID_12B36,6.184737195711243e-17
cat__Connection_Date_2006-04-06 00:00:00,6.160910110530236e-17
cat__City_CENTRAL VALLEY,6.151040503605336e-17
cat__Connection_Date_2020-10-23 00:00:00,6.141187555233138e-17
cat__Connection_Date_2021-02-21 00:00:00,6.121636157395614e-17
cat__Circuit_ID_73-1-13,6.097593377037519e-17
cat__Circuit_ID_2061,6.092294391014496e-17
cat__City_PAWLING,6.081469056520903e-17
cat__Circuit_ID_9B16,6.078985618050074e-17
cat__Developer_Garrett Lee (New Leaf Solar LLC),6.07890234354958e-17
cat__Circuit_ID_71U1,6.078603784616005e-17
cat__City_Shrub Oak,6.050448581661215e-17
cat__City_ALTAMONT,6.03281911730894e-17
cat__Circuit_ID_55U2,6.017519049297368e-17
cat__Connection_Date_2023-05-09 00:00:00,5.988383685716685e-17
cat__Connection_Date_2021-10-07 00:00:00,5.987538558874542e-17
cat__Connection_Date_2021-11-11 00:00:00,5.932368329292997e-17
cat__City_BETHPAGE,5.924114228066574e-17
cat__City_MORAVIA,5.904297937466697e-17
cat__Circuit_ID_23-3-13,5.893549231609457e-17
cat__Connection_Date_2020-10-08 00:00:00,5.89123145992656e-17
cat__Substation_NYS-CAYUGA 631,5.889064709719309e-17
cat__Substation_NYS-CLYDE 203,5.886106924137514e-17
cat__City_Blauvelt,5.878861451342658e-17
cat__Connection_Date_2020-11-18 00:00:00,5.866578936854526e-17
cat__Circuit_ID_6Q39,5.849313958415685e-17
cat__Substation_NYS-ROCK HILL 125,5.844391591622549e-17
cat__Substation_North Chelsea,5.831939601843432e-17
cat__Substation_BUFFALO STATION 43 - SENECA & AVONDALE,5.822047898321675e-17
"cat__Developer_Bliss Solar, LLC",5.792380198014255e-17
cat__Connection_Date_2020-02-24 00:00:00,5.771638795621723e-17
cat__Connection_Date_2022-11-26 00:00:00,5.759968209641702e-17
cat__City_Farmngville,5.75040072995983e-17
cat__Circuit_ID_36_39_03911,5.728089066226843e-17
cat__Circuit_ID_9278,5.723854251325104e-17
cat__City_Bedford Hills,5.718450289962664e-17
cat__Developer_Aaran Koller (Next Generation Solar),5.718142932562605e-17
cat__Substation_Clinton Ave,5.71154902389792e-17
cat__Substation_NYS-WHISKEY CREEK 345,5.709067461975261e-17
cat__Connection_Date_2021-11-08 00:00:00,5.697706461990876e-17
cat__Circuit_ID_2389,5.678566985719768e-17
cat__City_Grahamsvl,5.675370062464257e-17
cat__Circuit_ID_FERNAR1,5.674098521255429e-17
cat__Connection_Date_2021-06-11 00:00:00,5.672432960766035e-17
cat__Connection_Date_2023-06-19 00:00:00,5.644505398272115e-17
cat__Substation_MCADOO 914,5.644288313491249e-17
cat__City_MILLER PL,5.621871320669528e-17
cat__Circuit_ID_21-13-13,5.60115923667432e-17
cat__Circuit_ID_2402625,5.596253854018679e-17
cat__Substation_NYS-PUTNAM LAKE 486,5.590836852917523e-17
cat__Circuit_ID_56U1,5.586410538762762e-17
cat__City_NEPONSIT,5.585838283769923e-17
cat__Connection_Date_2023-04-24 00:00:00,5.56015344225112e-17
cat__Connection_Date_2021-01-15 00:00:00,5.546792743003185e-17
cat__City_Rock Tavern,5.532316640416158e-17
cat__Circuit_ID_0017RO2517,5.509952985530101e-17
cat__Substation_NYS-AMAWALK 453,5.4980968777743683e-17
cat__Connection_Date_2015-08-11 00:00:00,5.495037388780898e-17
cat__Circuit_ID_31U1,5.4745305969911906e-17
cat__Connection_Date_2014-07-08 00:00:00,5.45790139757268e-17
cat__Circuit_ID_36_31_30753,5.456849255342665e-17
cat__Developer_CENTURION SOLAR,5.439108300134894e-17
cat__Connection_Date_2023-09-11 00:00:00,5.435615576408021e-17
cat__Connection_Date_2016-11-04 00:00:00,5.42909639139632e-17
cat__Circuit_ID_19-11-13,5.3930817705099105e-17
cat__City_Round Lake,5.385780690440216e-17
"cat__Developer_Michael Kenney (Nickels Energy Solutions, LLC)",5.385218913566558e-17
cat__Circuit_ID_36_32_38153,5.382627137965018e-17
cat__Developer_William Appenheimer (Solar Liberty Energy Systems,5.3813510488946777e-17
cat__Circuit_ID_5Q33,5.369043314747013e-17
cat__Circuit_ID_5083,5.327028943499131e-17
cat__Connection_Date_2022-05-05 00:00:00,5.3267697160058853e-17
cat__Circuit_ID_5Q57,5.288066873766054e-17
cat__Substation_Neversink,5.2797068126577494e-17
cat__Circuit_ID_8094,5.2770919406124285e-17
cat__Circuit_ID_1203102,5.257838344816733e-17
cat__Circuit_ID_36_11_26555,5.2535567997009496e-17
cat__Developer_Fiveboro Solar LLC,5.241190645990673e-17
cat__Circuit_ID_36_32_44256,5.2366384025072795e-17
cat__Connection_Date_2020-01-16 00:00:00,5.2272749332689144e-17
cat__Connection_Date_2011-07-21 00:00:00,5.2158118004967873e-17
cat__Circuit_ID_36_17_68452,5.203413339897901e-17
cat__Substation_KNAPP RD 226,5.2003984825817045e-17
cat__Circuit_ID_4014,5.195599485566761e-17
cat__Circuit_ID_8A714,5.192725297467185e-17
cat__Circuit_ID_5X63,5.184094013497054e-17
cat__Connection_Date_2013-12-10 00:00:00,5.165981637247021e-17
cat__Circuit_ID_1105253,5.160310691376792e-17
cat__City_Thiells,5.1570486106722433e-17
cat__Connection_Date_2013-07-08 00:00:00,5.14979509977098e-17
cat__Substation_0125CF5208-7626 Pittsford Victor RD,5.139349383338222e-17
cat__Connection_Date_2014-03-26 00:00:00,5.136970287644613e-17
cat__Connection_Date_2014-08-05 00:00:00,5.123155016473689e-17
cat__Circuit_ID_1106667,5.1109853250172555e-17
cat__Circuit_ID_90U2,5.091613060338555e-17
cat__Connection_Date_2013-09-13 00:00:00,5.073860148706201e-17
cat__Circuit_ID_36_39_130152,5.061401111356418e-17
cat__Circuit_ID_20W68,5.0539533528691854e-17
cat__Substation_NYS-WILLOWEMOC 030,5.0347843238297277e-17
cat__Circuit_ID_36_04_1961,5.0321888718982885e-17
cat__Connection_Date_2012-12-19 00:00:00,4.987742918284686e-17
cat__Circuit_ID_36_31_30056,4.9789251846428145e-17
cat__City_Andes,4.9656138936002506e-17
cat__Connection_Date_2013-06-11 00:00:00,4.945876376747608e-17
cat__Connection_Date_2022-02-12 00:00:00,4.937859723712101e-17
cat__Circuit_ID_36_01_6052,4.936358321661026e-17
cat__Substation_NYS-WEST HILL 610,4.931715853813333e-17
cat__Connection_Date_2012-08-14 00:00:00,4.9226142882532235e-17
cat__Connection_Date_2023-07-10 00:00:00,4.920558298154219e-17
cat__Developer_Vivint Solar (Vivint Solar),4.912260330232086e-17
cat__Circuit_ID_66U3,4.910461129117126e-17
cat__Connection_Date_2015-07-23 00:00:00,4.903355986910992e-17
cat__Circuit_ID_36_32_25577,4.8980504651039396e-17
cat__Circuit_ID_0127CF5230,4.875793481194731e-17
cat__Substation_NYS-LUDLOWVILLE 727,4.8699079904378324e-17
cat__City_Campbell Hall,4.8500592875832684e-17
cat__Circuit_ID_42U1,4.843542872171453e-17
cat__Circuit_ID_36_13_75463,4.832400354117224e-17
cat__Circuit_ID_6W62,4.805458086987063e-17
cat__Substation_0113RO5102-2670 Union ST,4.780577259278525e-17
cat__Substation_0127CF5230-961 Hook RD,4.760181058539185e-17
cat__Circuit_ID_0097RO2190,4.750252927984554e-17
cat__Circuit_ID_1205402,4.745362703418103e-17
cat__Circuit_ID_0115RO5258,4.731899680366608e-17
cat__Connection_Date_2015-04-29 00:00:00,4.7277084185090337e-17
cat__Substation_0001RO2142-119 Leighton Ave,4.723086269490344e-17
cat__Circuit_ID_SD2720,4.71613734983927e-17
cat__Circuit_ID_51-7-13,4.7148107875240186e-17
cat__Circuit_ID_0041RO0432,4.7098557869630365e-17
cat__Developer_Smart Home Energy Source,4.708821982945345e-17
cat__Circuit_ID_63-1-13,4.6942118912955976e-17
cat__City_BERGEN,4.692381742691527e-17
cat__Connection_Date_2018-02-28 00:00:00,4.6884174911867175e-17
cat__Substation_0033RO0362-410 Elmwood Ave,4.6754055451026464e-17
cat__Circuit_ID_12W79,4.662264385362498e-17
cat__Connection_Date_2020-08-10 00:00:00,4.657894615949328e-17
cat__Substation_0060RO0433-925 County Line RD,4.6427079084709916e-17
cat__Connection_Date_2023-06-07 00:00:00,4.635050926524649e-17
cat__Circuit_ID_2094,4.627636220908648e-17
cat__Developer_Sea Bright Solar,4.6246443025614803e-17
cat__Circuit_ID_2403404,4.6238138609625077e-17
cat__Substation_0104RO5157-3340 Chili AVE,4.620281421532934e-17
cat__Circuit_ID_2WB3P6,4.619782936161222e-17
cat__Circuit_ID_8WR776,4.6135610467193994e-17
cat__Connection_Date_2023-08-10 00:00:00,4.5874297868313977e-17
cat__Connection_Date_2022-12-14 00:00:00,4.582973871849446e-17
cat__Circuit_ID_36_32_36551,4.567300694600668e-17
cat__City_Hudson,4.559242050932642e-17
cat__Circuit_ID_36_30_31716,4.5549768695140826e-17
cat__Connection_Date_2016-11-02 00:00:00,4.550979282768778e-17
cat__Connection_Date_2021-12-08 00:00:00,4.5287474899326e-17
cat__City_ARMONK,4.476978738587353e-17
cat__Connection_Date_2013-07-23 00:00:00,4.476966003796238e-17
cat__Circuit_ID_45-10-13,4.472589731513671e-17
cat__Circuit_ID_3103203,4.468917187007527e-17
cat__Circuit_ID_98U4,4.4670662901711803e-17
cat__City_DUANESBURG,4.4627486781627274e-17
cat__City_Remsenburg,4.453626278010755e-17
cat__Substation_SWANN RD 105,4.451531268977289e-17
cat__Circuit_ID_26-2-13,4.436317585516415e-17
cat__Connection_Date_2019-07-22 00:00:00,4.427715542980163e-17
cat__Connection_Date_2022-12-13 00:00:00,4.4120117649727143e-17
cat__Circuit_ID_SD29,4.3870138359668615e-17
cat__Connection_Date_2017-01-04 00:00:00,4.365100365332669e-17
cat__Circuit_ID_BP NWK,4.364765682809048e-17
cat__Connection_Date_2021-04-29 00:00:00,4.359176404645996e-17
cat__Circuit_ID_5RK261,4.357037665540417e-17
cat__Circuit_ID_5461,4.3363016740504975e-17
cat__Connection_Date_2017-03-13 00:00:00,4.3339816937837894e-17
cat__Substation_BUFFALO STATION 34 - BEST & JEFFERSON,4.333256959568176e-17
cat__City_RIDGE,4.318411730825697e-17
cat__Connection_Date_2013-08-02 00:00:00,4.3173294688959737e-17
cat__Connection_Date_2021-08-26 00:00:00,4.3105158697952704e-17
cat__Circuit_ID_36_17_60454,4.3092172022836045e-17
cat__City_HORSEHEADS,4.306273369512108e-17
cat__City_UPPER NYACK,4.306045677004488e-17
cat__Connection_Date_2023-08-29 00:00:00,4.299024712604843e-17
cat__City_NASSAU,4.298141948410104e-17
cat__Circuit_ID_63-2-13,4.292604526656706e-17
cat__Substation_South Wall St,4.292337243041956e-17
cat__Connection_Date_2023-03-15 00:00:00,4.2914796332618817e-17
cat__Connection_Date_2012-06-18 00:00:00,4.2835460251100066e-17
cat__Connection_Date_2023-11-15 00:00:00,4.280430601973397e-17
cat__Substation_NYS-CASTLE GARDEN 622,4.268059878039866e-17
cat__Substation_NYS-COONS CROSSING 601,4.265100082732526e-17
cat__Substation_NYS-GOLDEN BRIDGE 418,4.262548031999124e-17
cat__Connection_Date_2020-09-11 00:00:00,4.260872692744936e-17
cat__Connection_Date_2012-10-04 00:00:00,4.25862824643166e-17
cat__Division_004-Batavia,4.241214911199831e-17
cat__Connection_Date_2023-04-25 00:00:00,4.2405421253353066e-17
cat__Developer_Lyndsey Mavissakalian (Solar Liberty Energy System,4.2370229255268326e-17
cat__Circuit_ID_27-5-13,4.230494268380931e-17
cat__Connection_Date_2018-02-27 00:00:00,4.2062001116763756e-17
cat__City_NISKAYUNA,4.203555904166324e-17
cat__Circuit_ID_36_33_30354,4.1864253693280866e-17
cat__Connection_Date_2021-07-01 00:00:00,4.16404486264612e-17
cat__Circuit_ID_61-10-13,4.161310331457869e-17
cat__Circuit_ID_3103207,4.1590792340571637e-17
cat__Circuit_ID_5795,4.1573986200829283e-17
cat__Connection_Date_2016-06-06 00:00:00,4.132677654957915e-17
cat__Substation_NYS-PEACH LAKE 249,4.1294281437121296e-17
cat__Connection_Date_2014-09-03 00:00:00,4.123158130474162e-17
cat__Circuit_ID_36_39_37654,4.1011715962981057e-17
cat__Substation_NYS-GRANT AVE 720,4.091221173423172e-17
cat__City_TICONDEROGA,4.0794113241229717e-17
cat__City_Stormville,4.060740373431052e-17
cat__Connection_Date_2015-08-05 00:00:00,4.046024638195586e-17
cat__Circuit_ID_4R74,4.037942046629533e-17
cat__Connection_Date_2022-11-21 00:00:00,4.0343451865453687e-17
cat__Circuit_ID_5204002,4.031526573713142e-17
cat__Substation_SALISBURY 678,4.0180267624000406e-17
cat__Connection_Date_2014-10-20 00:00:00,4.015618113565938e-17
cat__Circuit_ID_13W87,3.9956667137237354e-17
cat__City_HOMER,3.968818344450168e-17
cat__City_ARDSLEY,3.964839582467731e-17
cat__Circuit_ID_9Q41,3.9569482970909915e-17
cat__Circuit_ID_5Q41,3.9334465487242157e-17
cat__Substation_NYS-CROSS RIVER 469,3.923268518019965e-17
cat__Circuit_ID_3102106,3.9169816746005495e-17
cat__Circuit_ID_381,3.90912576323189e-17
cat__Circuit_ID_22-2-13,3.90098948113826e-17
cat__Circuit_ID_0093RO5254,3.9002549170251314e-17
cat__Circuit_ID_1107732,3.873748273391303e-17
cat__Connection_Date_2022-12-22 00:00:00,3.86770591397937e-17
cat__Circuit_ID_113-4-13,3.8521892618514684e-17
cat__Substation_0154CF5260-Holcomb & Dryer RDS,3.851944840420017e-17
cat__Developer_VanGuard Energy,3.8504018699925366e-17
cat__Connection_Date_2022-10-14 00:00:00,3.843529638511618e-17
cat__Connection_Date_2017-02-27 00:00:00,3.8280132784311433e-17
cat__Developer_Jason Tyler (J and A Electrical Construction LLC),3.8152665200340535e-17
cat__Circuit_ID_23-6-13,3.804698459538618e-17
cat__Circuit_ID_8100903,3.789704361035217e-17
cat__City_EAGLE BRIDGE,3.777753363052905e-17
cat__Substation_6P,3.7532302332089146e-17
cat__Circuit_ID_0001RO0336,3.751875335755413e-17
cat__Circuit_ID_36_01_14052,3.747035701851933e-17
cat__Substation_NYS-CROSS RIVER 468,3.742154062670017e-17
cat__Substation_THIRD ST 216,3.7263238271945087e-17
cat__Circuit_ID_73U1,3.714139608444576e-17
cat__Connection_Date_2023-01-10 00:00:00,3.709614259001714e-17
cat__Substation_BEMUS POINT 159,3.7030771156264137e-17
cat__Connection_Date_2022-06-01 00:00:00,3.7006105057718285e-17
cat__Connection_Date_2007-11-26 00:00:00,3.6963478557733313e-17
cat__City_SOUTH SALEM,3.690897834970981e-17
cat__Substation_CHADWICKS 668,3.6837365966742936e-17
cat__Connection_Date_2021-09-27 00:00:00,3.6810643343858305e-17
cat__Connection_Date_2016-10-04 00:00:00,3.6607283804790526e-17
cat__City_BARNEVELD,3.6529731893746285e-17
cat__Substation_NYS-WALES CENTER 325,3.647679657469794e-17
cat__City_Verplanck,3.646826223307663e-17
cat__Circuit_ID_36_32_36553,3.617701452213743e-17
cat__Connection_Date_2009-06-01 00:00:00,3.614273100459312e-17
cat__City_LAKE PEEKSKILL,3.6081530674056524e-17
cat__Connection_Date_2015-01-19 00:00:00,3.6067253577489624e-17
cat__City_Corona,3.5965810884987814e-17
cat__Substation_NYS-LUTHER FOREST 607,3.594944786498893e-17
cat__Connection_Date_2022-04-01 00:00:00,3.58188587590741e-17
cat__Connection_Date_2015-02-09 00:00:00,3.574403053450052e-17
cat__Circuit_ID_GRASSL2,3.5676661269130325e-17
cat__Substation_Pulvers Corners,3.563743400200651e-17
cat__Circuit_ID_11B09,3.5587118958598215e-17
cat__Substation_0001RO0336-119 Leighton Ave,3.5501385524248066e-17
cat__Substation_8332GV7703-RTE 70,3.547944850990733e-17
cat__Circuit_ID_Maryknoll - 2,3.5379569297115854e-17
cat__Substation_NYS-EAST ITHACA 406,3.528294862112001e-17
cat__Connection_Date_2020-12-16 00:00:00,3.522191746505922e-17
cat__Circuit_ID_6421,3.502551502431197e-17
cat__Circuit_ID_3025,3.473873163143837e-17
cat__Substation_NYS-KLINE KILL 631,3.471316282127008e-17
cat__Circuit_ID_36_17_33151,3.454980709876134e-17
cat__Substation_NYS-MELLONVILLE 150,3.408451223770073e-17
cat__Connection_Date_2023-06-26 00:00:00,3.401556256320253e-17
cat__Circuit_ID_9326,3.4014469233140215e-17
cat__Connection_Date_2020-08-07 00:00:00,3.394514183773727e-17
cat__Circuit_ID_5SK1N6,3.389806295184396e-17
cat__Connection_Date_2019-12-20 00:00:00,3.386103162279449e-17
cat__Connection_Date_2018-03-06 00:00:00,3.3608807974569296e-17
cat__City_DUNDEE,3.3579749455905516e-17
cat__Circuit_ID_71-3-13,3.3559965913778734e-17
cat__Connection_Date_2014-11-03 00:00:00,3.352731075317953e-17
cat__Connection_Date_2023-09-28 00:00:00,3.34170540087059e-17
cat__Circuit_ID_8071,3.340840934080137e-17
cat__City_CLYDE,3.321134744731985e-17
cat__Circuit_ID_7281,3.3179672976670565e-17
cat__Circuit_ID_9B19,3.3167989030595584e-17
cat__Connection_Date_2022-08-24 00:00:00,3.314050740738661e-17
cat__Circuit_ID_36_03_6454,3.303426957176364e-17
cat__Connection_Date_2020-09-10 00:00:00,3.302693918818563e-17
cat__Circuit_ID_7S7P7,3.300842313337595e-17
cat__Connection_Date_2003-06-20 00:00:00,3.2942979767493255e-17
cat__City_Corning,3.285361916593805e-17
cat__Substation_South Goshen,3.2810467131464504e-17
cat__Connection_Date_2021-11-29 00:00:00,3.2761564092911374e-17
cat__City_VARYSBURG,3.275899505293888e-17
cat__Substation_HOPKINS 253,3.268288783010556e-17
cat__Developer_AEC Solar Energy Corp,3.267094403267872e-17
cat__Connection_Date_2013-12-23 00:00:00,3.2577877808484437e-17
cat__Substation_NYS-NORTH LANSING 522,3.2364759168279964e-17
cat__Developer_Sungevity Inc,3.228797966943094e-17
cat__Circuit_ID_5B22,3.228525989253918e-17
cat__Circuit_ID_4301001,3.2202376589500966e-17
cat__City_Peekskill,3.2201425294170004e-17
cat__City_South Salem,3.205962975654872e-17
cat__Connection_Date_2021-10-19 00:00:00,3.203088788472585e-17
cat__Substation_Highland Falls,3.184425312038934e-17
cat__Circuit_ID_36_01_6166,3.159228986070549e-17
cat__Circuit_ID_10B72,3.1540270782958196e-17
cat__Substation_0115RO5258-3857 Rush Mendon RD,3.141394677475012e-17
cat__City_SLATERVILLE SPRINGS,3.138706812259212e-17
cat__Circuit_ID_36_13_76462,3.134955109633623e-17
cat__Connection_Date_2013-11-01 00:00:00,3.1258950515711376e-17
cat__Connection_Date_2023-05-22 00:00:00,3.1168012167467676e-17
cat__Division_001-Buffalo,3.115528483080722e-17
cat__Connection_Date_2016-03-28 00:00:00,3.105436561217915e-17
cat__Circuit_ID_SD2715,3.104783083079316e-17
cat__Connection_Date_2022-09-08 00:00:00,3.1007659249297036e-17
cat__Circuit_ID_1105724,3.0936139079314517e-17
cat__Connection_Date_2021-01-13 00:00:00,3.080967973167021e-17
cat__Substation_E. SPRINGFIELD 477,3.0669592059487055e-17
cat__Circuit_ID_36_30_11339,3.059233994075526e-17
cat__Circuit_ID_36_01_99556,3.056166176566016e-17
cat__Connection_Date_2014-09-26 00:00:00,3.053075011181168e-17
cat__Circuit_ID_4300203,3.051215805178963e-17
cat__Circuit_ID_27-4-13,3.0406880051733454e-17
cat__Circuit_ID_35U4,3.0338183615110816e-17
cat__Circuit_ID_36_30_02155,3.017956914299968e-17
cat__Substation_RUTH RD 381,3.003327962147541e-17
cat__Connection_Date_2022-01-03 00:00:00,3.002079480929432e-17
cat__Circuit_ID_2307912,2.9642078245124584e-17
cat__City_CHERRY VALLEY,2.955250036309278e-17
cat__City_Rensselaervle,2.9531112109541776e-17
cat__Circuit_ID_4301502,2.9484643541391166e-17
cat__Circuit_ID_16W02,2.947315511035861e-17
cat__Circuit_ID_1106986,2.9408637811592605e-17
cat__Connection_Date_2023-10-03 00:00:00,2.9299002025586254e-17
cat__Circuit_ID_66M6-1-13,2.9282137177346394e-17
cat__Connection_Date_2015-07-18 00:00:00,2.920139705446336e-17
cat__Connection_Date_2018-02-23 00:00:00,2.9174418442952576e-17
cat__Connection_Date_2018-08-01 00:00:00,2.917440200466101e-17
cat__Substation_0106RO5165-251 Mendon Center RD,2.909098016136517e-17
cat__Connection_Date_2023-09-13 00:00:00,2.899381286054881e-17
cat__Connection_Date_2008-01-07 00:00:00,2.884674838225892e-17
"cat__Developer_Bill Kullman (Solar Liberty Energy Systems, Inc.)",2.878179263226689e-17
cat__Connection_Date_2016-05-17 00:00:00,2.875269534091789e-17
cat__Connection_Date_2018-10-09 00:00:00,2.859381750998422e-17
cat__Connection_Date_2005-03-15 00:00:00,2.850322491339706e-17
cat__Connection_Date_2016-03-17 00:00:00,2.839368357830724e-17
cat__Connection_Date_2016-08-03 00:00:00,2.832779957153354e-17
cat__Connection_Date_2010-10-28 00:00:00,2.825148968735868e-17
cat__Circuit_ID_82U4,2.823580737230354e-17
cat__Connection_Date_2023-06-05 00:00:00,2.8215476158841977e-17
cat__Connection_Date_2015-06-11 00:00:00,2.815764941680678e-17
cat__Substation_NYS-PERUVILLE TAP 522,2.806909106084913e-17
cat__Circuit_ID_36_32_36557,2.79670750505576e-17
cat__Connection_Date_2021-01-26 00:00:00,2.792937736213635e-17
cat__City_ELMSFORD,2.7919281218470055e-17
cat__Connection_Date_2017-01-10 00:00:00,2.789864573064893e-17
cat__Circuit_ID_36_39_28552,2.777538763915663e-17
cat__Circuit_ID_0198LS5227,2.775700156519554e-17
cat__City_Hastings-On-Hudson,2.7738761610885224e-17
cat__City_CLAYVILLE,2.764714007034365e-17
cat__Connection_Date_2020-01-13 00:00:00,2.7498055604275905e-17
cat__Substation_0428CF5172-North ST,2.7459370333589247e-17
cat__Circuit_ID_9A2N9,2.739437435508779e-17
cat__Circuit_ID_3033,2.7352906516066668e-17
cat__City_Stony Point,2.7268150000858932e-17
cat__Connection_Date_2021-06-25 00:00:00,2.7179601797000786e-17
cat__City_Old Chatham,2.7059088047903397e-17
cat__City_LANCASTER,2.7017482316245767e-17
cat__Substation_SCOTIA 255,2.6870139056708574e-17
cat__Connection_Date_2022-12-02 00:00:00,2.6691524020268715e-17
cat__Circuit_ID_36_05_438152,2.6607036380984557e-17
cat__Circuit_ID_48U3,2.658980755867036e-17
cat__Substation_NYS-GOLDEN BRIDGE 414,2.653734138879701e-17
cat__City_BRIARCLIFF MANOR,2.6484213231798042e-17
cat__Connection_Date_2015-04-15 00:00:00,2.6465792934460205e-17
cat__Circuit_ID_8051,2.642160874460297e-17
cat__Substation_COBLESKILL 214,2.6406982229180327e-17
cat__Circuit_ID_7B07,2.62628170081006e-17
cat__Connection_Date_2018-12-27 00:00:00,2.625995299752113e-17
cat__Substation_NYS-MOHANSIC 406,2.619543373566148e-17
cat__Circuit_ID_8101102,2.5983740848151965e-17
cat__Circuit_ID_80U4,2.5961586255938716e-17
cat__Connection_Date_2020-03-09 00:00:00,2.5876323339801814e-17
cat__Developer_Active Solar Development LLC,2.580290553613134e-17
cat__Substation_NYS-WALDEN AVE 305,2.576197394003395e-17
cat__Circuit_ID_36_32_26554,2.5663062189652365e-17
"cat__Developer_Heather Anton (Solar Liberty Energy Systems, Inc.)",2.5650340231683627e-17
cat__Connection_Date_2017-03-30 00:00:00,2.562768718944253e-17
cat__Circuit_ID_36_30_29114,2.5595000320508642e-17
cat__Connection_Date_2013-03-15 00:00:00,2.5537320072066912e-17
cat__City_Willseyville,2.5447783563411215e-17
cat__Circuit_ID_36_01_3462,2.527096827792799e-17
cat__Connection_Date_2016-06-13 00:00:00,2.5266345755396945e-17
"cat__Developer_Sunrun Installation Services, Inc.",2.5187438281498782e-17
cat__Developer_Astrawatt Solar,2.515913610485336e-17
cat__Circuit_ID_1294,2.513772760703501e-17
cat__City_NORTH SYRACUSE,2.511621324903566e-17
cat__Circuit_ID_3A354,2.49880269795534e-17
cat__Circuit_ID_1106749,2.498694339653447e-17
cat__Circuit_ID_2305516,2.4917712434341174e-17
cat__City_Glen Wild,2.4902231048142922e-17
cat__Connection_Date_2012-03-05 00:00:00,2.4880328566799836e-17
cat__City_PULASKI,2.4828312836473708e-17
cat__Circuit_ID_36_06_7458,2.482135301318367e-17
cat__Substation_BROCKPORT 74,2.4708228575557564e-17
cat__Connection_Date_2023-09-27 00:00:00,2.4702985475890477e-17
cat__Substation_NYS-EAST NORWICH 516,2.468155326027488e-17
cat__Connection_Date_2023-02-13 00:00:00,2.4644262157446203e-17
cat__Connection_Date_2003-09-10 00:00:00,2.463639321537384e-17
cat__Circuit_ID_4052,2.4601515287276927e-17
cat__City_Bronxville,2.4504140423886634e-17
cat__City_Larchmont,2.4464712585105427e-17
cat__Circuit_ID_36_37_21412,2.4380258978931756e-17
cat__Connection_Date_2022-06-22 00:00:00,2.4283754356584932e-17
cat__Developer_AEC Solar (American Energy Care / AEC Solar),2.424518633107774e-17
cat__Substation_NYS-POUND RIDGE 455,2.4191549891764006e-17
cat__Connection_Date_2014-04-11 00:00:00,2.4183426435464137e-17
cat__Connection_Date_2021-11-04 00:00:00,2.410113755203014e-17
cat__Circuit_ID_1081,2.4086486110977774e-17
cat__City_DOBBS FERRY,2.4051281020370563e-17
cat__Connection_Date_2015-04-16 00:00:00,2.395425595443525e-17
cat__Circuit_ID_5U1,2.393695124800617e-17
cat__Connection_Date_2023-04-03 00:00:00,2.3919588875190656e-17
cat__Connection_Date_2015-06-18 00:00:00,2.3909869055282704e-17
cat__Connection_Date_2023-08-23 00:00:00,2.389849423872836e-17
cat__City_Katonah,2.3895411240581954e-17
cat__Circuit_ID_3105301,2.388577630061286e-17
cat__City_ANTWERP,2.3807475119277116e-17
cat__Connection_Date_2013-10-07 00:00:00,2.370715050316461e-17
cat__Substation_NYS-DAVIS 381,2.3688314836265936e-17
cat__Circuit_ID_36_16_32451,2.3678299147100277e-17
cat__Circuit_ID_69U1,2.367411323865923e-17
cat__Circuit_ID_3104202,2.366545717593712e-17
cat__Circuit_ID_5Q56,2.3622419146289962e-17
cat__Substation_NYS-LANGER RD 432,2.3494915579197663e-17
cat__Circuit_ID_7X85,2.3481689907493735e-17
cat__Connection_Date_2022-10-20 00:00:00,2.339135926300242e-17
cat__Circuit_ID_14W11,2.3362579134409577e-17
cat__Connection_Date_2022-08-09 00:00:00,2.3332259831972527e-17
cat__Connection_Date_2022-08-02 00:00:00,2.3306948353611577e-17
cat__Connection_Date_2017-04-26 00:00:00,2.3267336146921202e-17
cat__Connection_Date_2021-09-05 00:00:00,2.3091578894957233e-17
cat__Connection_Date_2023-02-16 00:00:00,2.2998705201696455e-17
cat__City_Attica,2.2988533460617554e-17
cat__Circuit_ID_36_11_16852,2.293026850982767e-17
cat__Substation_0097RO2190-25 Seneca Park AVE,2.2890911263749676e-17
cat__Connection_Date_2020-09-17 00:00:00,2.287944905489914e-17
cat__Circuit_ID_5200415,2.284393579159633e-17
cat__Circuit_ID_1091,2.2811578288843218e-17
cat__City_BEDFORD,2.275041741568337e-17
cat__Circuit_ID_36_11_25353,2.2717308727314373e-17
cat__Circuit_ID_5Q40,2.271561123646678e-17
cat__Circuit_ID_7831,2.2659533054913908e-17
cat__Circuit_ID_7W46,2.2656841902062542e-17
cat__Substation_Greenfield Rd,2.2517630536388322e-17
cat__Circuit_ID_1105869,2.2471575354337967e-17
cat__Circuit_ID_1204301,2.2457948133038063e-17
cat__City_MECHANICVILLE,2.2320124293304773e-17
cat__Connection_Date_2018-01-12 00:00:00,2.231395896752831e-17
cat__Circuit_ID_12W95,2.2311778672684263e-17
cat__Circuit_ID_36_40_04252,2.2233719111832445e-17
cat__City_Norwich,2.223367288628908e-17
cat__Circuit_ID_36_32_37052,2.2221346618961587e-17
cat__Circuit_ID_9B15,2.2194516057424968e-17
cat__Circuit_ID_36_30_45151,2.213190744588375e-17
cat__Circuit_ID_89-1-13,2.2082160678598598e-17
cat__Circuit_ID_2041,2.2065102370546832e-17
cat__Circuit_ID_5204003,2.2057378876203014e-17
cat__Circuit_ID_5X39,2.1951814963679806e-17
cat__Substation_WELLS 208,2.1949596931415788e-17
cat__Substation_BUFFALO STATION 33 - WEST & CONNECTICUT,2.1902418040416803e-17
cat__Connection_Date_2020-11-23 00:00:00,2.1852541279221545e-17
cat__City_CROPSEYVILLE,2.1680154603272284e-17
cat__City_North Salem,2.1631785666035184e-17
cat__Connection_Date_2023-09-14 00:00:00,2.16040869906571e-17
cat__Circuit_ID_0106RO5165,2.1562062584039757e-17
cat__Division_040-Warrensburg,2.154688763753986e-17
cat__Substation_NYS-CANTITOE 282,2.1517873294547585e-17
cat__Circuit_ID_54-1-13,2.1507809995786753e-17
cat__Circuit_ID_36_37_47751,2.148522824877226e-17
cat__Circuit_ID_2387,2.145218244273559e-17
cat__Circuit_ID_1201202,2.1384004080601158e-17
cat__Circuit_ID_8W84,2.135189007370348e-17
cat__Circuit_ID_3103002,2.1349496555639433e-17
cat__Substation_NYS-ANDES 235,2.1229131711700096e-17
cat__Circuit_ID_97U2,2.1228021126396408e-17
cat__Substation_BUFFALO STATION 21 - MAIN & EGGERT,2.1215618167926886e-17
cat__Connection_Date_2022-07-07 00:00:00,2.1178335617220587e-17
cat__City_LEROY,2.117685082437755e-17
cat__Division_016 - Pulaski,2.116166664080538e-17
cat__Connection_Date_2015-12-16 00:00:00,2.102632133286741e-17
cat__Substation_BUFFALO STATION 26 - HERTEL & STARIN,2.0961524309633108e-17
cat__Circuit_ID_4347,2.0933406197323538e-17
cat__Circuit_ID_1106856,2.089283856058094e-17
cat__Circuit_ID_6Q40,2.0858169206918277e-17
cat__Circuit_ID_8101202,2.0830978152136544e-17
cat__Circuit_ID_4400503,2.0767499876486393e-17
cat__Circuit_ID_36_11_24753,2.0764406020600018e-17
cat__Developer_RGS Energy,2.0695369592630226e-17
cat__Circuit_ID_76U4,2.056974126517881e-17
cat__Connection_Date_2014-11-10 00:00:00,2.0477716393990516e-17
cat__Substation_0041RO0432-1765 Monroe Ave,2.0410675694285835e-17
cat__Circuit_ID_36_01_3362,2.0389732681737596e-17
cat__Connection_Date_2013-01-30 00:00:00,2.0311628936555115e-17
cat__Connection_Date_2023-08-16 00:00:00,2.02054608852533e-17
cat__Circuit_ID_36_30_11340,2.0045125934871913e-17
cat__Circuit_ID_36_01_14058,2.0021682677705416e-17
cat__Substation_S. PHILADELPHIA 764,1.9924531390032566e-17
cat__Connection_Date_2016-11-29 00:00:00,1.9913361696083538e-17
cat__Connection_Date_2023-04-05 00:00:00,1.9908559722156105e-17
cat__Connection_Date_2022-07-20 00:00:00,1.9895051905001715e-17
cat__City_Jefferson,1.978558167774713e-17
cat__City_WEST EDMESTON,1.9749401069539798e-17
cat__City_Lexington,1.9710991118387982e-17
cat__Division_006-Albion/Medina,1.967439801761216e-17
cat__Circuit_ID_36_12_27852,1.964144568944738e-17
cat__Circuit_ID_63-7-13,1.9601176426102663e-17
cat__City_East Durham,1.96008249756078e-17
cat__Connection_Date_2021-08-24 00:00:00,1.94744220375636e-17
cat__City_SPRINGVILLE,1.946119378466457e-17
cat__Connection_Date_2017-01-05 00:00:00,1.942245689366465e-17
cat__Substation_NYS-CRAFTS 424,1.9418830354049336e-17
cat__Connection_Date_2020-09-02 00:00:00,1.9400980949908653e-17
cat__Connection_Date_2015-09-04 00:00:00,1.9384932740087382e-17
cat__City_PURCHASE,1.9368671610613465e-17
cat__Substation_PORTAGE ST 754,1.935437558065484e-17
cat__Circuit_ID_0418RO5198,1.9263799673524113e-17
cat__Circuit_ID_8092,1.9240342877260774e-17
cat__Substation_NYS-WILSEYVILLE 751,1.9212266528359567e-17
cat__Connection_Date_2022-12-09 00:00:00,1.9209928189482374e-17
cat__Circuit_ID_1105723,1.916865957367802e-17
cat__Developer_Albany Solar Solutions,1.9143476300567128e-17
cat__Circuit_ID_36_11_32554,1.9137676771442815e-17
cat__Connection_Date_2022-06-03 00:00:00,1.899608804431702e-17
cat__Connection_Date_2020-07-07 00:00:00,1.8992063925858937e-17
cat__Circuit_ID_41611,1.89753957043857e-17
cat__Connection_Date_2022-05-19 00:00:00,1.8824172954583646e-17
cat__Circuit_ID_21-16-13,1.8809544432007415e-17
cat__Connection_Date_2023-01-11 00:00:00,1.8801116625227407e-17
cat__Division_005-Avon,1.8784575025313464e-17
cat__Substation_NYS-STEPHENTOWN 136,1.8767736480259357e-17
cat__Circuit_ID_36_31_37256,1.8721330341385766e-17
cat__Connection_Date_2015-05-04 00:00:00,1.866143227460045e-17
cat__Circuit_ID_4300502,1.8544238734411892e-17
cat__City_Stanfordville,1.851144513215686e-17
cat__Connection_Date_2023-12-22 00:00:00,1.8490439677590706e-17
cat__Circuit_ID_105U3,1.834061541173943e-17
cat__Substation_NYS-SNOWS CORNERS 608,1.8293156057097993e-17
cat__Circuit_ID_1106104,1.8288062761722343e-17
cat__Circuit_ID_36_32_34557,1.8224133112665653e-17
cat__Substation_Otisville,1.8113795443093052e-17
cat__Substation_5U,1.809607188828929e-17
cat__Circuit_ID_6096,1.8036479838335442e-17
cat__Circuit_ID_7571,1.7969964361855108e-17
cat__Substation_0041RO0430-1765 Monroe Ave,1.7880693131693348e-17
cat__Connection_Date_2015-01-26 00:00:00,1.787474724208661e-17
cat__Substation_E. PULASKI 324,1.780965556711446e-17
cat__Substation_NYS-DICK RD 537,1.7807690656204943e-17
cat__Connection_Date_2017-11-21 00:00:00,1.774140235318077e-17
cat__Connection_Date_2013-09-05 00:00:00,1.7731679390888595e-17
cat__Connection_Date_2022-12-29 00:00:00,1.758149353774937e-17
cat__Circuit_ID_8063,1.7572210800267795e-17
cat__Connection_Date_2021-08-31 00:00:00,1.75087847369689e-17
cat__Circuit_ID_9152,1.7491068228864287e-17
cat__Circuit_ID_0104RO5156,1.745894804607047e-17
cat__City_E ISLIP,1.7427198327916475e-17
cat__Circuit_ID_395,1.7405417485156428e-17
cat__Connection_Date_2023-10-11 00:00:00,1.740074750798275e-17
cat__Connection_Date_2016-10-10 00:00:00,1.739676634010377e-17
cat__City_PATTERSON,1.7395393437021026e-17
cat__Connection_Date_2019-08-26 00:00:00,1.733567224935357e-17
cat__Circuit_ID_1107191,1.7328802452789962e-17
cat__Connection_Date_2015-07-24 00:00:00,1.7309084323574672e-17
cat__Circuit_ID_36_01_14055,1.7285662104651062e-17
cat__Connection_Date_2018-06-25 00:00:00,1.727849600038828e-17
cat__Connection_Date_2021-10-27 00:00:00,1.724771587968827e-17
cat__Circuit_ID_29U2,1.7190053158278737e-17
cat__Circuit_ID_236,1.7106603910203648e-17
cat__Circuit_ID_7B704,1.7090325098086568e-17
cat__City_OZONE PARK,1.7001347722095526e-17
cat__City_Endicott,1.6936542421160684e-17
cat__Connection_Date_2017-03-02 00:00:00,1.6928306377916645e-17
cat__City_TARRYTOWN,1.6916208861643066e-17
cat__Circuit_ID_36_31_41352,1.682242316051877e-17
cat__Circuit_ID_3LG312,1.6811208778947988e-17
cat__Circuit_ID_6846,1.677015945661969e-17
cat__Circuit_ID_21-9-13,1.6705220781527518e-17
cat__Circuit_ID_3103903,1.6690265916276124e-17
cat__Substation_S. NEWFANE 71,1.667021878034829e-17
cat__Circuit_ID_8B86,1.661412361060094e-17
cat__Connection_Date_2015-08-10 00:00:00,1.6567916825738345e-17
cat__Circuit_ID_6043,1.6514113726114473e-17
cat__Connection_Date_2021-03-15 00:00:00,1.6497113906871917e-17
cat__Connection_Date_2015-09-29 00:00:00,1.6459920082333224e-17
cat__Circuit_ID_5061,1.6452422975198786e-17
cat__City_CAMBRIDGE,1.64515306582752e-17
cat__Circuit_ID_1105427,1.644370310071832e-17
cat__Circuit_ID_0145CF5144,1.6440111924700878e-17
cat__City_Brewster,1.6344519955127358e-17
cat__City_Cuddebackville,1.6306615870721494e-17
cat__Circuit_ID_5606,1.6240529755311947e-17
cat__Substation_NYS-CRARYVILLE 611,1.621298212955217e-17
cat__Circuit_ID_6W66,1.6202534066000028e-17
cat__Circuit_ID_302,1.6200147979005113e-17
cat__Circuit_ID_5X38,1.6194847069193766e-17
cat__Substation_FRANKHAUSER 995,1.6171260325584587e-17
cat__Circuit_ID_5701,1.6153412204530542e-17
cat__Connection_Date_2020-07-16 00:00:00,1.611889058639541e-17
cat__Circuit_ID_6Q666,1.6053166324426783e-17
cat__City_STEPHENTOWN,1.6000353753617275e-17
cat__Connection_Date_2020-09-21 00:00:00,1.5973417504397088e-17
cat__Circuit_ID_2H577,1.587505447971553e-17
cat__Substation_NYS-TILLY FOSTER 438,1.5749490538082568e-17
cat__Circuit_ID_36_40_28452,1.57237196958455e-17
cat__Circuit_ID_36_33_42754,1.5706745202136536e-17
cat__Circuit_ID_1106108,1.5670421992010766e-17
cat__Connection_Date_2022-04-12 00:00:00,1.5593208196932257e-17
cat__City_CARMEL,1.5511571720196107e-17
cat__Circuit_ID_36_39_44357,1.5378536823859465e-17
cat__Connection_Date_2023-03-08 00:00:00,1.5309131617380577e-17
cat__Connection_Date_2018-07-23 00:00:00,1.5210460771859688e-17
cat__Connection_Date_2019-11-18 00:00:00,1.515086711725729e-17
cat__Connection_Date_2018-08-29 00:00:00,1.5120226413744267e-17
cat__Circuit_ID_34U4,1.5095481691208864e-17
cat__Connection_Date_2018-06-05 00:00:00,1.5083149845975438e-17
cat__Connection_Date_2012-05-03 00:00:00,1.5062803899100916e-17
cat__Developer_AEC Solar,1.494329680373445e-17
cat__Circuit_ID_2401589,1.4935085999397548e-17
cat__Connection_Date_2020-07-02 00:00:00,1.490609002333278e-17
cat__Circuit_ID_2B03,1.475979362662475e-17
cat__Circuit_ID_SD2700,1.4754949938533485e-17
cat__Connection_Date_2020-12-11 00:00:00,1.475483009854937e-17
cat__Circuit_ID_4300603,1.4549218871904906e-17
cat__Circuit_ID_4013,1.4487446035587655e-17
cat__Circuit_ID_36_40_32151,1.4478337152657364e-17
cat__Substation_WARRENSBURG 321,1.435042871482555e-17
cat__Developer_Bob Timkey (Go Solar LED),1.4318970608510565e-17
cat__Circuit_ID_36_01_2272,1.4285961427982714e-17
cat__Connection_Date_2021-07-14 00:00:00,1.42788725597448e-17
cat__Connection_Date_2022-01-31 00:00:00,1.4252971117530217e-17
cat__Substation_NYS-WEST LEBANON 166,1.4240912550535225e-17
cat__Connection_Date_2014-05-31 00:00:00,1.4110459515636517e-17
cat__City_KENDALL,1.404950553816278e-17
cat__Substation_EUCLID 267,1.3989554738909197e-17
cat__Circuit_ID_36_17_66851,1.3955660265490396e-17
cat__Connection_Date_2023-01-04 00:00:00,1.392464450259529e-17
cat__Substation_South Cairo,1.3887693819578316e-17
cat__Circuit_ID_6784,1.3865593706010913e-17
cat__City_WARRENSBURG,1.3814568700982448e-17
cat__Connection_Date_2014-01-16 00:00:00,1.3790389163706798e-17
cat__Substation_CAZENOVIA 220,1.3757412723621869e-17
cat__Circuit_ID_5Q45,1.3746307394393249e-17
cat__Circuit_ID_51U4,1.3717694136711698e-17
cat__Circuit_ID_24-4-13,1.3702574340452508e-17
cat__Developer_James R. Tucker,1.3695986659704422e-17
cat__Substation_BYRON 18,1.3691480988229875e-17
cat__Circuit_ID_SD2734,1.3655198486695304e-17
"cat__Developer_Sunrun, INC",1.3606571369456871e-17
cat__City_E QUOGUE,1.3535542448543107e-17
cat__Connection_Date_2021-01-20 00:00:00,1.3529543963159765e-17
cat__Circuit_ID_36_30_40771,1.3500454289290902e-17
cat__City_NEW YORK MILLS,1.348869152871311e-17
cat__Connection_Date_2021-02-18 00:00:00,1.3416302687706885e-17
cat__Circuit_ID_5561,1.337874797694101e-17
cat__Circuit_ID_2306960,1.3302952603635474e-17
cat__Connection_Date_2019-10-01 00:00:00,1.3244027310110012e-17
cat__City_LYNBROOK,1.323752693423052e-17
cat__Circuit_ID_92U3,1.316956944589953e-17
cat__Circuit_ID_3R30,1.3075350606858432e-17
cat__Circuit_ID_4303701,1.3052568163533971e-17
cat__Circuit_ID_8101701,1.289204582464302e-17
cat__Circuit_ID_0125CF5182,1.2859083556672767e-17
cat__City_CORTLANDT MANOR,1.2837201366774067e-17
cat__Circuit_ID_5736,1.2826886738023259e-17
cat__Connection_Date_2017-02-15 00:00:00,1.2772167270994994e-17
cat__Connection_Date_2022-08-23 00:00:00,1.267631500787046e-17
cat__Connection_Date_2018-04-13 00:00:00,1.2553426589253357e-17
cat__Substation_NYS-DOVER PLAINS 494,1.2495951472105919e-17
cat__City_FONDA,1.24920382879149e-17
cat__Substation_NYS-EAST ITHACA 401,1.2421331774420514e-17
cat__Connection_Date_2013-04-08 00:00:00,1.23533244320801e-17
cat__Circuit_ID_1106855,1.2348489820751342e-17
cat__Division_023-Lowville,1.2294632434649383e-17
cat__Circuit_ID_6075,1.2273223431326341e-17
cat__Substation_SCOFIELD RD 450,1.2249010969493594e-17
cat__Connection_Date_2023-08-31 00:00:00,1.22443004725511e-17
cat__Substation_CHESTERTOWN 42,1.2157342433763786e-17
cat__Circuit_ID_216,1.213388821219734e-17
cat__City_WAINSCOTT,1.2115622451965073e-17
cat__Connection_Date_2023-08-18 00:00:00,1.2110973947004599e-17
cat__Circuit_ID_36_09_6561,1.2071001426134636e-17
cat__Circuit_ID_36_06_7451,1.201577030262446e-17
cat__Connection_Date_2021-03-04 00:00:00,1.1879441819840445e-17
cat__City_Groton,1.1870601106083334e-17
cat__Connection_Date_2021-08-13 00:00:00,1.184466376478502e-17
cat__Developer_Darren DeWispelaere (ACES Energy),1.182492045748277e-17
cat__Circuit_ID_0142CF5192,1.1796409185917573e-17
cat__Circuit_ID_9213,1.1781381279357042e-17
cat__Circuit_ID_7DM789,1.1758712515141314e-17
cat__Circuit_ID_4200102,1.1737177957989036e-17
cat__Circuit_ID_5Q30,1.1630838067372964e-17
cat__Developer_Solar Liberty Energy Systems Inc.,1.1615092006303937e-17
cat__Circuit_ID_1082,1.1577923707359641e-17
cat__City_Craryville,1.1546626685636412e-17
cat__Substation_NYS-WALES CENTER 326,1.1489828498091645e-17
cat__Developer_Dragon Solar LLC,1.1411145212642456e-17
cat__City_Hamburg,1.1309157165577067e-17
cat__Connection_Date_2023-01-20 00:00:00,1.1289384618091077e-17
cat__Division_009-Lakewood/Stow,1.1238409730464818e-17
cat__Circuit_ID_5473,1.1198773800104862e-17
cat__Connection_Date_2021-10-15 00:00:00,1.1135267027570875e-17
cat__Connection_Date_2020-08-05 00:00:00,1.1117991943210299e-17
cat__Connection_Date_2015-09-03 00:00:00,1.1082360072731356e-17
cat__Circuit_ID_3011,1.1064101328777833e-17
cat__Circuit_ID_5Q37,1.1038445380624348e-17
cat__Connection_Date_2021-06-14 00:00:00,1.0900434212872698e-17
cat__Circuit_ID_0146CF5141,1.0847875288805842e-17
cat__Connection_Date_2021-06-21 00:00:00,1.0706385280163112e-17
cat__Circuit_ID_9B01,1.0688478590582165e-17
cat__Circuit_ID_9542,1.0538192348146622e-17
cat__Circuit_ID_3102205,1.0518517754652998e-17
cat__Circuit_ID_58U2,1.0518517754652998e-17
cat__Circuit_ID_36_38_36253,1.0453701108996449e-17
cat__Circuit_ID_0041RO0430,1.0414013404365775e-17
cat__Substation_TURIN RD 653,1.0388006922950891e-17
cat__Connection_Date_2023-12-04 00:00:00,1.0290394502493072e-17
cat__Circuit_ID_0154CF5260,1.0258672452444296e-17
cat__Circuit_ID_84U3,1.0119820599668179e-17
cat__Connection_Date_2012-08-03 00:00:00,1.0067816510556098e-17
cat__Circuit_ID_1107189,9.925266831236507e-18
cat__Substation_0069RO5159-512 Long Pond RD,9.900504216400145e-18
cat__Substation_NYS-WEST HILL 609,9.866221735615573e-18
cat__Substation_BUFFALO STATION 22 - KENMORE & ENGELWOOD,9.85892618627323e-18
cat__City_FLUSHING,9.827061941195449e-18
cat__Substation_ELLICOTT 65,9.771790877461925e-18
cat__Circuit_ID_36_39_41555,9.715715939878497e-18
cat__Circuit_ID_0069RO5159,9.65455825770195e-18
cat__Connection_Date_2023-06-09 00:00:00,9.644555448386051e-18
cat__Developer_Edward Dodge,9.607456861966741e-18
cat__Substation_Port Jervis,9.588298126141641e-18
cat__City_BOLTON LANDING,9.497085908248549e-18
cat__Circuit_ID_7091,9.457844701631479e-18
cat__Connection_Date_2023-10-06 00:00:00,9.405037972064624e-18
cat__Circuit_ID_22-1-13,9.32508309246496e-18
cat__City_BURLINGTON FLATS,9.315968195882674e-18
cat__Substation_NYS-INDIAN CHURCH RD 223,9.315263302010018e-18
cat__Circuit_ID_1071,9.196062676634536e-18
cat__Connection_Date_2015-01-09 00:00:00,9.190805467447698e-18
cat__Connection_Date_2015-01-02 00:00:00,9.159689854519561e-18
cat__Circuit_ID_15U4,9.135483002045194e-18
cat__City_GANSEVOORT,9.124542082825359e-18
cat__Circuit_ID_3104801,8.997569897792899e-18
cat__City_WEST HAVERSTRAW,8.860778079309855e-18
cat__Circuit_ID_2X10,8.831165478462699e-18
cat__City_Lockwood,8.797425656422697e-18
cat__Connection_Date_2019-10-04 00:00:00,8.792517335221058e-18
cat__Substation_NYS-OTEGO 012,8.728441928091902e-18
cat__Connection_Date_2023-08-24 00:00:00,8.68931627370388e-18
cat__Connection_Date_2023-01-30 00:00:00,8.649328041348222e-18
"cat__Developer_ConEdison Solutions, Inc",8.625541432554867e-18
cat__Connection_Date_2023-10-13 00:00:00,8.537939325653552e-18
cat__Substation_NYS-MIDDLESEX 201,8.516809663942067e-18
cat__City_SHOREHAM,8.478825104115945e-18
cat__Circuit_ID_Laconia West - 1,8.478825070002974e-18
cat__Circuit_ID_1203206,8.427985093561794e-18
cat__Developer_American Energy Care,8.385680873226406e-18
cat__Circuit_ID_13W72,8.376791892157885e-18
cat__Substation_BOLTON 284,8.355321920716899e-18
cat__Circuit_ID_0189LS5113,8.321923046912606e-18
cat__City_Valley Cottage,8.288092080277261e-18
"cat__Developer_Jillian McHugh (Kasselman Solar, LLC)",8.18214895421756e-18
cat__City_AUSTERLITZ,8.161655332021407e-18
cat__Circuit_ID_7W11,8.126584702710985e-18
cat__Connection_Date_2018-05-30 00:00:00,8.12494698264106e-18
cat__Circuit_ID_18U1,8.115040890338369e-18
cat__Circuit_ID_17W34,7.996247888388242e-18
cat__Connection_Date_2023-07-27 00:00:00,7.98251525092657e-18
cat__Circuit_ID_7055,7.952556679058213e-18
cat__Connection_Date_2022-07-05 00:00:00,7.884968653969229e-18
cat__Substation_BRIDGEPORT 168,7.880240910037362e-18
cat__Circuit_ID_6981,7.766144652019833e-18
cat__Connection_Date_2023-03-20 00:00:00,7.643436802338127e-18
cat__City_Sterling,7.63649017195113e-18
cat__Circuit_ID_5B25,7.603942812707044e-18
cat__Circuit_ID_3101001,7.589857526513697e-18
cat__Circuit_ID_1592,7.58058066983313e-18
cat__Circuit_ID_7W42,7.554783474607887e-18
cat__Developer_Sunrise Solar Solutions,7.439023162084507e-18
cat__City_Clinton Cors,7.411278207285717e-18
cat__Circuit_ID_7791,7.371963170967494e-18
cat__Circuit_ID_3U2,7.363714926445208e-18
cat__Connection_Date_2021-06-18 00:00:00,7.353456467921984e-18
cat__Circuit_ID_36_32_44258,7.300122569093201e-18
cat__City_SCHROON LAKE,7.212567742991058e-18
cat__City_WHITESTONE,7.17242988374455e-18
cat__Circuit_ID_36_32_34555,7.168027513649835e-18
cat__Substation_NYS-VAN ETTEN 570,7.156776183434419e-18
cat__Connection_Date_2023-01-31 00:00:00,7.15429857415135e-18
cat__Connection_Date_2022-05-03 00:00:00,7.14054369834624e-18
cat__Circuit_ID_5Q39,7.112105311390567e-18
cat__Circuit_ID_36_11_1673,7.102821086226589e-18
cat__Circuit_ID_36_32_37056,7.069799277112595e-18
cat__Circuit_ID_36_32_36552,6.975459924666773e-18
cat__City_COPAKE,6.970457550632319e-18
cat__Circuit_ID_391,6.967429346051019e-18
cat__City_Berne,6.905669506482166e-18
cat__Circuit_ID_5U8K6,6.898120681963579e-18
cat__Connection_Date_2014-11-28 00:00:00,6.838617662727735e-18
cat__City_West Henrietta,6.8324457634065266e-18
cat__City_Cornwall Hdsn,6.816774915322585e-18
cat__Circuit_ID_27-8-13,6.78559186720951e-18
cat__City_brooklyn,6.7714858470969485e-18
cat__Circuit_ID_5X66,6.604447053455889e-18
cat__City_VALLEY COTTAGE,6.590781513125579e-18
cat__Connection_Date_2022-10-19 00:00:00,6.537726739711781e-18
cat__Circuit_ID_9B21,6.360249288567156e-18
cat__Circuit_ID_3B94,6.358973732794372e-18
cat__Circuit_ID_6B56,6.2334471079145376e-18
cat__Circuit_ID_2301822,6.183633376965554e-18
cat__City_Boicevl,6.162829448036442e-18
cat__Circuit_ID_7891,6.127577622075347e-18
cat__Connection_Date_2013-07-17 00:00:00,6.108126899856535e-18
cat__Connection_Date_2020-10-02 00:00:00,6.086173538104682e-18
cat__Connection_Date_2014-10-10 00:00:00,5.9827828711056656e-18
cat__City_Ancramdale,5.980733127603082e-18
cat__Circuit_ID_10B70,5.9501833803099795e-18
cat__Connection_Date_2009-09-08 00:00:00,5.875905001706296e-18
cat__Circuit_ID_36_14_25456,5.69228117867633e-18
cat__Circuit_ID_219,5.643516601641037e-18
cat__Circuit_ID_36_33_08753,5.617562229018345e-18
cat__Circuit_ID_287,5.530511683031929e-18
cat__Connection_Date_2012-08-08 00:00:00,5.464590218158442e-18
cat__Circuit_ID_5301351,5.454765969478374e-18
cat__Circuit_ID_89-3-13,5.4343743177406284e-18
cat__City_Cold Spg,5.416627031170409e-18
cat__City_Monsey,5.295776761749185e-18
cat__Circuit_ID_1205901,5.274831610917855e-18
cat__Circuit_ID_4302501,5.272156407112046e-18
cat__Circuit_ID_3003,5.198699051362386e-18
cat__City_Bearsville,5.186666025039293e-18
cat__Connection_Date_2023-11-09 00:00:00,5.166768297929419e-18
cat__Connection_Date_2015-01-08 00:00:00,5.15407386975376e-18
"cat__Developer_Trinity Solar, Inc.",5.149431981521119e-18
cat__Connection_Date_2018-08-30 00:00:00,4.998325650441384e-18
cat__Circuit_ID_1203,4.9228626448738246e-18
cat__City_NORTH BLENHEIM,4.890123048826515e-18
cat__Connection_Date_2013-09-24 00:00:00,4.875950821626591e-18
cat__Circuit_ID_36_32_44257,4.845042915554731e-18
cat__Developer_Marcor Construction Solar Installations Inc.,4.8288618055215824e-18
cat__Circuit_ID_7361,4.786226391813214e-18
cat__Circuit_ID_1U3,4.723249223218938e-18
cat__Circuit_ID_9B14,4.583464105290887e-18
cat__Circuit_ID_5602,4.582100241942197e-18
cat__City_Pomona,4.521650780110132e-18
cat__Connection_Date_2023-12-21 00:00:00,4.369149678251663e-18
cat__Connection_Date_2022-06-07 00:00:00,4.366134055277006e-18
cat__Substation_NYS-ARMOR 373,4.3494598799027774e-18
cat__City_Port Ewen,4.332171342131288e-18
cat__Circuit_ID_8274,4.3245263994119975e-18
cat__Circuit_ID_36_18_65356,4.303658270543186e-18
cat__Circuit_ID_8055,4.280868159121143e-18
cat__Connection_Date_2020-10-05 00:00:00,4.2756607550782e-18
cat__Circuit_ID_4023,4.2635245325990676e-18
cat__City_GERRY,4.2532600795153325e-18
cat__Connection_Date_2018-07-06 00:00:00,4.2452923268071666e-18
cat__Circuit_ID_2300512,4.2372457046025676e-18
cat__Circuit_ID_6W61,4.2197905495367876e-18
cat__Connection_Date_2010-05-28 00:00:00,4.176366273052938e-18
cat__Developer_Danielle Reilly (QwikSolar),4.156691097123479e-18
cat__Substation_NYS-RICHFIELD SPRINGS 022,4.127591659961892e-18
cat__City_ALEXANDRIA BAY,4.107443866549073e-18
cat__Circuit_ID_36_06_8255,4.094628783892448e-18
cat__Circuit_ID_4207947,4.080431038693251e-18
cat__Connection_Date_2021-11-01 00:00:00,4.06401390920033e-18
cat__Connection_Date_2020-12-02 00:00:00,4.0446846004285664e-18
cat__Circuit_ID_28U2,4.038642701416031e-18
cat__Substation_LAKEVILLE 40,3.981913314217657e-18
cat__Connection_Date_2021-02-01 00:00:00,3.97819817331484e-18
cat__Connection_Date_2023-02-27 00:00:00,3.9401967751963326e-18
cat__Circuit_ID_4304901,3.8983935708012385e-18
cat__Developer_Solar and Wind FX,3.887745564396916e-18
cat__Connection_Date_2022-09-14 00:00:00,3.871456433415539e-18
cat__Circuit_ID_9573,3.84785219239643e-18
cat__Circuit_ID_257,3.835066208183038e-18
cat__Circuit_ID_5141,3.833811288778342e-18
cat__City_PINE HILL,3.824819298272936e-18
cat__Connection_Date_2022-08-19 00:00:00,3.8048611171605426e-18
cat__Circuit_ID_15W12,3.778676209518501e-18
cat__City_HILTON,3.778393648351652e-18
cat__City_Coeymans,3.765700974775229e-18
cat__Connection_Date_2023-11-21 00:00:00,3.749226203427422e-18
cat__Connection_Date_2021-02-26 00:00:00,3.730475897739031e-18
cat__Substation_NYS-TEAKETTLE SPOUT 489,3.688919249652659e-18
cat__Circuit_ID_1B64,3.674915717824718e-18
cat__Connection_Date_2023-08-05 00:00:00,3.61332268257167e-18
cat__Circuit_ID_85U2,3.599523941782752e-18
cat__Developer_Tyler (J&A Electrical Construction LLC),3.4996092372322955e-18
cat__Circuit_ID_9387,3.4762319843632375e-18
cat__Circuit_ID_1X25,3.4589860154942818e-18
cat__Circuit_ID_438,3.4472119697086287e-18
cat__Circuit_ID_8W85,3.4426060865788158e-18
cat__Substation_NYS-FOURTH ST 782,3.3976791492909135e-18
cat__Substation_NYS-PEACH LAKE 250,3.3813424822404764e-18
cat__Connection_Date_2020-10-16 00:00:00,3.3737813416242755e-18
cat__Circuit_ID_3102903,3.328530345352334e-18
cat__Connection_Date_2016-05-16 00:00:00,3.2787541254664827e-18
cat__Connection_Date_2020-06-06 00:00:00,3.258596072591543e-18
cat__Substation_NYS-BELL AYRE 218,3.2143413056599553e-18
cat__Circuit_ID_9B721,3.2088922322391875e-18
cat__Connection_Date_2023-11-02 00:00:00,3.177790108952527e-18
cat__Circuit_ID_5401,3.1507468860474047e-18
cat__Developer_Wendy Mueller (PlugPV),3.0094175560483796e-18
cat__Connection_Date_2022-12-10 00:00:00,3.0084646344537957e-18
cat__Circuit_ID_6D637,2.9591765754429553e-18
cat__City_Apalachin,2.8727359673555428e-18
cat__Connection_Date_2023-06-22 00:00:00,2.808449152857173e-18
cat__Substation_0189LS5113-South ST,2.7732732532693987e-18
cat__Connection_Date_2008-10-21 00:00:00,2.7671888123954254e-18
cat__Connection_Date_2022-04-27 00:00:00,2.761364921290512e-18
cat__Circuit_ID_36_06_7452,2.6026393227837546e-18
cat__Developer_Adam Katzman (Autonomous Energies),2.5167993740121467e-18
cat__Circuit_ID_8W51,2.471687485723162e-18
cat__Circuit_ID_5X64,2.4503386540788846e-18
cat__Connection_Date_2016-03-30 00:00:00,2.435754817746679e-18
cat__Connection_Date_2016-03-12 00:00:00,2.4038956985215767e-18
cat__Circuit_ID_8U2,2.3860626983218396e-18
cat__Connection_Date_2023-05-23 00:00:00,2.369503270810237e-18
cat__Circuit_ID_239,2.358812885749096e-18
cat__Connection_Date_2013-04-05 00:00:00,2.358165627709093e-18
cat__Connection_Date_2023-05-02 00:00:00,2.0746890026497824e-18
cat__Substation_6D,2.04553723855439e-18
cat__Circuit_ID_4200101,1.9679640742652624e-18
cat__Circuit_ID_1104,1.966632760662936e-18
cat__Developer_Alteris,1.7954599732801942e-18
cat__Circuit_ID_20U1,1.788927150652299e-18
cat__Circuit_ID_4B08,1.7234477672963868e-18
cat__Circuit_ID_9B03,1.7181808686308568e-18
cat__Circuit_ID_BBB NWK,1.5845545961277238e-18
cat__Connection_Date_2021-08-25 00:00:00,1.54160612332139e-18
cat__Circuit_ID_41457,1.439419304199739e-18
cat__City_BLAUVELT,1.4333963012438787e-18
cat__Circuit_ID_8B87,1.352979781498265e-18
cat__Circuit_ID_9359,1.3382811605368838e-18
cat__Connection_Date_2019-01-05 00:00:00,1.2423752581660285e-18
cat__Circuit_ID_1584,1.222782727064745e-18
cat__Circuit_ID_36_30_14952,1.1844514438962865e-18
cat__Connection_Date_2022-10-18 00:00:00,1.1406205732204092e-18
cat__City_WILLISTN PK,1.1374341502039758e-18
cat__Connection_Date_2018-07-18 00:00:00,1.0880828471184263e-18
cat__Connection_Date_2022-12-06 00:00:00,1.0121270423179623e-18
cat__City_Glenford,1.0092919318188873e-18
cat__Connection_Date_2014-01-10 00:00:00,9.770476508177961e-19
cat__Developer_groSolar,9.761316485127719e-19
cat__City_Airmont,8.061353565435279e-19
cat__Circuit_ID_80U3,7.641750263990907e-19
cat__Division_009 - Lakewood/Stow,6.676962432788505e-19
cat__City_Deansboro,6.409021191838947e-19
cat__Substation_NYS-ORISKANY FALLS 142,6.191717626229658e-19
cat__Developer_Freedom Solar LLC,6.100199054274384e-19
cat__Connection_Date_2020-09-29 00:00:00,5.545635375731959e-19
cat__Substation_Summit Ave,5.167862934420875e-19
cat__Connection_Date_2014-12-07 00:00:00,5.110205660744708e-19
cat__Circuit_ID_72-4-13,4.787924516637953e-19
cat__Connection_Date_2021-10-12 00:00:00,4.190947515487895e-19
cat__Connection_Date_2021-10-28 00:00:00,4.07511396708345e-19
cat__City_Oakland Gardens,4.04844015691718e-19
cat__Circuit_ID_8103401,3.9612946650002152e-19
cat__Connection_Date_2021-10-06 00:00:00,3.7192106176019363e-19
cat__Circuit_ID_2304232,3.563050655778629e-19
cat__Circuit_ID_7287,3.54618627682501e-19
cat__Connection_Date_2022-12-19 00:00:00,3.238276848964022e-19
cat__Circuit_ID_6W69,2.399737247988023e-19
cat__Circuit_ID_36_09_15963,2.1598042002774232e-19
cat__Connection_Date_2022-09-21 00:00:00,0.0
cat__Connection_Date_2015-03-22 00:00:00,0.0
cat__Connection_Date_2015-03-21 00:00:00,0.0
cat__Connection_Date_2015-03-19 00:00:00,0.0
cat__Connection_Date_2015-03-18 00:00:00,0.0
cat__Connection_Date_2015-03-15 00:00:00,0.0
cat__Connection_Date_2015-03-14 00:00:00,0.0
cat__Connection_Date_2015-03-11 00:00:00,0.0
cat__Connection_Date_2015-03-10 00:00:00,0.0
cat__Connection_Date_2015-03-08 00:00:00,0.0
cat__Connection_Date_2022-10-22 00:00:00,0.0
cat__Connection_Date_2022-10-16 00:00:00,0.0
cat__Connection_Date_2022-11-14 00:00:00,0.0
cat__Connection_Date_2022-11-08 00:00:00,0.0
cat__Connection_Date_2022-11-05 00:00:00,0.0
cat__Connection_Date_2022-10-31 00:00:00,0.0
cat__Connection_Date_2022-10-30 00:00:00,0.0
cat__Connection_Date_2022-10-29 00:00:00,0.0
cat__Connection_Date_2022-10-27 00:00:00,0.0
cat__Connection_Date_2022-12-11 00:00:00,0.0
cat__Connection_Date_2022-12-05 00:00:00,0.0
cat__Connection_Date_2022-12-03 00:00:00,0.0
cat__Connection_Date_2022-11-25 00:00:00,0.0
cat__Connection_Date_2022-11-24 00:00:00,0.0
cat__Connection_Date_2022-11-16 00:00:00,0.0
cat__Connection_Date_2015-03-04 00:00:00,0.0
cat__Connection_Date_2015-03-02 00:00:00,0.0
cat__Connection_Date_2015-02-28 00:00:00,0.0
cat__Connection_Date_2015-02-27 00:00:00,0.0
cat__Connection_Date_2015-02-25 00:00:00,0.0
cat__Connection_Date_2015-02-24 00:00:00,0.0
cat__Connection_Date_2015-02-22 00:00:00,0.0
cat__Connection_Date_2015-02-20 00:00:00,0.0
cat__Connection_Date_2015-02-19 00:00:00,0.0
cat__Connection_Date_2015-02-17 00:00:00,0.0
cat__Connection_Date_2022-12-16 00:00:00,0.0
cat__Connection_Date_2022-12-12 00:00:00,0.0
cat__Connection_Date_2023-01-07 00:00:00,0.0
cat__Connection_Date_2023-01-05 00:00:00,0.0
cat__Connection_Date_2023-01-01 00:00:00,0.0
cat__Connection_Date_2022-12-30 00:00:00,0.0
cat__Connection_Date_2022-12-24 00:00:00,0.0
cat__Connection_Date_2023-02-07 00:00:00,0.0
cat__Connection_Date_2023-02-04 00:00:00,0.0
cat__Connection_Date_2023-01-28 00:00:00,0.0
cat__Connection_Date_2023-01-21 00:00:00,0.0
cat__Connection_Date_2023-01-19 00:00:00,0.0
cat__Connection_Date_2023-01-16 00:00:00,0.0
cat__Connection_Date_2023-01-14 00:00:00,0.0
cat__Connection_Date_2015-02-16 00:00:00,0.0
cat__Connection_Date_2015-02-14 00:00:00,0.0
cat__Connection_Date_2015-02-12 00:00:00,0.0
cat__Connection_Date_2015-02-08 00:00:00,0.0
cat__Connection_Date_2015-02-07 00:00:00,0.0
cat__Connection_Date_2015-02-05 00:00:00,0.0
cat__Connection_Date_2015-02-04 00:00:00,0.0
cat__Connection_Date_2015-02-02 00:00:00,0.0
cat__Connection_Date_2015-02-01 00:00:00,0.0
cat__Connection_Date_2015-01-31 00:00:00,0.0
cat__Connection_Date_2023-02-11 00:00:00,0.0
cat__Connection_Date_2023-03-06 00:00:00,0.0
cat__Connection_Date_2023-03-04 00:00:00,0.0
cat__Connection_Date_2023-03-03 00:00:00,0.0
cat__Connection_Date_2023-03-02 00:00:00,0.0
cat__Connection_Date_2023-02-28 00:00:00,0.0
cat__Connection_Date_2023-02-20 00:00:00,0.0
cat__Connection_Date_2023-04-02 00:00:00,0.0
cat__Connection_Date_2023-03-30 00:00:00,0.0
cat__Connection_Date_2023-03-25 00:00:00,0.0
cat__Connection_Date_2023-03-18 00:00:00,0.0
cat__Connection_Date_2023-03-11 00:00:00,0.0
cat__Connection_Date_2023-03-10 00:00:00,0.0
cat__Connection_Date_2015-01-28 00:00:00,0.0
cat__Connection_Date_2015-01-27 00:00:00,0.0
cat__Connection_Date_2015-01-25 00:00:00,0.0
cat__Connection_Date_2015-01-24 00:00:00,0.0
cat__Connection_Date_2015-01-22 00:00:00,0.0
cat__Connection_Date_2015-01-17 00:00:00,0.0
cat__Connection_Date_2015-01-16 00:00:00,0.0
cat__Connection_Date_2023-05-04 00:00:00,0.0
cat__Connection_Date_2023-05-01 00:00:00,0.0
cat__Connection_Date_2023-04-29 00:00:00,0.0
cat__Connection_Date_2023-04-20 00:00:00,0.0
cat__Connection_Date_2023-04-15 00:00:00,0.0
cat__Connection_Date_2023-04-14 00:00:00,0.0
cat__Connection_Date_2023-05-29 00:00:00,0.0
cat__Connection_Date_2023-05-27 00:00:00,0.0
cat__Connection_Date_2023-05-26 00:00:00,0.0
cat__Connection_Date_2023-05-15 00:00:00,0.0
cat__Connection_Date_2023-05-14 00:00:00,0.0
cat__Connection_Date_2023-05-12 00:00:00,0.0
cat__Connection_Date_2023-05-11 00:00:00,0.0
cat__Connection_Date_2023-05-05 00:00:00,0.0
cat__Connection_Date_2015-01-11 00:00:00,0.0
cat__Connection_Date_2015-01-10 00:00:00,0.0
cat__Connection_Date_2015-01-07 00:00:00,0.0
cat__Connection_Date_2015-01-04 00:00:00,0.0
cat__Connection_Date_2015-01-03 00:00:00,0.0
cat__Connection_Date_2015-01-01 00:00:00,0.0
cat__Connection_Date_2023-06-06 00:00:00,0.0
cat__Connection_Date_2023-06-03 00:00:00,0.0
cat__Connection_Date_2023-06-17 00:00:00,0.0
cat__Connection_Date_2023-06-12 00:00:00,0.0
cat__Connection_Date_2023-06-11 00:00:00,0.0
cat__Connection_Date_2023-06-08 00:00:00,0.0
cat__Connection_Date_2014-12-25 00:00:00,0.0
cat__Connection_Date_2014-12-21 00:00:00,0.0
cat__Connection_Date_2014-12-20 00:00:00,0.0
cat__Connection_Date_2014-12-18 00:00:00,0.0
cat__Connection_Date_2014-12-17 00:00:00,0.0
cat__Connection_Date_2014-12-15 00:00:00,0.0
cat__Connection_Date_2023-07-08 00:00:00,0.0
cat__Connection_Date_2023-07-07 00:00:00,0.0
cat__Connection_Date_2023-07-04 00:00:00,0.0
cat__Connection_Date_2023-07-01 00:00:00,0.0
cat__Connection_Date_2023-08-03 00:00:00,0.0
cat__Connection_Date_2023-07-31 00:00:00,0.0
cat__Connection_Date_2023-07-29 00:00:00,0.0
cat__Connection_Date_2023-07-22 00:00:00,0.0
cat__Connection_Date_2023-07-17 00:00:00,0.0
cat__Connection_Date_2023-07-15 00:00:00,0.0
cat__Connection_Date_2023-08-21 00:00:00,0.0
cat__Connection_Date_2023-08-19 00:00:00,0.0
cat__Connection_Date_2023-08-15 00:00:00,0.0
cat__Connection_Date_2023-08-12 00:00:00,0.0
cat__Connection_Date_2023-08-08 00:00:00,0.0
cat__Connection_Date_2023-08-07 00:00:00,0.0
cat__Connection_Date_2023-09-15 00:00:00,0.0
cat__Connection_Date_2023-09-12 00:00:00,0.0
cat__Connection_Date_2023-09-09 00:00:00,0.0
cat__Connection_Date_2023-09-08 00:00:00,0.0
cat__Connection_Date_2023-09-07 00:00:00,0.0
cat__Connection_Date_2023-09-04 00:00:00,0.0
cat__Connection_Date_2023-09-02 00:00:00,0.0
cat__Connection_Date_2023-10-09 00:00:00,0.0
cat__Connection_Date_2023-10-07 00:00:00,0.0
cat__Connection_Date_2023-09-30 00:00:00,0.0
cat__Connection_Date_2023-09-23 00:00:00,0.0
cat__Connection_Date_2023-09-21 00:00:00,0.0
cat__Connection_Date_2014-12-09 00:00:00,0.0
cat__Connection_Date_2014-12-08 00:00:00,0.0
cat__Connection_Date_2014-12-06 00:00:00,0.0
cat__Connection_Date_2014-12-05 00:00:00,0.0
cat__Connection_Date_2014-12-04 00:00:00,0.0
cat__Connection_Date_2014-11-30 00:00:00,0.0
cat__Connection_Date_2023-10-14 00:00:00,0.0
cat__Connection_Date_2023-11-13 00:00:00,0.0
cat__Connection_Date_2023-11-06 00:00:00,0.0
cat__Connection_Date_2023-11-04 00:00:00,0.0
cat__Connection_Date_2023-10-31 00:00:00,0.0
cat__Connection_Date_2023-10-29 00:00:00,0.0
cat__Connection_Date_2023-10-28 00:00:00,0.0
cat__Connection_Date_2023-10-21 00:00:00,0.0
cat__Connection_Date_2023-10-19 00:00:00,0.0
cat__Connection_Date_2014-11-22 00:00:00,0.0
cat__Connection_Date_2014-11-21 00:00:00,0.0
cat__Connection_Date_2014-11-20 00:00:00,0.0
cat__Connection_Date_2014-11-19 00:00:00,0.0
cat__Connection_Date_2014-11-16 00:00:00,0.0
cat__Connection_Date_2014-11-14 00:00:00,0.0
cat__Connection_Date_2014-11-11 00:00:00,0.0
cat__Connection_Date_2014-11-09 00:00:00,0.0
cat__Connection_Date_2014-11-08 00:00:00,0.0
cat__Connection_Date_2023-11-18 00:00:00,0.0
cat__Connection_Date_2014-10-26 00:00:00,0.0
cat__Connection_Date_2014-10-25 00:00:00,0.0
cat__Connection_Date_2014-10-24 00:00:00,0.0
cat__Connection_Date_2023-12-13 00:00:00,0.0
cat__Connection_Date_2023-12-12 00:00:00,0.0
cat__Connection_Date_2023-12-09 00:00:00,0.0
cat__Connection_Date_2014-11-23 00:00:00,0.0
cat__Connection_Date_2023-12-26 00:00:00,0.0
cat__Connection_Date_2023-12-23 00:00:00,0.0
cat__Connection_Date_2023-12-17 00:00:00,0.0
cat__Connection_Date_2023-12-16 00:00:00,0.0
cat__Connection_Date_2023-12-15 00:00:00,0.0
cat__Connection_Date_2014-11-05 00:00:00,0.0
cat__Connection_Date_2014-11-02 00:00:00,0.0
cat__Connection_Date_2014-10-30 00:00:00,0.0
cat__City_ALDER CREEK,0.0
cat__City_ALDEN,0.0
cat__City_ALBERTSON,0.0
cat__City_ALABAMA,0.0
cat__City_AIRMONT,0.0
cat__City_AFTON,0.0
cat__City_ADIRONDACK,0.0
cat__City_ADAMS CENTER,0.0
cat__Connection_Date_2014-10-22 00:00:00,0.0
cat__Connection_Date_2014-10-18 00:00:00,0.0
cat__Connection_Date_2014-10-17 00:00:00,0.0
cat__Connection_Date_2014-10-16 00:00:00,0.0
cat__Connection_Date_2014-10-11 00:00:00,0.0
cat__City_AMITYVILLE,0.0
cat__City_AMITY HBR,0.0
cat__City_AMENIA,0.0
cat__City_AMAWALK,0.0
cat__City_ALTMAR,0.0
cat__City_ALPLAUS,0.0
cat__City_ALPINE,0.0
cat__City_ALMOND,0.0
cat__City_ALLENTOWN,0.0
cat__City_ALLEGANY,0.0
cat__City_ALFRED STATION,0.0
cat__City_ALFRED,0.0
cat__City_ASHVILLE,0.0
cat__City_ASHLAND,0.0
cat__City_ARVERNE,0.0
cat__City_ARKVILLE,0.0
cat__City_ARKPORT,0.0
cat__City_ARGYLE,0.0
cat__City_ARCADE,0.0
cat__City_APULIA STATION,0.0
cat__City_APALACHIN,0.0
cat__City_ANDOVER,0.0
cat__City_ANDES,0.0
cat__City_Afton,0.0
cat__City_Addison,0.0
cat__City_AVOCA,0.0
cat__City_AVA,0.0
cat__City_AUSABLE FORKS,0.0
cat__City_AURORA,0.0
cat__City_ATTICA,0.0
cat__City_ATLNTIC BCH,0.0
cat__City_ATHOL SPRINGS,0.0
cat__City_ATHOL,0.0
cat__City_ASTORIA,0.0
cat__City_Amity Hbr,0.0
cat__City_Amity Harbor,0.0
cat__City_Amherst,0.0
cat__City_Amenia,0.0
cat__City_Amawalk,0.0
cat__City_Altona,0.0
cat__City_Alpine,0.0
cat__City_Almond,0.0
cat__City_Alfred station,0.0
cat__City_Alfred Station,0.0
cat__City_Alfred State,0.0
cat__City_Alden,0.0
cat__City_Alcove,0.0
cat__City_Albertson,0.0
cat__City_Akron,0.0
cat__Connection_Date_2014-10-01 00:00:00,0.0
cat__Connection_Date_2014-09-27 00:00:00,0.0
cat__Connection_Date_2014-09-24 00:00:00,0.0
cat__Connection_Date_2014-09-22 00:00:00,0.0
cat__Connection_Date_2014-09-21 00:00:00,0.0
cat__Connection_Date_2014-09-19 00:00:00,0.0
cat__Connection_Date_2014-09-16 00:00:00,0.0
cat__City_Annandle-Hdsn,0.0
cat__City_Angelica,0.0
cat__City_Aurora,0.0
cat__City_Auburn,0.0
cat__City_Au sable forks,0.0
cat__City_Au Sable Forks,0.0
cat__City_Atlntic Bch,0.0
"cat__City_Athens,",0.0
cat__City_Athens,0.0
cat__City_Ashokan,0.0
cat__City_Ashland,0.0
cat__City_Arlington,0.0
cat__City_Arkville,0.0
cat__City_Arkport,0.0
cat__City_Ardonia,0.0
cat__City_Arcade,0.0
cat__City_BARRYVILLE,0.0
cat__City_BARKER,0.0
cat__City_BARDONIA,0.0
cat__City_BANGOR,0.0
cat__City_BALDWIN PLACE,0.0
cat__City_BAKERS MILLS,0.0
cat__City_BAINBRIDGE,0.0
cat__City_BABYLON,0.0
cat__City_Avoca,0.0
cat__City_Averne,0.0
cat__City_Averill park,0.0
cat__City_Averill Park,0.0
cat__City_Austerlitz,0.0
cat__City_Ausable Forks,0.0
cat__City_BELLPORT,0.0
cat__City_BELLEROSE,0.0
cat__City_BELLE HBR,0.0
cat__City_BELFAST,0.0
cat__City_BEEKMAN,0.0
cat__City_BEDFORD HILLS,0.0
cat__City_BEAVER FALLS,0.0
cat__City_BEAVER DAMS,0.0
cat__City_BAYSIDE,0.0
cat__City_BAY SHORE,0.0
cat__City_BATH,0.0
cat__City_BASOM,0.0
cat__City_BARTON,0.0
cat__City_BLASDELL,0.0
cat__City_BLACK RIVER,0.0
cat__City_BLACK CREEK,0.0
cat__City_BINGHAMTON,0.0
cat__City_BIG MOOSE,0.0
cat__City_BIG INDIAN,0.0
cat__City_BETHEL,0.0
cat__City_BERNHARDS BAY,0.0
cat__City_BERNE,0.0
cat__City_BERLIN,0.0
cat__City_BERKSHIRE,0.0
cat__City_BELLVALE,0.0
cat__City_BOSTON,0.0
cat__City_BOONVILLE,0.0
cat__City_BOMBAY,0.0
cat__City_BOLIVAR,0.0
cat__City_BLUE RIDGE,0.0
cat__City_BLOOMVILLE,0.0
cat__City_BLOOMINGDALE,0.0
cat__City_BLOOMING GROVE,0.0
cat__City_BLOOMFIELD,0.0
cat__City_BLODGETT MILLS,0.0
cat__City_BLISS,0.0
cat__City_BRIER HILL,0.0
cat__City_BRIDGEPORT,0.0
cat__City_BREWSTER,0.0
cat__City_BREWERTON,0.0
cat__City_BREEZY PT,0.0
cat__City_BREESPORT,0.0
cat__City_BRASHER FALLS,0.0
cat__City_BRANT LAKE,0.0
cat__City_BRANCHPORT,0.0
cat__City_BRADFORD,0.0
cat__City_BOWMANSVILLE,0.0
cat__City_BOVINA CENTER,0.0
cat__Connection_Date_2014-09-14 00:00:00,0.0
cat__Connection_Date_2014-09-13 00:00:00,0.0
cat__Connection_Date_2014-09-12 00:00:00,0.0
cat__Connection_Date_2014-09-08 00:00:00,0.0
cat__Connection_Date_2014-09-05 00:00:00,0.0
cat__Connection_Date_2014-09-01 00:00:00,0.0
cat__Connection_Date_2014-08-28 00:00:00,0.0
cat__City_BROCTON,0.0
cat__City_BRIGHTWTRS,0.0
cat__City_BUSKIRK,0.0
cat__City_BURT,0.0
cat__City_BURLINGHAM,0.0
cat__City_BURKE,0.0
cat__City_BURDETT,0.0
cat__City_BULLVILLE,0.0
cat__City_BUCHANAN,0.0
cat__City_BRUSHTON,0.0
cat__City_BROWNVILLE,0.0
cat__City_BROOKlyn,0.0
cat__City_BROOKTONDALE,0.0
cat__City_BROOKHAVEN,0.0
cat__City_BRONx,0.0
cat__City_BRONXVILLE,0.0
cat__City_Bath,0.0
cat__City_Barton,0.0
cat__City_Barrytown,0.0
cat__City_Bardonia,0.0
cat__City_Ballston lake,0.0
cat__City_Ballston Spa,0.0
cat__City_Ballston Lake,0.0
cat__City_Ballston,0.0
cat__City_Baldwinsville,0.0
cat__City_Baldwin Place,0.0
cat__City_Baiting Hollow,0.0
cat__Connection_Date_2014-08-19 00:00:00,0.0
cat__Connection_Date_2014-08-18 00:00:00,0.0
cat__Connection_Date_2014-08-15 00:00:00,0.0
cat__Connection_Date_2014-08-12 00:00:00,0.0
cat__Connection_Date_2014-08-11 00:00:00,0.0
cat__Connection_Date_2014-08-09 00:00:00,0.0
cat__City_Bedford Corners,0.0
cat__City_Beaver dams,0.0
cat__City_Big Flats,0.0
cat__City_Berlin,0.0
cat__City_Berkshire,0.0
cat__City_Belmont,0.0
cat__City_Bellvale,0.0
cat__City_Bellerose Village,0.0
cat__City_Belle Terre,0.0
cat__City_Belle Hbr,0.0
cat__City_Belle Harbor,0.0
cat__City_Belfast,0.0
cat__Connection_Date_2014-08-26 00:00:00,0.0
cat__Connection_Date_2014-08-25 00:00:00,0.0
cat__Connection_Date_2014-08-23 00:00:00,0.0
cat__City_Boston,0.0
cat__City_Bolivar,0.0
cat__City_Boiceville,0.0
cat__City_Blue point,0.0
cat__City_Blue Mountain Lake,0.0
cat__City_Blue Mountain,0.0
cat__City_Bloomington,0.0
cat__City_Blooming Grove,0.0
cat__City_Bloomfield,0.0
cat__City_Bliss,0.0
cat__City_Blasdell,0.0
cat__City_Billings,0.0
cat__City_Big flats,0.0
cat__Connection_Date_2014-07-28 00:00:00,0.0
cat__Connection_Date_2014-07-24 00:00:00,0.0
cat__Connection_Date_2014-07-22 00:00:00,0.0
cat__Connection_Date_2014-07-19 00:00:00,0.0
cat__Connection_Date_2014-07-18 00:00:00,0.0
cat__City_Breezy Point,0.0
cat__City_Breesport,0.0
cat__City_Brainard,0.0
cat__City_Bradford,0.0
cat__City_BrOOKLYN,0.0
cat__City_Bowmansville,0.0
cat__City_Bovina center,0.0
cat__City_Bovina Center,0.0
cat__City_Bouckville,0.0
cat__City_Burlington Flats,0.0
cat__City_Burlingham,0.0
cat__City_Burdett,0.0
cat__City_Bullville,0.0
cat__City_Brightwtrs,0.0
cat__City_Brightwaters,0.0
cat__City_Brighton,0.0
cat__Connection_Date_2014-08-06 00:00:00,0.0
cat__Connection_Date_2014-08-02 00:00:00,0.0
cat__Connection_Date_2014-08-01 00:00:00,0.0
cat__Connection_Date_2014-07-31 00:00:00,0.0
cat__City_CANAAN,0.0
cat__City_CAMPBELL HALL,0.0
cat__City_CAMPBELL,0.0
cat__City_CAMBRIA Heights,0.0
cat__City_CALVERTON,0.0
cat__City_CALLICOON CENTER,0.0
cat__City_CALCIUM,0.0
cat__City_CADYVILLE,0.0
cat__City_C Sprng Hbr,0.0
cat__City_C SPRNG HBR,0.0
cat__City_Burns,0.0
cat__City_Burlington flats,0.0
cat__City_CATO,0.0
cat__City_CASTORLAND,0.0
cat__City_CASTLETN ON HUDSN,0.0
cat__City_CASTILE,0.0
cat__City_CASSVILLE,0.0
cat__City_CASSADAGA,0.0
cat__City_CAROGA LAKE,0.0
cat__City_CARLISLE,0.0
cat__City_CARLE PLACE,0.0
cat__City_CANTON,0.0
cat__City_CANEADEA,0.0
cat__City_CANDOR,0.0
cat__City_CANAJOHARIE,0.0
cat__City_CHARLOTTEVILLE,0.0
cat__City_CHAPPAQUA,0.0
cat__City_CHAMPLAIN,0.0
cat__City_CHAFFEE,0.0
cat__City_CENTRAL ISLIP,0.0
cat__City_CENTRAL BRIDGE,0.0
cat__City_CENTERVILLE,0.0
cat__City_CENTERPORT,0.0
cat__City_CENTER MORICHES,0.0
cat__City_CAYUTA,0.0
cat__City_CAYUGA,0.0
cat__City_CHICHESTER,0.0
cat__City_CHESTNUT RIDGE,0.0
cat__City_CHESTERTOWN,0.0
cat__City_CHERRY PLAIN,0.0
cat__City_CHERRY GRVE,0.0
cat__City_CHERRY CREEK,0.0
cat__City_CHENANGO FORKS,0.0
cat__City_CHAZY,0.0
cat__City_CHAUTAUQUA,0.0
cat__City_CHAUMONT,0.0
cat__City_CHATHAM,0.0
cat__City_CHASE MILLS,0.0
cat__Connection_Date_2014-07-16 00:00:00,0.0
cat__Connection_Date_2014-07-15 00:00:00,0.0
cat__Connection_Date_2014-07-14 00:00:00,0.0
cat__Connection_Date_2014-07-10 00:00:00,0.0
cat__Connection_Date_2014-07-07 00:00:00,0.0
cat__Connection_Date_2014-07-03 00:00:00,0.0
cat__Connection_Date_2014-07-01 00:00:00,0.0
cat__Connection_Date_2014-06-30 00:00:00,0.0
cat__Connection_Date_2014-06-27 00:00:00,0.0
cat__City_CINCINNATUS,0.0
cat__City_CHIPPEWA BAY,0.0
cat__City_COCHECTON CENTER,0.0
cat__City_COCHECTON,0.0
cat__City_CLYMER,0.0
cat__City_CLIFTON SPRINGS,0.0
cat__City_CLEVELAND,0.0
cat__City_CLEMONS,0.0
cat__City_CLAYTON,0.0
cat__City_CLAY,0.0
cat__City_CLAVERACK,0.0
cat__City_CLARKSVILLE,0.0
cat__City_CLARK MILLS,0.0
cat__City_CLARENCE CENTER,0.0
cat__City_CLARENCE,0.0
cat__City_CONSTANTIA,0.0
cat__City_CONSTABLEVILLE,0.0
cat__City_CONSTABLE,0.0
cat__City_CONKLIN,0.0
cat__City_CONESUS,0.0
cat__City_COMSTOCK,0.0
cat__City_COMMACK,0.0
cat__City_COLTON,0.0
cat__City_COLLINS,0.0
cat__City_COLLEGE POINT,0.0
cat__City_COLDEN,0.0
cat__City_COLDBROOK,0.0
cat__City_COLD BROOK,0.0
cat__City_COHOCTON,0.0
cat__City_COEYMANS HOLLOW,0.0
cat__City_CROSS RIVER,0.0
cat__City_CROMPOND,0.0
cat__City_CRARYVILLE,0.0
cat__City_COWLESVILLE,0.0
cat__City_COSSAYUNA,0.0
cat__City_CORONA,0.0
cat__City_CORINTH,0.0
cat__City_CORFU,0.0
cat__City_COPIAGUE,0.0
cat__City_COPENHAGEN,0.0
cat__City_COPAKE FALLS,0.0
cat__City_COOPERSTOWN,0.0
cat__Connection_Date_2014-06-20 00:00:00,0.0
cat__Connection_Date_2014-06-19 00:00:00,0.0
cat__Connection_Date_2014-06-17 00:00:00,0.0
cat__Connection_Date_2014-06-14 00:00:00,0.0
cat__Connection_Date_2014-06-13 00:00:00,0.0
cat__Connection_Date_2014-06-10 00:00:00,0.0
cat__Connection_Date_2014-06-05 00:00:00,0.0
cat__City_Cairo,0.0
cat__City_Cadyville,0.0
cat__City_CUYLER,0.0
cat__City_CUDDEBACKVILLE,0.0
cat__City_CUBA,0.0
cat__City_CROWN POINT,0.0
cat__City_CROTON-ON-HUDSON,0.0
cat__City_Cassville,0.0
cat__City_Caneadea,0.0
cat__City_Candor,0.0
cat__City_Canaseraga,0.0
cat__City_Cananduigua,0.0
cat__City_Canandaugua,0.0
cat__City_Canadaigua,0.0
cat__City_Canaan,0.0
cat__City_Camillus,0.0
cat__City_Cambridge,0.0
cat__City_Cambria heights,0.0
cat__City_Callicoon Center,0.0
cat__Connection_Date_2014-06-21 00:00:00,0.0
cat__City_Chazy,0.0
cat__City_Chateaugay,0.0
cat__City_Champlain,0.0
cat__City_Chaffee,0.0
cat__City_Centre Island,0.0
cat__City_Central Valley,0.0
cat__City_Central Nyack,0.0
cat__City_Centerport,0.0
cat__City_Cementon,0.0
cat__City_Cayuta,0.0
cat__City_Cattaraugus,0.0
cat__City_Cato,0.0
cat__City_Castle creek,0.0
cat__City_Clarance center,0.0
cat__City_Cincinnatus,0.0
cat__City_Churchville,0.0
cat__City_Chichester,0.0
cat__City_Chestnut Ridge,0.0
cat__City_Cherry plain,0.0
cat__City_Cherry Plain,0.0
cat__City_Cherry Grve,0.0
cat__City_Cherry Grove,0.0
cat__City_Cherry Creek,0.0
cat__City_Chenango forks,0.0
cat__City_Chenango Forks,0.0
cat__City_Chemung,0.0
cat__City_Chelsea,0.0
cat__City_Cheektowaga,0.0
cat__Connection_Date_2014-06-02 00:00:00,0.0
cat__Connection_Date_2014-05-30 00:00:00,0.0
cat__Connection_Date_2014-05-27 00:00:00,0.0
cat__Connection_Date_2014-05-25 00:00:00,0.0
cat__Connection_Date_2014-05-21 00:00:00,0.0
cat__Connection_Date_2014-05-18 00:00:00,0.0
cat__Connection_Date_2014-05-16 00:00:00,0.0
cat__City_Claryville,0.0
cat__City_Clarence center,0.0
cat__City_Clarence Center,0.0
cat__City_Clarencce Center,0.0
cat__City_Coeymans Holw,0.0
cat__City_Coeymans Hollow,0.0
cat__City_Cochecton,0.0
cat__City_Clyde,0.0
cat__City_Clinton,0.0
cat__City_Climax,0.0
cat__City_Clifton springs,0.0
cat__City_Clifton park,0.0
cat__City_Clifton Springs,0.0
cat__City_Clifton Park,0.0
cat__City_Claverack,0.0
cat__City_Claryvl,0.0
cat__City_Copake falls,0.0
cat__City_Copake Falls,0.0
cat__City_Copake,0.0
cat__City_Cooperstown,0.0
cat__City_Connelly,0.0
cat__City_Conklin,0.0
cat__City_Conewango Valley,0.0
cat__City_Colliersville,0.0
cat__City_College point,0.0
cat__City_Colden,0.0
cat__City_Cold Spring Harbor,0.0
cat__City_Cohecton,0.0
cat__City_Crompond,0.0
cat__City_Crawford,0.0
cat__City_Cragsmoor,0.0
cat__City_Cowlesville,0.0
cat__City_Cove Neck,0.0
cat__City_Cottekill,0.0
cat__City_Cossayuna,0.0
cat__City_Cortlandt MAnor,0.0
cat__City_Cortland,0.0
cat__City_Cornwallvl,0.0
cat__City_Cornwall-Hdsn,0.0
cat__City_DEKALB JCT,0.0
cat__City_DEER PARK,0.0
cat__City_DEANSBORO,0.0
cat__City_DE RUYTER,0.0
cat__City_DAVENPORT CENTER,0.0
cat__City_DAVENPORT,0.0
cat__City_DANSVILLE,0.0
cat__City_DANNEMORA,0.0
cat__City_Cuba,0.0
cat__City_Croton-on-hudson,0.0
cat__City_Croton-on-HUdson,0.0
cat__City_Croton Falls,0.0
cat__City_Cross River,0.0
cat__Connection_Date_2014-05-14 00:00:00,0.0
cat__Connection_Date_2014-05-08 00:00:00,0.0
cat__Connection_Date_2014-05-07 00:00:00,0.0
cat__Connection_Date_2014-05-02 00:00:00,0.0
cat__Connection_Date_2014-05-01 00:00:00,0.0
cat__Connection_Date_2014-04-30 00:00:00,0.0
cat__Connection_Date_2014-04-29 00:00:00,0.0
cat__Connection_Date_2014-04-25 00:00:00,0.0
cat__City_DELHI,0.0
cat__City_DELEVAN,0.0
cat__City_DELANCEY,0.0
cat__City_DEKALB JUNCTION,0.0
cat__City_DOWNSVILLE,0.0
cat__City_DICKINSON CENTER,0.0
cat__City_DIAMOND POINT,0.0
cat__City_DEXTER,0.0
cat__City_DEWITTVILLE,0.0
cat__City_DEWITT,0.0
cat__City_DERBY,0.0
cat__City_DEPOSIT,0.0
cat__City_DEPEYSTER,0.0
cat__City_DEPEW,0.0
cat__City_DENVER,0.0
cat__Connection_Date_2014-05-15 00:00:00,0.0
cat__City_Denver,0.0
cat__City_Delaware,0.0
cat__City_Deer park,0.0
cat__City_Dayton,0.0
cat__City_Davis Park,0.0
cat__City_Darien Center,0.0
cat__City_Danby,0.0
cat__City_Dalton,0.0
cat__City_DURHAMVILLE,0.0
cat__City_DUNKIRK,0.0
cat__City_DUANE,0.0
cat__City_DRYDEN,0.0
cat__City_E GREENWICH,0.0
cat__City_E Atlntc BC,0.0
cat__City_E ATLNTC BC,0.0
cat__City_Durham,0.0
cat__City_Dundee,0.0
cat__City_Downsville,0.0
cat__City_Dover plains,0.0
cat__City_Dover Plns,0.0
cat__City_Dover Plains,0.0
cat__City_Dix HIlls,0.0
cat__City_Deposit,0.0
cat__City_E SETAUKET,0.0
cat__City_E Quogue,0.0
cat__City_E Norwich,0.0
cat__City_E NORWICH,0.0
cat__City_E Moriches,0.0
cat__City_E Marion,0.0
cat__City_E MEADOW,0.0
cat__City_E MARION,0.0
cat__City_EAST BRANCH,0.0
cat__City_EAST BLOOMFIELD,0.0
cat__City_EAST BETHANY,0.0
cat__City_EAST AMHERST,0.0
cat__City_EAST  MEADOW,0.0
cat__City_EARLVILLE,0.0
cat__City_EAGLE BAY,0.0
cat__City_E. hampton,0.0
cat__City_E. Meadow,0.0
cat__City_E YAPHANK,0.0
cat__City_E Williston,0.0
cat__City_E WILLISTON,0.0
cat__City_E SYRACUSE,0.0
cat__City_EAST WORCESTER,0.0
cat__City_EAST SCHODACK,0.0
cat__City_EAST ROCHESTER,0.0
cat__City_EAST PATCHOGUE,0.0
cat__City_EAST OTTO,0.0
cat__City_EAST NASSAU,0.0
cat__City_EAST MEREDITH,0.0
cat__City_EAST JEWETT,0.0
cat__City_EAST ISLIP,0.0
cat__City_EAST HOMER,0.0
cat__City_EAST HAMPTON,0.0
cat__City_EAST FREETOWN,0.0
cat__City_EAST ELMHURST,0.0
cat__City_EAST CONCORD,0.0
cat__City_ELLISBURG,0.0
cat__City_ELLICOTTVILLE,0.0
cat__City_ELLENBURG DEPOT,0.0
cat__City_ELIZABETHTOWN,0.0
cat__City_ELDRED,0.0
cat__City_ELBRIDGE,0.0
cat__City_ELBA,0.0
cat__City_EGGERTSVILLE,0.0
cat__City_EDWARDS,0.0
cat__City_EDINBURG,0.0
cat__City_EDEN,0.0
cat__City_EAst Hampton,0.0
cat__City_EATON,0.0
cat__City_EASTON,0.0
cat__City_EASTCHESTER,0.0
cat__Connection_Date_2014-04-22 00:00:00,0.0
cat__Connection_Date_2014-04-21 00:00:00,0.0
cat__Connection_Date_2014-04-18 00:00:00,0.0
cat__Connection_Date_2014-04-15 00:00:00,0.0
cat__Connection_Date_2014-04-10 00:00:00,0.0
cat__Connection_Date_2014-04-09 00:00:00,0.0
cat__Connection_Date_2014-04-07 00:00:00,0.0
cat__Connection_Date_2014-04-06 00:00:00,0.0
cat__Connection_Date_2014-04-03 00:00:00,0.0
cat__City_ELMIRA,0.0
cat__City_ELMHURST,0.0
cat__City_ELMA,0.0
cat__City_East Chatham,0.0
cat__City_East Branch,0.0
cat__City_East Bloomfield,0.0
cat__City_East Amherst,0.0
cat__City_Earlton,0.0
cat__City_Each chatham,0.0
cat__City_EVANS MILLS,0.0
cat__City_ESSEX,0.0
cat__City_ERIN,0.0
cat__City_ELWOOD,0.0
cat__City_ELMIRA HEIGHTS,0.0
cat__City_East Rochester,0.0
cat__City_East Norwich,0.0
cat__City_East Nassau,0.0
cat__City_East Moriches,0.0
cat__City_East Meredith,0.0
cat__City_East Massapequa,0.0
cat__City_East Marion,0.0
cat__City_East Levittown,0.0
cat__City_East Jewett,0.0
cat__City_East Greenbush,0.0
cat__City_East Fishkill,0.0
cat__City_East Copiague,0.0
cat__City_East Concord,0.0
cat__Connection_Date_2014-03-31 00:00:00,0.0
cat__Connection_Date_2014-03-24 00:00:00,0.0
cat__Connection_Date_2014-03-22 00:00:00,0.0
cat__Connection_Date_2014-03-21 00:00:00,0.0
cat__Connection_Date_2014-03-19 00:00:00,0.0
cat__Connection_Date_2014-03-18 00:00:00,0.0
cat__Connection_Date_2014-03-15 00:00:00,0.0
cat__Connection_Date_2014-03-14 00:00:00,0.0
cat__City_East amherst,0.0
cat__City_East Williston,0.0
cat__City_East Wantagh,0.0
cat__City_East Shirley,0.0
cat__City_Elka Park,0.0
cat__City_Elizabethtown,0.0
cat__City_Eldred,0.0
cat__City_Elbridge,0.0
cat__City_Edgemere,0.0
cat__City_Eden,0.0
cat__City_Eaton,0.0
cat__City_East patchogue,0.0
cat__City_East nassau,0.0
cat__City_East jewett,0.0
cat__City_East greenbush,0.0
cat__City_East concord,0.0
cat__City_East chatham,0.0
cat__City_East bloomfield,0.0
cat__City_East aurora,0.0
cat__City_Essex,0.0
cat__City_Enfield,0.0
cat__City_Endwell,0.0
cat__City_Elmore,0.0
cat__City_Ellington,0.0
cat__City_Ellenvl,0.0
cat__City_Ellenburg depot,0.0
cat__City_Ellenburg center,0.0
cat__City_Ellenburg Depot,0.0
cat__City_Ellenburg Center,0.0
cat__City_Elka Pk,0.0
cat__City_FARNHAM,0.0
cat__City_FARMINGVILLE,0.0
cat__City_FARMERSVILLE STA,0.0
cat__City_FAR ROCKWY,0.0
cat__City_FAR ROCKAWAY,0.0
cat__City_FANCHER,0.0
cat__City_FALCONER,0.0
cat__City_FAIRPORT,0.0
cat__City_FAIRFIELD,0.0
cat__City_FAIR OAKS,0.0
cat__City_FAIR HARBOR,0.0
cat__City_FABIUS,0.0
cat__City_Etna,0.0
cat__City_FORESTBURGH,0.0
cat__City_FORESTBURG,0.0
cat__City_FOREST HILLS,0.0
cat__City_FLushing,0.0
cat__City_FLY CREEK,0.0
cat__City_FLORAL PARK,0.0
cat__City_FLEISCHMANNS,0.0
cat__City_FISHERS LANDING,0.0
cat__City_FIRE IS PNS,0.0
cat__City_FINDLEY LAKE,0.0
cat__City_FILLMORE,0.0
cat__City_FERNDALE,0.0
cat__City_FELTS MILLS,0.0
cat__City_FAYETTEVILLE,0.0
cat__Connection_Date_2014-03-10 00:00:00,0.0
cat__Connection_Date_2014-03-09 00:00:00,0.0
cat__Connection_Date_2014-03-07 00:00:00,0.0
cat__Connection_Date_2014-03-06 00:00:00,0.0
cat__Connection_Date_2014-03-05 00:00:00,0.0
cat__Connection_Date_2014-03-04 00:00:00,0.0
cat__Connection_Date_2014-03-03 00:00:00,0.0
cat__Connection_Date_2014-02-28 00:00:00,0.0
cat__Connection_Date_2014-02-27 00:00:00,0.0
cat__Connection_Date_2014-02-26 00:00:00,0.0
cat__Connection_Date_2014-02-24 00:00:00,0.0
cat__City_FORT EDWARD,0.0
cat__City_FORT COVINGTON,0.0
cat__City_FORT ANN,0.0
cat__City_FORESTVILLE,0.0
cat__City_FRIENDSHIP,0.0
cat__City_FREWSBURG,0.0
cat__City_FRESH MEADOWS,0.0
cat__City_FREEVILLE,0.0
cat__City_FREEPORT,0.0
cat__City_FREEDOM,0.0
cat__City_FRANKLIN SQ,0.0
cat__City_FRANKLIN SPRINGS,0.0
cat__City_FRANKLIN,0.0
cat__City_FRANKFORT,0.0
cat__City_FORT MONTGOMERY,0.0
cat__City_FORT MILLER,0.0
cat__City_FORT JOHNSON,0.0
cat__City_FORT HUNTER,0.0
cat__Connection_Date_2014-03-13 00:00:00,0.0
cat__Connection_Date_2014-03-12 00:00:00,0.0
cat__City_Fleischmanns,0.0
cat__City_Flanders,0.0
cat__City_Fishers,0.0
cat__City_Fire Island Pines,0.0
cat__City_Fire IS PNS,0.0
cat__City_Fillmore,0.0
cat__City_Ferndale,0.0
cat__City_Farmersville Station,0.0
cat__City_Far Rockwy,0.0
cat__City_Fallsburg,0.0
cat__City_Fairport,0.0
cat__City_Fair Haven,0.0
cat__City_Fair Harbor,0.0
cat__City_FULTONHAM,0.0
cat__City_Friendship,0.0
cat__City_Fremont Center,0.0
cat__City_Freeport,0.0
cat__City_Franklin Sq,0.0
cat__City_Fort Montgomery,0.0
cat__City_Forestville,0.0
cat__City_Forest hills,0.0
cat__City_Fly creek,0.0
cat__City_Fly Creek,0.0
cat__City_Florida,0.0
cat__City_Floral park,0.0
cat__City_GEORGETOWN,0.0
cat__City_GENOA,0.0
cat__City_GENEVA,0.0
cat__City_GENESEO,0.0
cat__City_GDN CITY PK,0.0
cat__City_GASPORT,0.0
cat__City_GARRISON,0.0
cat__City_GARRATTSVILLE,0.0
cat__City_GARDEN CITY,0.0
cat__City_GANSVOORT,0.0
cat__City_GALLUPVILLE,0.0
cat__City_GAINESVILLE,0.0
cat__City_GABRIELS,0.0
cat__Connection_Date_2014-02-20 00:00:00,0.0
cat__Connection_Date_2014-02-19 00:00:00,0.0
cat__Connection_Date_2014-02-17 00:00:00,0.0
cat__Connection_Date_2014-02-14 00:00:00,0.0
cat__Connection_Date_2014-02-13 00:00:00,0.0
cat__Connection_Date_2014-02-12 00:00:00,0.0
cat__Connection_Date_2014-02-11 00:00:00,0.0
cat__Connection_Date_2014-02-10 00:00:00,0.0
cat__Connection_Date_2014-02-06 00:00:00,0.0
cat__Connection_Date_2014-02-05 00:00:00,0.0
cat__Connection_Date_2014-02-03 00:00:00,0.0
cat__Connection_Date_2014-01-31 00:00:00,0.0
cat__City_GOLDENS BRIDGE,0.0
cat__City_GODEFFROY,0.0
cat__City_GLENVILLE,0.0
cat__City_GLENS FALLS,0.0
cat__City_GLENFIELD,0.0
cat__City_GLEN SPEY,0.0
cat__City_GLEN OAKS,0.0
cat__City_GILGO BCH,0.0
cat__City_GILBOA,0.0
cat__City_GILBERTSVILLE,0.0
cat__City_GHENT,0.0
cat__City_GETZVILLE,0.0
cat__City_GREENVALE,0.0
cat__City_GREENPORT,0.0
cat__City_GREENLAWN,0.0
cat__City_GREENE,0.0
cat__City_GREENBUSH,0.0
cat__City_GREEN ISLAND,0.0
cat__City_GREAT VALLEY,0.0
cat__City_GREAT RIVER,0.0
cat__City_GRANVILLE,0.0
cat__City_GRANITE SPRINGS,0.0
cat__City_GRANDVIEW,0.0
cat__City_GRAND GORGE,0.0
cat__City_GOWANDA,0.0
cat__City_Glen Aubrey,0.0
cat__City_Glasco,0.0
cat__City_Gilboa,0.0
cat__City_Georgetown,0.0
cat__City_Genoa,0.0
cat__City_Geneseo,0.0
cat__City_Garrattsville,0.0
cat__City_GUILFORD,0.0
cat__City_GUILDERLAND CTR,0.0
cat__City_GUILDERLAND,0.0
cat__City_GROVELAND,0.0
cat__City_GROTON,0.0
cat__City_GREENWOOD LAKE,0.0
cat__City_GREENVILLE,0.0
cat__Connection_Date_2014-01-30 00:00:00,0.0
cat__Connection_Date_2014-01-29 00:00:00,0.0
cat__Connection_Date_2014-01-28 00:00:00,0.0
cat__Connection_Date_2014-01-25 00:00:00,0.0
cat__Connection_Date_2014-01-24 00:00:00,0.0
cat__Connection_Date_2014-01-23 00:00:00,0.0
cat__Connection_Date_2014-01-22 00:00:00,0.0
cat__Connection_Date_2014-01-20 00:00:00,0.0
cat__Connection_Date_2014-01-18 00:00:00,0.0
cat__Connection_Date_2014-01-15 00:00:00,0.0
cat__Connection_Date_2014-01-13 00:00:00,0.0
cat__City_Granite springs,0.0
cat__City_Granite Springs,0.0
cat__City_Grandview,0.0
cat__City_Grand Gorge,0.0
cat__City_Grahamsville,0.0
cat__City_Gowanda,0.0
cat__City_Goldens bridge,0.0
cat__City_Goldens Bridge,0.0
cat__City_Godeffroy,0.0
cat__City_Glenwood Landing,0.0
cat__City_Glenwd Ldg,0.0
cat__City_Glenham,0.0
cat__City_Glen oaks,0.0
cat__City_HAGUE,0.0
cat__City_HADLEY,0.0
cat__City_Guilford,0.0
cat__City_Greenvale,0.0
cat__City_Greenfield Pk,0.0
cat__City_Greenfield Park,0.0
cat__City_Greene,0.0
cat__City_Greece,0.0
cat__City_Great River,0.0
cat__City_Grassy Point,0.0
cat__City_Granville,0.0
cat__City_HARRISVILLE,0.0
cat__City_HARPURSVILLE,0.0
cat__City_HARPERSFIELD,0.0
cat__City_HANNIBAL,0.0
cat__City_HANNAWA FALLS,0.0
cat__City_HANCOCK,0.0
cat__City_HAMPTON BAYS,0.0
cat__City_HAMPTON,0.0
cat__City_HAMPT BAYS,0.0
cat__City_HAMMONDSPORT,0.0
cat__City_HAMMOND,0.0
cat__City_HAMILTON,0.0
cat__City_HAMBURG,0.0
cat__City_HALFMOON,0.0
cat__City_HALESITE,0.0
cat__City_HERMON,0.0
cat__City_HENSONVILLE,0.0
cat__City_HENRIETTA,0.0
cat__City_HENDERSON HARBOR,0.0
cat__City_HENDERSON,0.0
cat__City_HEMPSTEAD,0.0
cat__City_HEMLOCK,0.0
cat__City_HECTOR,0.0
cat__City_HAWTHORNE,0.0
cat__City_HAVERSTRAW,0.0
cat__City_HAUPPAUGE,0.0
cat__City_HASTINGS-ON-HUDSON,0.0
cat__City_HASTINGS,0.0
cat__City_HARTWICK,0.0
cat__City_HARTSDALE,0.0
cat__City_HARTFORD,0.0
cat__City_HOLLAND PATENT,0.0
cat__City_HOLLAND,0.0
cat__City_HOLBROOK,0.0
cat__City_HOGANSBURG,0.0
cat__City_HOFFMEISTER,0.0
cat__City_HOBART,0.0
cat__City_HINSDALE,0.0
cat__City_HIMROD,0.0
cat__City_HILLCREST,0.0
cat__City_HILLBURN,0.0
cat__City_HICKSVILLE,0.0
cat__City_HEUVELTON,0.0
cat__City_HOWARD BEACH,0.0
cat__City_HOUGHTON,0.0
cat__City_HORNELL,0.0
cat__City_HOPKINTON,0.0
cat__City_HOOSICK FALLS,0.0
cat__City_HOOSICK,0.0
cat__City_HONEOYE,0.0
cat__City_HOLLOWVILLE,0.0
cat__City_HOLLIS,0.0
cat__City_HOLLEY,0.0
cat__Connection_Date_2014-01-09 00:00:00,0.0
cat__Connection_Date_2014-01-08 00:00:00,0.0
cat__Connection_Date_2014-01-07 00:00:00,0.0
cat__Connection_Date_2014-01-06 00:00:00,0.0
cat__Connection_Date_2014-01-05 00:00:00,0.0
cat__Connection_Date_2014-01-02 00:00:00,0.0
cat__Connection_Date_2013-12-30 00:00:00,0.0
cat__Connection_Date_2013-12-26 00:00:00,0.0
cat__Connection_Date_2013-12-24 00:00:00,0.0
cat__City_HULETTS LANDING,0.0
cat__City_HUGUENOT,0.0
cat__City_HUDSON FALLS,0.0
cat__City_HUBBARDSVILLE,0.0
cat__City_HOWES CAVE,0.0
cat__City_HOWELLS,0.0
cat__City_Hampton,0.0
cat__City_Hamden,0.0
cat__City_Halfmoon,0.0
cat__City_Halesite,0.0
cat__City_Halcottsville,0.0
cat__City_Haines Fls,0.0
cat__City_Haines Falls,0.0
cat__City_HYNDSVILLE,0.0
cat__City_HURLEYVILLE,0.0
cat__City_HUNTINGTON STATION,0.0
cat__City_HUNT,0.0
cat__Connection_Date_2014-01-12 00:00:00,0.0
cat__City_Hensonville,0.0
cat__City_Henrietta,0.0
cat__City_Hempsteadd,0.0
cat__City_Hartwick,0.0
cat__City_Harris,0.0
cat__City_Harpursville,0.0
cat__City_Harpersfield,0.0
cat__City_Harperfield,0.0
cat__City_Harford,0.0
cat__City_Hankins,0.0
cat__City_Hancock,0.0
cat__City_Hampton bays,0.0
cat__Connection_Date_2013-12-22 00:00:00,0.0
cat__Connection_Date_2013-12-21 00:00:00,0.0
cat__Connection_Date_2013-12-18 00:00:00,0.0
cat__Connection_Date_2013-12-13 00:00:00,0.0
cat__Connection_Date_2013-12-12 00:00:00,0.0
cat__Connection_Date_2013-12-09 00:00:00,0.0
cat__Connection_Date_2013-12-06 00:00:00,0.0
cat__City_High Mount,0.0
cat__City_High Fls,0.0
cat__City_High Falls,0.0
cat__City_Hewlett Harbor,0.0
cat__City_Hensonvl,0.0
cat__City_Hopewell Junctio,0.0
cat__City_Honeoye falls,0.0
cat__City_Honeoye Falls,0.0
cat__City_Hobart,0.0
cat__City_Himrod,0.0
cat__City_Hillsdale,0.0
cat__City_Hillcrest,0.0
cat__City_Hillburn,0.0
cat__City_Highmount,0.0
cat__City_Highland Mls,0.0
cat__City_Highland Lake,0.0
cat__City_Highland Falls,0.0
cat__Connection_Date_2013-12-03 00:00:00,0.0
cat__Connection_Date_2013-11-27 00:00:00,0.0
cat__Connection_Date_2013-11-25 00:00:00,0.0
cat__Connection_Date_2013-11-22 00:00:00,0.0
cat__Connection_Date_2013-11-21 00:00:00,0.0
cat__Connection_Date_2013-11-20 00:00:00,0.0
cat__Connection_Date_2013-11-15 00:00:00,0.0
cat__City_Hughsonville,0.0
cat__City_Hubbardsville,0.0
cat__City_Howells,0.0
cat__City_Howard beach,0.0
cat__City_Hopewell junction,0.0
cat__City_ISLIP,0.0
cat__City_ISLANDIA,0.0
cat__City_ISLAND PARK,0.0
cat__City_IRVINGTON,0.0
cat__City_IRVING,0.0
cat__City_IONIA,0.0
cat__City_INWOOD,0.0
cat__City_INTERLAKEN,0.0
cat__City_INLET,0.0
cat__City_INDIAN LAKE,0.0
cat__City_ILION,0.0
cat__City_Hurley,0.0
cat__City_Hunt,0.0
cat__City_Huguenot,0.0
cat__City_Hughsonvl,0.0
cat__Connection_Date_2013-11-07 00:00:00,0.0
cat__Connection_Date_2013-11-06 00:00:00,0.0
cat__Connection_Date_2013-11-05 00:00:00,0.0
cat__Connection_Date_2013-10-31 00:00:00,0.0
cat__Connection_Date_2013-10-30 00:00:00,0.0
cat__Connection_Date_2013-10-29 00:00:00,0.0
cat__Connection_Date_2013-10-25 00:00:00,0.0
cat__Connection_Date_2013-10-24 00:00:00,0.0
cat__City_Irving,0.0
cat__City_Irondequoit,0.0
cat__City_Ilion,0.0
cat__City_ISLIP TERRACE,0.0
cat__City_ISLIP TERR,0.0
cat__City_JOHNSON,0.0
cat__City_JOHNSBURG,0.0
cat__City_JEFFERSONVILLE,0.0
cat__City_JEFFERSON,0.0
cat__City_JAY,0.0
cat__City_JAVA CENTER,0.0
cat__City_JAMESVILLE,0.0
cat__City_JAMESTOWN,0.0
cat__City_JAMESPORT,0.0
cat__City_JACKSON HEIGHTS,0.0
cat__City_Islip Terr,0.0
cat__Connection_Date_2013-11-13 00:00:00,0.0
cat__Connection_Date_2013-11-12 00:00:00,0.0
cat__Connection_Date_2013-11-11 00:00:00,0.0
cat__City_KATTSKILL BAY,0.0
cat__City_Johnson city,0.0
cat__City_Johnson City,0.0
cat__City_Johnson,0.0
cat__City_Jewett,0.0
cat__City_Jefferson Valley,0.0
cat__City_Jay,0.0
cat__City_Java Center,0.0
cat__City_Jamesport,0.0
cat__City_JORDANVILLE,0.0
cat__City_JORDAN,0.0
cat__City_JONESVILLE,0.0
cat__City_JOHNSONVILLE,0.0
cat__City_JOHNSON CITY,0.0
cat__City_KIRKWOOD,0.0
cat__City_KING FERRY,0.0
cat__City_KINDERHOOK,0.0
cat__City_KEW GARDENS,0.0
cat__City_KEUKA PARK,0.0
cat__City_KENOZA LAKE,0.0
cat__City_KENNEDY,0.0
cat__City_KENMORE,0.0
cat__City_KEESEVILLE,0.0
cat__City_KEENE VALLEY,0.0
cat__City_KEENE,0.0
cat__City_KAUNEONGA LAKE,0.0
cat__City_Kings PT,0.0
cat__City_King ferry,0.0
cat__City_King Ferry,0.0
cat__City_Keuka park,0.0
cat__City_Keuka Park,0.0
cat__City_Keuka,0.0
cat__City_Keeseville,0.0
cat__City_Keene valley,0.0
cat__City_Keene Valley,0.0
cat__City_Keene,0.0
cat__City_Kauneonga,0.0
cat__City_Katoonah,0.0
cat__City_KNOX,0.0
cat__City_KISMET,0.0
cat__City_LAKE RONKONKOMA,0.0
cat__City_LAKE CLEAR,0.0
cat__City_LAGRANGEVILLE,0.0
cat__City_LAFARGEVILLE,0.0
cat__City_LACONA,0.0
cat__City_L SUCCESS,0.0
cat__City_Krumvl,0.0
cat__City_Kismet,0.0
cat__City_Kiryas Joel,0.0
cat__City_Kirkwood,0.0
cat__City_Kings Point,0.0
cat__Connection_Date_2013-10-21 00:00:00,0.0
cat__Connection_Date_2013-10-16 00:00:00,0.0
cat__Connection_Date_2013-10-15 00:00:00,0.0
cat__Connection_Date_2013-10-13 00:00:00,0.0
cat__Connection_Date_2013-10-12 00:00:00,0.0
cat__Connection_Date_2013-10-11 00:00:00,0.0
cat__Connection_Date_2013-10-10 00:00:00,0.0
cat__Connection_Date_2013-10-09 00:00:00,0.0
cat__City_LAKE VIEW,0.0
cat__City_LAKE Ronkonkoma,0.0
cat__City_LEVITTOWN,0.0
cat__City_LEVITOWN,0.0
cat__City_LEONARDSVILLE,0.0
cat__City_LEICESTER,0.0
cat__City_LEE CENTER,0.0
cat__City_LAWYERSVILLE,0.0
cat__City_LAWTONS,0.0
cat__City_LAURENS,0.0
cat__City_LAUREL,0.0
cat__City_LARCHMONT,0.0
cat__City_LANSING,0.0
cat__City_LAKEWOOD,0.0
cat__City_LAKEVIEW,0.0
cat__City_LIVINGSTON MANOR,0.0
cat__City_LITTLE YORK,0.0
cat__City_LITTLE VALLEY,0.0
cat__City_LITTLE NECK,0.0
cat__City_LISLE,0.0
cat__City_LISBON,0.0
cat__City_LINWOOD,0.0
cat__City_LINDLEY,0.0
cat__City_LIMESTONE,0.0
cat__City_LIMA,0.0
cat__City_LILY DALE,0.0
cat__City_LIDO BEACH,0.0
cat__City_LIBERTY,0.0
cat__City_LEWISTON,0.0
cat__City_LEWIS,0.0
cat__City_LUMBERLAND,0.0
cat__City_LOWMAN,0.0
cat__City_LORRAINE,0.0
cat__City_LOON LAKE,0.0
cat__City_LONG LAKE,0.0
cat__City_LONG ISLAND CITY,0.0
cat__City_LONG EDDY,0.0
cat__City_LONG Beach,0.0
cat__City_LODI,0.0
cat__City_LOCKWOOD,0.0
cat__City_LOCKE,0.0
cat__City_LOCH SHELDRAKE,0.0
cat__City_LIttle Neck,0.0
cat__City_LIVONIA,0.0
cat__City_Lanesvl,0.0
cat__City_Lancaster,0.0
cat__City_Lake ronkonkoma,0.0
cat__City_Lake grove,0.0
cat__City_Lake Success,0.0
cat__City_Lake Ronk,0.0
cat__City_Lake Peekskill,0.0
cat__City_Lake Katrine,0.0
cat__City_Lake Huntington,0.0
cat__City_LaGrangeville,0.0
cat__City_LYONS FALLS,0.0
cat__City_LYONS,0.0
cat__City_LYON MOUNTAIN,0.0
cat__Connection_Date_2013-10-02 00:00:00,0.0
cat__Connection_Date_2013-10-01 00:00:00,0.0
cat__Connection_Date_2013-09-30 00:00:00,0.0
cat__Connection_Date_2013-09-28 00:00:00,0.0
cat__Connection_Date_2013-09-27 00:00:00,0.0
cat__Connection_Date_2013-09-25 00:00:00,0.0
cat__Connection_Date_2013-09-18 00:00:00,0.0
cat__Connection_Date_2013-09-17 00:00:00,0.0
cat__Connection_Date_2013-09-16 00:00:00,0.0
cat__City_Lapeer,0.0
cat__City_Little valley,0.0
cat__City_Little Valley,0.0
cat__City_Lindley,0.0
cat__City_Lincolndale,0.0
cat__City_Lilndenhurst,0.0
cat__City_Lewis,0.0
cat__City_Leicester,0.0
cat__City_Lawrence,0.0
cat__City_Laurel Hollow,0.0
cat__City_Long Lake,0.0
cat__City_Long Eddy,0.0
cat__City_Locust Vly,0.0
cat__City_Locke,0.0
cat__City_Loch sheldrake,0.0
cat__City_Loch Sheldrake,0.0
cat__City_Lloyd Hbr,0.0
cat__City_Lloyd Harbor,0.0
cat__City_Lk Katrine,0.0
cat__City_Lk Hill,0.0
cat__City_Livingston manor,0.0
cat__City_Livingston Manor,0.0
cat__City_MANLIUS,0.0
cat__City_MANHASSET,0.0
cat__City_MANCHESTER,0.0
cat__City_MALVERNE,0.0
cat__City_MALTA,0.0
cat__City_MALLORY,0.0
cat__City_MAINE,0.0
cat__City_MADRID,0.0
cat__City_MACHIAS,0.0
cat__City_MACEDON,0.0
cat__City_Lyons,0.0
cat__City_Lyon Mountain,0.0
cat__City_Lowman,0.0
cat__City_MASSAPEQUA,0.0
cat__City_MASPETH,0.0
cat__City_MASONVILLE,0.0
cat__City_MARYLAND,0.0
cat__City_MARTVILLE,0.0
cat__City_MARION,0.0
cat__City_MARILLA,0.0
cat__City_MARIETTA,0.0
cat__City_MARGARETVILLE,0.0
cat__City_MARATHON,0.0
cat__City_MAPLECREST,0.0
cat__City_MAPLE SPRINGS,0.0
cat__City_MANNSVILLE,0.0
cat__City_MERIDIAN,0.0
cat__City_MENDON,0.0
cat__City_MENANDS,0.0
cat__City_MELVILLE,0.0
cat__City_MELROSE,0.0
cat__City_MEDINA,0.0
cat__City_MCGRAW,0.0
cat__City_MAYVILLE,0.0
cat__City_MASTIC BCH,0.0
cat__City_MASTIC,0.0
cat__City_MASTEN LAKE,0.0
cat__City_MINETTO,0.0
cat__City_MINERVA,0.0
cat__City_MILLWOOD,0.0
cat__City_MILLER PLACE,0.0
cat__City_MILL NECK,0.0
cat__City_MILFORD,0.0
cat__City_MIDDLEVILLE,0.0
cat__City_MIDDLESEX,0.0
cat__City_MIDDLE VILLAGE,0.0
cat__City_MIDDLE ISLAND,0.0
cat__City_MIDDLE IS,0.0
cat__City_MIDDLE FALLS,0.0
cat__City_MEXICO,0.0
cat__Connection_Date_2013-09-12 00:00:00,0.0
cat__Connection_Date_2013-09-11 00:00:00,0.0
cat__Connection_Date_2013-09-10 00:00:00,0.0
cat__Connection_Date_2013-09-09 00:00:00,0.0
cat__Connection_Date_2013-09-07 00:00:00,0.0
cat__Connection_Date_2013-09-04 00:00:00,0.0
cat__Connection_Date_2013-09-03 00:00:00,0.0
cat__Connection_Date_2013-08-30 00:00:00,0.0
cat__Connection_Date_2013-08-29 00:00:00,0.0
cat__Connection_Date_2013-08-27 00:00:00,0.0
cat__Connection_Date_2013-08-26 00:00:00,0.0
cat__Connection_Date_2013-08-23 00:00:00,0.0
cat__Connection_Date_2013-08-22 00:00:00,0.0
cat__City_MINEVILLE,0.0
cat__City_MORICHES,0.0
cat__City_MORIAH,0.0
cat__City_MOOERS,0.0
cat__City_MONTROSE,0.0
cat__City_MONTOUR FALLS,0.0
cat__City_MONTICELLO,0.0
cat__City_MONTEBELLO,0.0
cat__City_MONGAUP VALLEY,0.0
cat__City_MOIRA,0.0
cat__City_MOHEGAN LAKE,0.0
cat__City_MIddletown,0.0
cat__City_MINOA,0.0
cat__City_MOUNTAIN LODGE PK,0.0
cat__City_MOUNTAIN DALE,0.0
cat__City_MOUNT VISION,0.0
cat__City_MOUNT VERNON,0.0
cat__City_MOUNT UPTON,0.0
cat__City_MOUNT TREMPER,0.0
cat__City_MOUNT MORRIS,0.0
cat__City_MOUNT HOPE,0.0
cat__City_MOTTVILLE,0.0
cat__City_MORTON,0.0
cat__City_MORRISVILLE,0.0
cat__City_MORRISTOWN,0.0
cat__City_MORRISONVILLE,0.0
cat__City_MORRIS,0.0
cat__City_MORLEY,0.0
cat__City_Maplecrest,0.0
cat__City_Manchester,0.0
cat__City_Malverne,0.0
cat__City_Malden-Hdsn,0.0
cat__City_Malden bridge,0.0
cat__City_Malden On Hudson,0.0
cat__City_Malden Bridge,0.0
cat__City_Malden,0.0
cat__City_Maine,0.0
cat__City_Madison,0.0
cat__City_MUNNSVILLE,0.0
cat__City_MUMFORD,0.0
cat__City_MOUNTAINDALE,0.0
cat__City_Medusa,0.0
cat__City_Mecklenburg,0.0
cat__City_Mechanicsville,0.0
cat__City_McDonough,0.0
cat__City_Mc graw,0.0
cat__City_Mc Lean,0.0
cat__City_Maybrook,0.0
cat__City_Maryland,0.0
cat__City_Martville,0.0
cat__City_Marion,0.0
cat__City_Marietta,0.0
cat__City_Marathon,0.0
cat__Connection_Date_2013-08-21 00:00:00,0.0
cat__Connection_Date_2013-08-15 00:00:00,0.0
cat__Connection_Date_2013-08-14 00:00:00,0.0
cat__Connection_Date_2013-08-12 00:00:00,0.0
cat__Connection_Date_2013-08-09 00:00:00,0.0
cat__Connection_Date_2013-08-08 00:00:00,0.0
cat__Connection_Date_2013-08-07 00:00:00,0.0
cat__Connection_Date_2013-08-06 00:00:00,0.0
cat__Connection_Date_2013-08-05 00:00:00,0.0
cat__Connection_Date_2013-08-03 00:00:00,0.0
cat__Connection_Date_2013-08-01 00:00:00,0.0
cat__City_Mellenville,0.0
cat__City_Millwood,0.0
cat__City_Millport,0.0
cat__City_Millbrook,0.0
cat__City_Mill Neck,0.0
cat__City_Milford,0.0
cat__City_Milerton,0.0
cat__City_Middletowny,0.0
cat__City_Middleburg,0.0
cat__City_Middle Island,0.0
cat__City_Middle IS,0.0
cat__City_Meridale,0.0
cat__City_Memphis,0.0
cat__Connection_Date_2013-07-19 00:00:00,0.0
cat__Connection_Date_2013-07-18 00:00:00,0.0
cat__Connection_Date_2013-07-16 00:00:00,0.0
cat__Connection_Date_2013-07-13 00:00:00,0.0
cat__Connection_Date_2013-07-12 00:00:00,0.0
cat__Connection_Date_2013-07-11 00:00:00,0.0
cat__City_MontauK,0.0
cat__City_Mongaup Valley,0.0
cat__City_Mount Tremper,0.0
cat__City_Mount Marion,0.0
cat__City_Mount Hope,0.0
cat__City_Morrisonville,0.0
cat__City_Morris,0.0
cat__City_Moravia,0.0
cat__City_Mooers forks,0.0
cat__City_Mooers Forks,0.0
cat__City_Montour falls,0.0
cat__City_Montour Falls,0.0
cat__City_Monticello,0.0
cat__City_Montebello,0.0
cat__Connection_Date_2013-07-31 00:00:00,0.0
cat__Connection_Date_2013-07-29 00:00:00,0.0
cat__City_Munnsville,0.0
cat__City_Mt.  Upton,0.0
cat__City_Mt Tremper,0.0
cat__City_Mt Sinai,0.0
cat__City_Mt Morris,0.0
cat__City_Mt Marion,0.0
cat__City_Mountainvl,0.0
cat__City_Mountainville,0.0
cat__City_Mountaindale,0.0
cat__City_Mount tremper,0.0
cat__City_Mount morris,0.0
cat__City_Mount kisco,0.0
cat__City_Mount Vision,0.0
cat__City_Mount Upton,0.0
cat__City_NELLISTON,0.0
cat__City_NEDROW,0.0
cat__City_NATURAL BRIDGE,0.0
cat__City_NARROWSBURG,0.0
cat__City_NAROWSBURG,0.0
cat__City_N Merrick,0.0
cat__City_N Massapqua,0.0
cat__City_N MASSAPQUA,0.0
cat__City_N Bellmore,0.0
cat__City_N BELLMORE,0.0
cat__City_NEW SQUARE,0.0
cat__City_NEW SCOTLAND,0.0
cat__City_NEW Rochelle,0.0
cat__City_NEW ROCHELLE,0.0
cat__City_NEW MILFORD,0.0
cat__City_NEW LISBON,0.0
cat__City_NEW LEBANON,0.0
cat__City_NEW KINGSTON,0.0
cat__City_NEW HYDE PK,0.0
cat__City_NEW HYDE PARK,0.0
cat__City_NEW HEMPSTEAD,0.0
cat__City_NEVERSINK,0.0
cat__City_NESCONSET,0.0
cat__City_NELSON,0.0
cat__City_NORTH BELLMORE,0.0
cat__City_NORTH BAY,0.0
cat__City_NORTH BANGOR,0.0
cat__City_NORTH BABYLON,0.0
cat__City_NORFOLK,0.0
cat__City_NINEVEH,0.0
cat__City_NICHOLVILLE,0.0
cat__City_NICHOLS,0.0
cat__City_NEWFIELD,0.0
cat__City_NEWFANE,0.0
cat__City_NEWCOMB,0.0
cat__City_NEWARK VALLEY,0.0
cat__City_NEW WOODSTOCK,0.0
cat__City_NEW SUFFOLK,0.0
cat__City_NORTH TONAWANDA,0.0
cat__City_NORTH SALEM,0.0
cat__City_NORTH ROSE,0.0
cat__City_NORTH LAWRENCE,0.0
cat__City_NORTH JAVA,0.0
cat__City_NORTH HUDSON,0.0
cat__City_NORTH HOOSICK,0.0
cat__City_NORTH HILLS,0.0
cat__City_NORTH EVANS,0.0
cat__City_NORTH CREEK,0.0
cat__City_NORTH COLLINS,0.0
cat__City_NORTH CHATHAM,0.0
cat__City_NORTH BRANCH,0.0
cat__Connection_Date_2013-07-05 00:00:00,0.0
cat__Connection_Date_2013-07-03 00:00:00,0.0
cat__Connection_Date_2013-07-02 00:00:00,0.0
cat__Connection_Date_2013-06-27 00:00:00,0.0
cat__Connection_Date_2013-06-26 00:00:00,0.0
cat__Connection_Date_2013-06-25 00:00:00,0.0
cat__Connection_Date_2013-06-24 00:00:00,0.0
cat__Connection_Date_2013-06-21 00:00:00,0.0
cat__Connection_Date_2013-06-20 00:00:00,0.0
cat__City_NORWOOD,0.0
cat__City_NORWICH,0.0
cat__City_NORTHVILLE,0.0
cat__City_NORTHPORT,0.0
cat__City_New Hamburg,0.0
cat__City_New CIty,0.0
cat__City_New Berlin,0.0
cat__City_New Baltimore,0.0
cat__City_Neversink,0.0
cat__City_Nelsonvl,0.0
cat__City_Narrowsburg,0.0
cat__City_NYACK,0.0
cat__City_NY,0.0
cat__City_NUNDA,0.0
cat__Connection_Date_2013-07-10 00:00:00,0.0
cat__Connection_Date_2013-07-09 00:00:00,0.0
cat__Connection_Date_2013-07-06 00:00:00,0.0
cat__City_North Baldwin,0.0
cat__City_Nissequogue,0.0
cat__City_Newcomb,0.0
cat__City_Newark valley,0.0
cat__City_Newark Valley,0.0
cat__City_Newark,0.0
cat__City_New york,0.0
cat__City_New lebanon,0.0
cat__City_New Suffolk,0.0
cat__City_New Square,0.0
cat__City_New Russia,0.0
cat__City_New Lisbon,0.0
cat__City_New Lebanon,0.0
cat__City_New Kingston,0.0
cat__City_New Hempstead,0.0
cat__City_North pitcher,0.0
cat__City_North java,0.0
cat__City_North Rose,0.0
cat__City_North Merrick,0.0
cat__City_North Massapequa,0.0
cat__City_North Lindenhurst,0.0
cat__City_North Java,0.0
cat__City_North Island Park,0.0
cat__City_North Hills,0.0
cat__City_North Haven,0.0
cat__City_North Chili,0.0
cat__City_North Brookfield,0.0
cat__City_North Branch,0.0
cat__City_OLD FORGE,0.0
cat__City_OLD FIELD,0.0
cat__City_OLD CHATHAM,0.0
cat__City_OLCOTT,0.0
cat__City_ODESSA,0.0
cat__City_OCEANSIDE,0.0
cat__City_OCEAN BCH,0.0
cat__City_OAKLAND GARDENS,0.0
cat__City_OAKFIELD,0.0
cat__City_OAK BEACH,0.0
cat__City_O WESTBURY,0.0
cat__City_O BETHPAGE,0.0
cat__City_Nyack,0.0
cat__City_Nunda,0.0
cat__City_North rose,0.0
cat__Connection_Date_2013-06-19 00:00:00,0.0
cat__Connection_Date_2013-06-18 00:00:00,0.0
cat__Connection_Date_2013-06-17 00:00:00,0.0
cat__Connection_Date_2013-06-14 00:00:00,0.0
cat__Connection_Date_2013-06-13 00:00:00,0.0
cat__Connection_Date_2013-06-10 00:00:00,0.0
cat__Connection_Date_2013-06-07 00:00:00,0.0
cat__Connection_Date_2013-06-06 00:00:00,0.0
cat__Connection_Date_2013-06-05 00:00:00,0.0
cat__Connection_Date_2013-06-04 00:00:00,0.0
cat__Connection_Date_2013-06-03 00:00:00,0.0
cat__Connection_Date_2013-06-02 00:00:00,0.0
cat__Connection_Date_2013-06-01 00:00:00,0.0
cat__Connection_Date_2013-05-31 00:00:00,0.0
cat__City_OWEGO,0.0
cat__City_OVID,0.0
cat__City_OTTO,0.0
cat__City_OTISVILLE,0.0
cat__City_OTEGO,0.0
cat__City_OSSINING,0.0
cat__City_ORISKANY FALLS,0.0
cat__City_ORIENT,0.0
cat__City_ORCHARD PARK,0.0
cat__City_ONTARIO,0.0
cat__City_ONEONTA,0.0
cat__City_ONEIDA CASTLE,0.0
cat__City_ONEIDA,0.0
cat__City_ONCHIOTA,0.0
cat__City_OLMSTEDVILLE,0.0
cat__City_Old Bethpage,0.0
cat__City_Old BETHPAGE,0.0
cat__City_Odessa,0.0
cat__City_Ocean Beach,0.0
cat__City_Obernburg,0.0
cat__City_Oak Hl,0.0
cat__City_Oak Hill,0.0
cat__City_Oak Beach,0.0
cat__City_OXFORD,0.0
cat__City_OWLS HEAD,0.0
cat__City_Otisville,0.0
cat__City_Otego,0.0
cat__City_Oriskany falls,0.0
cat__City_Oriskany Falls,0.0
cat__City_Orient,0.0
cat__City_Orchard park,0.0
cat__City_Orangetown,0.0
cat__City_Orange,0.0
cat__City_Ontario Center,0.0
cat__City_Oneota,0.0
cat__City_Olivebridge,0.0
cat__City_Olive Brdg,0.0
cat__City_Old chatham,0.0
cat__City_Old Field,0.0
cat__City_PAUL SMITH'S,0.0
cat__City_PARKSVILLE,0.0
cat__City_PARISHVILLE,0.0
cat__City_PARISH,0.0
cat__City_PARADOX,0.0
cat__City_PANAMA,0.0
cat__City_PALMYRA,0.0
cat__City_PALMER,0.0
cat__City_PALISADES,0.0
cat__City_PALATINE BRIDGE,0.0
cat__City_PAINTED POST,0.0
cat__City_Ozone park,0.0
cat__City_Oyster Bay,0.0
cat__City_Oxford,0.0
cat__City_Owego,0.0
cat__Connection_Date_2013-05-29 00:00:00,0.0
cat__Connection_Date_2013-05-28 00:00:00,0.0
cat__Connection_Date_2013-05-23 00:00:00,0.0
cat__Connection_Date_2013-05-22 00:00:00,0.0
cat__Connection_Date_2013-05-20 00:00:00,0.0
cat__Connection_Date_2013-05-19 00:00:00,0.0
cat__Connection_Date_2013-05-16 00:00:00,0.0
cat__Connection_Date_2013-05-15 00:00:00,0.0
cat__Connection_Date_2013-05-13 00:00:00,0.0
cat__Connection_Date_2013-05-10 00:00:00,0.0
cat__Connection_Date_2013-05-09 00:00:00,0.0
cat__City_PAVILION,0.0
cat__City_PAUL SMITHS,0.0
cat__City_PHOENIX,0.0
cat__City_PHOENICIA,0.0
cat__City_PHILMONT,0.0
cat__City_PHILLIPSPORT,0.0
cat__City_PHILADELPHIA,0.0
cat__City_PETERSBURG,0.0
cat__City_PERU,0.0
cat__City_PERRYSBURG,0.0
cat__City_PERRY,0.0
cat__City_PENFIELD,0.0
cat__City_PELHAM,0.0
cat__City_PECONIC,0.0
cat__City_PEARL RIVER,0.0
cat__Connection_Date_2013-05-30 00:00:00,0.0
cat__City_POESTENKILL,0.0
cat__City_PLYMOUTH,0.0
cat__City_PLATTSBURGH,0.0
cat__City_PITTSFORD,0.0
cat__City_PISECO,0.0
cat__City_PINE VALLEY,0.0
cat__City_PINE ISLAND,0.0
cat__City_PINE CITY,0.0
cat__City_PIKE,0.0
cat__City_PIFFARD,0.0
cat__City_PIERREPONT MANOR,0.0
cat__City_PIERMONT,0.0
cat__City_PIERCEFIELD,0.0
cat__City_POUGHQUAG,0.0
cat__City_POTTERSVILLE,0.0
cat__City_PORTVILLE,0.0
cat__City_PORTLAND,0.0
cat__City_PORTER CORNERS,0.0
cat__City_PORT LEYDEN,0.0
cat__City_PORT HENRY,0.0
cat__City_PORT CRANE,0.0
cat__City_PORT CHESTER,0.0
cat__City_PORT BYRON,0.0
cat__City_POQUOTT,0.0
cat__City_POND EDDY,0.0
cat__City_POMPEY,0.0
cat__City_POLAND,0.0
cat__City_Palenville,0.0
cat__City_Painted post,0.0
cat__City_Painted Post,0.0
cat__City_PUTNAM VALLEY,0.0
cat__City_PUTNAM STATION,0.0
cat__City_PURDYS,0.0
cat__City_PT Lookout,0.0
cat__City_PT LOOKOUT,0.0
cat__City_PRESTON HOLLOW,0.0
cat__City_PREBLE,0.0
cat__City_PRATTSVILLE,0.0
cat__City_PRATTSBURGH,0.0
cat__City_Philmont,0.0
cat__City_Phelps,0.0
cat__City_Petersburgh,0.0
cat__City_Petersburg,0.0
cat__City_Peru,0.0
cat__City_Perry,0.0
cat__City_Pearl River,0.0
cat__City_Parma,0.0
cat__City_Parksville,0.0
cat__City_Palisades,0.0
cat__City_Palenvl,0.0
cat__Connection_Date_2013-05-07 00:00:00,0.0
cat__Connection_Date_2013-05-03 00:00:00,0.0
cat__Connection_Date_2013-05-02 00:00:00,0.0
cat__Connection_Date_2013-04-30 00:00:00,0.0
cat__Connection_Date_2013-04-29 00:00:00,0.0
cat__Connection_Date_2013-04-26 00:00:00,0.0
cat__Connection_Date_2013-04-25 00:00:00,0.0
cat__Connection_Date_2013-04-24 00:00:00,0.0
cat__Connection_Date_2013-04-22 00:00:00,0.0
cat__City_Pine City,0.0
cat__City_Pike,0.0
cat__City_Piermont,0.0
cat__City_Port Jefferson Sta,0.0
cat__City_Port Crane,0.0
cat__City_Poquott,0.0
cat__City_Pond Eddy,0.0
cat__City_Plymouth,0.0
cat__City_Pleasant Valley,0.0
cat__City_Plattekill,0.0
cat__City_Pine valley,0.0
cat__City_Pine city,0.0
cat__City_Pine bush,0.0
cat__City_Pine Plains,0.0
cat__Connection_Date_2013-04-11 00:00:00,0.0
cat__Connection_Date_2013-04-04 00:00:00,0.0
cat__Connection_Date_2013-04-03 00:00:00,0.0
cat__Connection_Date_2013-04-02 00:00:00,0.0
cat__Connection_Date_2013-04-01 00:00:00,0.0
cat__Connection_Date_2013-03-28 00:00:00,0.0
cat__Connection_Date_2013-03-26 00:00:00,0.0
cat__City_Potter Holw,0.0
cat__City_Portville,0.0
cat__City_Portageville,0.0
cat__City_Portage,0.0
cat__City_Port byron,0.0
cat__City_Port Jervis,0.0
cat__City_Putnam,0.0
cat__City_Purling,0.0
cat__City_Purdys,0.0
cat__City_Pulteney,0.0
cat__City_Pt Jeffersn,0.0
cat__City_Pt Jeff Sta,0.0
cat__City_Prattsvl,0.0
cat__City_Prattsville,0.0
cat__City_Prattsburgh,0.0
cat__City_Prattsburg,0.0
cat__City_Pound ridge,0.0
cat__City_Pound Ridge,0.0
cat__Connection_Date_2013-04-16 00:00:00,0.0
cat__Connection_Date_2013-04-15 00:00:00,0.0
cat__Connection_Date_2013-04-12 00:00:00,0.0
cat__City_RANSOMVILLE,0.0
cat__City_RANDOLPH,0.0
cat__City_RAINBOW LAKE,0.0
cat__City_Quiogue,0.0
cat__City_Queens village,0.0
cat__City_Queens VIllage,0.0
cat__City_Queens,0.0
cat__City_QUOGUE,0.0
cat__City_QUIOGUE,0.0
cat__City_QUEENS Village,0.0
cat__City_QUEENS VILLAGE,0.0
cat__City_QUEENS,0.0
cat__City_QUAKER STREET,0.0
cat__City_Putnam valley,0.0
cat__City_RICHFIELD SPRINGS,0.0
cat__City_REXVILLE,0.0
cat__City_RETSOF,0.0
cat__City_RENSSELAER FALLS,0.0
cat__City_REMSENBURG,0.0
cat__City_REMSEN,0.0
cat__City_REGO PARK,0.0
cat__City_REDWOOD,0.0
cat__City_REDFIELD,0.0
cat__City_RED HOOK,0.0
cat__City_RED CREEK,0.0
cat__City_READING CENTER,0.0
cat__City_RAYBROOK,0.0
cat__City_RAVENA,0.0
cat__City_RAQUETTE LAKE,0.0
cat__City_ROCKWY PT,0.0
cat__City_ROCKWY BCH,0.0
cat__City_ROCKVLE CTR,0.0
cat__City_ROCK STREAM,0.0
cat__City_ROCK HILL,0.0
cat__City_ROCK CITY FALLS,0.0
cat__City_RIPLEY,0.0
cat__City_RIDGEWOOD,0.0
cat__City_RIDGEBURY,0.0
cat__City_RICHMONDVILLE,0.0
cat__City_RICHMOND HILL,0.0
cat__City_RICHLAND,0.0
cat__City_RICHFORD,0.0
cat__City_ROXBURY,0.0
cat__City_ROUND LAKE,0.0
cat__City_ROTTERDAM JUNCTION,0.0
cat__City_ROTTERDAM JCTN,0.0
cat__City_ROTTERDAM,0.0
cat__City_ROSSIE,0.0
cat__City_ROSLYN HGTS,0.0
cat__City_ROSEDALE,0.0
cat__City_ROSEBOOM,0.0
cat__City_ROSE,0.0
cat__City_ROSCOE,0.0
cat__City_ROOSEVELT,0.0
cat__City_RONKONKOMA,0.0
cat__City_ROMULUS,0.0
cat__City_RODMAN,0.0
cat__City_Rhinecliff,0.0
cat__City_Rexville,0.0
cat__City_Rensselaervl,0.0
cat__City_Rensselaerville,0.0
cat__City_Rensselaer,0.0
cat__City_Remsenberg,0.0
cat__City_Red creek,0.0
cat__City_Red Creek,0.0
cat__City_Randolph,0.0
cat__City_RYE,0.0
cat__City_RUSHFORD,0.0
cat__Connection_Date_2013-03-18 00:00:00,0.0
cat__Connection_Date_2013-03-16 00:00:00,0.0
cat__Connection_Date_2013-03-14 00:00:00,0.0
cat__Connection_Date_2013-03-13 00:00:00,0.0
cat__Connection_Date_2013-03-12 00:00:00,0.0
cat__Connection_Date_2013-03-11 00:00:00,0.0
cat__Connection_Date_2013-03-09 00:00:00,0.0
cat__Connection_Date_2013-03-08 00:00:00,0.0
cat__Connection_Date_2013-03-07 00:00:00,0.0
cat__City_Richford,0.0
cat__City_Richfield springs,0.0
cat__City_Richfield Springs,0.0
cat__City_Rockaway Beach,0.0
cat__City_Rockaway Bch,0.0
cat__City_Rockaway,0.0
cat__City_Rock stream,0.0
cat__City_Rock hill,0.0
cat__City_Rock Stream,0.0
cat__City_Rock Hill,0.0
cat__City_Rifton,0.0
cat__City_Ridgebury,0.0
cat__City_Richmond hill,0.0
cat__Connection_Date_2013-03-25 00:00:00,0.0
cat__Connection_Date_2013-03-22 00:00:00,0.0
cat__Connection_Date_2013-03-20 00:00:00,0.0
cat__City_Roslyn Hgts,0.0
cat__City_Rosendale,0.0
cat__City_Roseboom,0.0
cat__City_Roscoe,0.0
cat__City_Rocky PT,0.0
cat__City_Rockwy PT,0.0
cat__City_Rockwy PK,0.0
cat__City_Rockvle Ctr,0.0
cat__City_Rockville Centre,0.0
cat__City_Rockaway Point,0.0
cat__City_S OZONE PARK,0.0
cat__City_S Jamesport,0.0
cat__City_S JAMESPORT,0.0
cat__City_S Hempstead,0.0
cat__City_S HEMPSTEAD,0.0
cat__City_S Floral PK,0.0
cat__City_S FLORAL PK,0.0
cat__City_S FARMNGDLE,0.0
cat__City_S Cairo,0.0
cat__City_Rushville,0.0
cat__City_Rushford,0.0
cat__City_Ruby,0.0
cat__City_Roxbury,0.0
cat__City_Rouses Point,0.0
cat__City_Round lake,0.0
cat__City_Round Top,0.0
cat__City_SAND LAKE,0.0
cat__City_SALTAIRE,0.0
cat__City_SALISBURY MILLS,0.0
cat__City_SALISBURY CENTER,0.0
cat__City_SALEM,0.0
cat__City_SAINT ALBANS,0.0
cat__City_SACKETS HARBOR,0.0
cat__City_S floral park,0.0
cat__City_S Westerlo,0.0
cat__City_S Setauket,0.0
cat__City_S SETAUKET,0.0
cat__City_S RICHMOND HILL,0.0
cat__City_S Ozone park,0.0
cat__City_SCHUYLERVILLE,0.0
cat__City_SCHOHARIE,0.0
cat__City_SCHODACK LANDING,0.0
cat__City_SCHODACK,0.0
cat__City_SCHENEVUS,0.0
cat__City_SCHAGHTICOKE,0.0
cat__City_SCARSDALE,0.0
cat__City_SAVANNAH,0.0
cat__City_SAUQUOIT,0.0
cat__City_SARANAC LAKE,0.0
cat__City_SARANAC INN,0.0
cat__City_SARANAC,0.0
cat__City_SANDY CREEK,0.0
cat__City_SANDS PT,0.0
cat__City_SHERMAN,0.0
cat__City_SHERBURNE,0.0
cat__City_SHENOROCK,0.0
cat__City_SHELTER ISLAND,0.0
cat__City_SHARON SPRINGS,0.0
cat__City_SHANDAKEN,0.0
cat__City_SENECA FALLS,0.0
cat__City_SEARSVILLE,0.0
cat__City_SEAFORD,0.0
cat__City_SEA CLIFF,0.0
cat__City_SCOTTSBURG,0.0
cat__City_SCIPIO CENTER,0.0
cat__City_SCIO,0.0
cat__Connection_Date_2013-03-04 00:00:00,0.0
cat__Connection_Date_2013-03-01 00:00:00,0.0
cat__Connection_Date_2013-02-28 00:00:00,0.0
cat__Connection_Date_2013-02-27 00:00:00,0.0
cat__Connection_Date_2013-02-26 00:00:00,0.0
cat__Connection_Date_2013-02-23 00:00:00,0.0
cat__Connection_Date_2013-02-22 00:00:00,0.0
cat__Connection_Date_2013-02-20 00:00:00,0.0
cat__Connection_Date_2013-02-19 00:00:00,0.0
cat__Connection_Date_2013-02-15 00:00:00,0.0
cat__Connection_Date_2013-02-14 00:00:00,0.0
cat__Connection_Date_2013-02-12 00:00:00,0.0
cat__City_SHORTSVILLE,0.0
cat__City_SHIRLEY,0.0
cat__City_SMYRNA,0.0
cat__City_SMALLWOOD,0.0
cat__City_SLOATSBURG,0.0
cat__City_SINCLAIRVILLE,0.0
cat__City_SILVER SPRINGS,0.0
cat__City_SILVER CREEK,0.0
cat__City_SILVER BAY,0.0
cat__City_SIDNEY CENTER,0.0
cat__City_SIDNEY,0.0
cat__City_SHUSHAN,0.0
cat__City_SHRUB OAK,0.0
cat__City_SOUTH NYACK,0.0
cat__City_SOUTH NEW BERLIN,0.0
cat__City_SOUTH LIMA,0.0
cat__City_SOUTH HARTFORD,0.0
cat__City_SOUTH FALLSBURG,0.0
cat__City_SOUTH DAYTON,0.0
cat__City_SOUTH COLTON,0.0
cat__City_SOUTH BYRON,0.0
cat__City_SOUTH BETHLEHEM,0.0
cat__City_SOMERS,0.0
cat__City_SOLVAY,0.0
cat__City_SODUS POINT,0.0
cat__City_SODUS,0.0
cat__City_SNYDER,0.0
cat__City_SPRINGFIELD GARDENS,0.0
cat__City_SPRINGFIELD CENTER,0.0
cat__City_SPRING GLEN,0.0
cat__City_SPRAKERS,0.0
cat__City_SPEONK,0.0
cat__City_SPENCERTOWN,0.0
cat__City_SPENCERPORT,0.0
cat__City_SPENCER,0.0
cat__City_SPECULATOR,0.0
cat__City_SPARROW BUSH,0.0
cat__City_SPARKILL,0.0
cat__City_SOUTHOLD,0.0
cat__City_SOUTH WALES,0.0
cat__City_SOUTH SCHROON,0.0
cat__City_STOCKTON,0.0
cat__City_STOCKPORT,0.0
cat__City_STITTVILLE,0.0
cat__City_STEWART MAN,0.0
cat__City_STERLING FOREST,0.0
cat__City_STERLING,0.0
cat__City_STATEN Island,0.0
cat__City_STAR LAKE,0.0
cat__City_STANLEY,0.0
cat__City_STAFFORD,0.0
cat__City_ST REGIS FALLS,0.0
cat__City_SPRINGWATER,0.0
cat__City_Salisbury Mills,0.0
cat__City_Salem,0.0
cat__City_SYLVAN BEACH,0.0
cat__City_SWAN LAKE,0.0
cat__City_SWAIN,0.0
cat__City_SUNNYSIDE,0.0
cat__City_SUMMITVILLE,0.0
cat__City_SUMMIT,0.0
cat__City_SUGAR LOAF,0.0
cat__City_STUYVESANT FALLS,0.0
cat__City_STRYKERSVILLE,0.0
cat__City_STRATFORD,0.0
cat__City_STOTTVILLE,0.0
cat__City_STORMVILLE,0.0
cat__City_STONY CREEK,0.0
cat__Connection_Date_2013-02-08 00:00:00,0.0
cat__Connection_Date_2013-02-07 00:00:00,0.0
cat__Connection_Date_2013-02-05 00:00:00,0.0
cat__Connection_Date_2013-02-04 00:00:00,0.0
cat__Connection_Date_2013-02-01 00:00:00,0.0
cat__Connection_Date_2013-01-31 00:00:00,0.0
cat__Connection_Date_2013-01-28 00:00:00,0.0
cat__Connection_Date_2013-01-26 00:00:00,0.0
cat__Connection_Date_2013-01-25 00:00:00,0.0
cat__Connection_Date_2013-01-24 00:00:00,0.0
cat__Connection_Date_2013-01-23 00:00:00,0.0
cat__Connection_Date_2013-01-22 00:00:00,0.0
cat__City_Salisbury Mls,0.0
cat__City_Schuyler Falls,0.0
cat__City_Schenevus,0.0
cat__City_Savona,0.0
cat__City_Savannah,0.0
cat__City_Saranac,0.0
cat__City_Sangerfield,0.0
cat__City_Sands PT,0.0
cat__City_Sand lake,0.0
cat__City_Sand Lake,0.0
cat__City_Samsonvl,0.0
cat__City_Samsonville,0.0
cat__City_Saltaire,0.0
cat__City_Salt Pt,0.0
cat__Connection_Date_2013-02-11 00:00:00,0.0
cat__City_Shltr IS HT,0.0
cat__City_Sherburne,0.0
cat__City_Shenorock,0.0
cat__City_Shelter island,0.0
cat__City_Shelter Island Heights,0.0
cat__City_Shandaken,0.0
cat__City_Shady,0.0
cat__City_Seneca falls,0.0
cat__City_Seneca Falls,0.0
cat__City_Seneca,0.0
cat__City_Searingtown,0.0
cat__City_Scottsville,0.0
cat__City_Scipio center,0.0
cat__City_Scipio Center,0.0
cat__City_Sloastburg,0.0
cat__City_Slaterville springs,0.0
cat__City_Slaterville Springs,0.0
cat__City_Slaterville,0.0
cat__City_Slate Hill,0.0
cat__City_Silver springs,0.0
cat__City_Silver creek,0.0
cat__City_Silver Springs,0.0
cat__City_Silver Creek,0.0
cat__City_Sidney Center,0.0
cat__City_Sidney,0.0
cat__City_Shushan,0.0
cat__City_Shrub oak,0.0
cat__City_Shortsville,0.0
cat__City_Shokan,0.0
cat__City_South New Berlin,0.0
cat__City_South Kortright,0.0
cat__City_South Jamesport,0.0
cat__City_South Hempstead,0.0
cat__City_South Hampton,0.0
cat__City_South Floral Park,0.0
cat__City_South Farmingdale,0.0
cat__City_South Fallsburg,0.0
cat__City_South Dayton,0.0
cat__City_South Cairo,0.0
cat__City_Sodus Point,0.0
cat__City_Smithville Flats,0.0
cat__City_Smith'S Landing,0.0
cat__City_Smallwood,0.0
cat__City_Sparrow bush,0.0
cat__City_Sparrow Bush,0.0
cat__City_Spafford,0.0
cat__City_Southfield,0.0
cat__City_South wales,0.0
cat__City_South salem,0.0
cat__City_South plymouth,0.0
cat__City_South otselic,0.0
cat__City_South new berlin,0.0
cat__City_South kortright,0.0
cat__City_South dayton,0.0
cat__City_South Wales,0.0
cat__City_South Otselic,0.0
cat__City_South Nyack,0.0
cat__Connection_Date_2013-01-21 00:00:00,0.0
cat__Connection_Date_2013-01-20 00:00:00,0.0
cat__Connection_Date_2013-01-17 00:00:00,0.0
cat__Connection_Date_2013-01-16 00:00:00,0.0
cat__Connection_Date_2013-01-15 00:00:00,0.0
cat__Connection_Date_2013-01-14 00:00:00,0.0
cat__Connection_Date_2013-01-12 00:00:00,0.0
cat__Connection_Date_2013-01-11 00:00:00,0.0
cat__Connection_Date_2013-01-10 00:00:00,0.0
cat__Connection_Date_2013-01-09 00:00:00,0.0
cat__Connection_Date_2013-01-08 00:00:00,0.0
cat__Connection_Date_2013-01-07 00:00:00,0.0
cat__Connection_Date_2013-01-04 00:00:00,0.0
cat__Connection_Date_2013-01-03 00:00:00,0.0
cat__Connection_Date_2013-01-02 00:00:00,0.0
cat__Connection_Date_2013-01-01 00:00:00,0.0
cat__City_StaTen Island,0.0
cat__City_St Remy,0.0
cat__City_St James,0.0
cat__City_Springwater,0.0
cat__City_Springfield gardens,0.0
cat__City_Springfield center,0.0
cat__City_Springfield,0.0
cat__City_SpringField Gardens,0.0
cat__City_Spring Glen,0.0
cat__City_Speonk,0.0
cat__City_Spencertown,0.0
cat__City_Strykersville,0.0
cat__City_Stonybrook,0.0
cat__City_Stewart Manor,0.0
cat__City_Sterling Forest,0.0
cat__City_Stephentown,0.0
cat__City_Staten ISland,0.0
cat__City_Stanley,0.0
cat__City_Stamford,0.0
cat__City_THOUSAND ISL PARK,0.0
cat__City_THORNWOOD,0.0
cat__City_THOMPSON RIDGE,0.0
cat__City_THERESA,0.0
cat__City_THENDARA,0.0
cat__City_TALLMAN,0.0
cat__City_TABERG,0.0
cat__City_Swan Lake,0.0
cat__City_Swain,0.0
cat__City_Surprise,0.0
cat__City_Sundown,0.0
cat__City_Sugar loaf,0.0
cat__City_Sugar Loaf,0.0
cat__City_Tannersville,0.0
cat__City_Tallman,0.0
cat__City_Taghkanic,0.0
cat__City_TUXEDO,0.0
cat__City_TUPPER LAKE,0.0
cat__City_TUCKAHOE,0.0
cat__City_TRUXTON,0.0
cat__City_TRUMANSBURG,0.0
cat__City_TRIBES HILL,0.0
cat__City_TREADWELL,0.0
cat__City_TIVOLI,0.0
cat__City_THREE MILE BAY,0.0
cat__Connection_Date_2012-12-27 00:00:00,0.0
cat__Connection_Date_2012-12-24 00:00:00,0.0
cat__Connection_Date_2012-12-22 00:00:00,0.0
cat__Connection_Date_2012-12-21 00:00:00,0.0
cat__Connection_Date_2012-12-15 00:00:00,0.0
cat__Connection_Date_2012-12-14 00:00:00,0.0
cat__Connection_Date_2012-12-11 00:00:00,0.0
cat__City_Thompson Ridge,0.0
cat__City_Tannersvl,0.0
cat__City_UPPER JAY,0.0
cat__City_UPPER GRANDVIEW,0.0
cat__City_UNIONVILLE,0.0
cat__City_UNIONDALE,0.0
cat__City_UNION SPRINGS,0.0
cat__City_UNADILLA,0.0
cat__City_Tuxedo Park,0.0
cat__City_Tuxedo,0.0
cat__City_Tunnel,0.0
cat__City_Troy,0.0
cat__City_Troupsburg,0.0
cat__City_Troupsberg,0.0
cat__City_Treadwell,0.0
cat__City_Tillson,0.0
cat__Connection_Date_2012-12-31 00:00:00,0.0
cat__City_VAN ETTEN,0.0
cat__City_VAN BUREN POINT,0.0
cat__City_VALLEY STRM,0.0
cat__City_VALLEY FALLS,0.0
cat__City_VALHALLA,0.0
cat__City_Upper Nyack,0.0
cat__City_Upper Jay,0.0
cat__City_Upper Grandview,0.0
cat__City_Unionville,0.0
cat__City_Union springs,0.0
cat__City_Unadilla,0.0
cat__City_Ulster Park,0.0
cat__City_Ulster,0.0
cat__City_USHERS,0.0
cat__Connection_Date_2012-12-09 00:00:00,0.0
cat__Connection_Date_2012-12-07 00:00:00,0.0
cat__Connection_Date_2012-12-04 00:00:00,0.0
cat__Connection_Date_2012-12-03 00:00:00,0.0
cat__Connection_Date_2012-12-01 00:00:00,0.0
cat__Connection_Date_2012-11-29 00:00:00,0.0
cat__Connection_Date_2012-11-28 00:00:00,0.0
cat__Connection_Date_2012-11-27 00:00:00,0.0
cat__Connection_Date_2012-11-26 00:00:00,0.0
cat__Connection_Date_2012-11-24 00:00:00,0.0
cat__Connection_Date_2012-11-21 00:00:00,0.0
cat__Connection_Date_2012-11-20 00:00:00,0.0
cat__City_VERNON CENTER,0.0
cat__City_VERMONTVILLE,0.0
cat__City_Van etten,0.0
cat__City_Van Etten,0.0
cat__City_Valois,0.0
cat__City_Valley stream,0.0
cat__City_Valatie,0.0
cat__City_Vails Gate,0.0
cat__City_VaLLey Stream,0.0
cat__City_VICTORY MILLS,0.0
cat__City_VICTOR,0.0
cat__City_VERSAILLES,0.0
cat__City_VERPLANCK,0.0
cat__City_VERONA BEACH,0.0
cat__City_VERONA,0.0
cat__Connection_Date_2012-12-10 00:00:00,0.0
cat__City_WADDINGTON,0.0
cat__City_WACCABUC,0.0
cat__City_W Shokan,0.0
cat__City_W SAYVILLE,0.0
cat__City_W Park,0.0
cat__City_W Kill,0.0
cat__City_W Hurley,0.0
cat__City_W Hempstead,0.0
cat__City_W GILGO BCH,0.0
cat__City_W Camp,0.0
cat__City_Vestal,0.0
cat__City_Verbank,0.0
cat__City_Varysburg,0.0
cat__City_WARSAW,0.0
cat__City_WARNERS,0.0
cat__City_WANAKENA,0.0
cat__City_WAMPSVILLE,0.0
cat__City_WALWORTH,0.0
cat__City_WALTON,0.0
cat__City_WALKER VALLEY,0.0
cat__City_WALDEN,0.0
cat__City_WADSWORTH,0.0
cat__City_WADHAMS,0.0
cat__City_WELLSVILLE,0.0
cat__City_WELLSBURG,0.0
cat__City_WELLS,0.0
cat__City_WELLESLEY ISLAND,0.0
cat__City_WEEDSPORT,0.0
cat__City_WEBSTER,0.0
cat__City_WAYNE,0.0
cat__City_WAYLAND,0.0
cat__City_WAVERLY,0.0
cat__City_WATKINS GLEN,0.0
cat__City_WATERVLIET,0.0
cat__City_WATERVILLE,0.0
cat__City_WATERPORT,0.0
cat__City_WATERLOO,0.0
cat__City_WASSAIC,0.0
cat__City_WEST STOCKHOLM,0.0
cat__City_WEST SENECA,0.0
cat__City_WEST SAND LAKE,0.0
cat__City_WEST ONEONTA,0.0
cat__City_WEST MONROE,0.0
cat__City_WEST LEYDEN,0.0
cat__City_WEST HENRIETTA,0.0
cat__City_WEST HARRISON,0.0
cat__City_WEST FULTON,0.0
cat__City_WEST FALLS,0.0
cat__City_WEST CHAZY,0.0
cat__City_WEST BERNE,0.0
cat__City_WEST ALBANY,0.0
cat__City_WESLEY HILLS,0.0
cat__City_WHITE CREEK,0.0
cat__City_WHEATLY HTS,0.0
cat__City_WHEATFIELD,0.0
cat__City_WEVERTOWN,0.0
cat__City_WESTTOWN,0.0
cat__City_WESTPORT,0.0
cat__City_WESTMORELAND,0.0
cat__City_WESTHAMPTON,0.0
cat__City_WESTFORD,0.0
cat__City_WESTFIELD,0.0
cat__City_WESTERNVILLE,0.0
cat__City_WESTERLO,0.0
cat__City_WESTDALE,0.0
cat__City_WESTBROOKVILLE,0.0
cat__City_WEST VALLEY,0.0
cat__City_WINDHAM,0.0
cat__City_WILTON,0.0
cat__City_WILSON,0.0
cat__City_WILMINGTON,0.0
cat__City_WILLSEYVILLE,0.0
cat__City_WILLSBORO,0.0
cat__City_WILLIAMSTOWN,0.0
cat__City_WILLIAMSON,0.0
cat__City_WHITNEY POINT,0.0
cat__City_WHITESBORO,0.0
cat__City_WHITEHALL,0.0
cat__City_WHITE SULPHUR SPRINGS,0.0
cat__City_WHITE LAKE,0.0
cat__City_WOODVILLE,0.0
cat__City_WOODSIDE,0.0
cat__City_WOODRIDGE,0.0
cat__City_WOODHULL,0.0
cat__City_WOODHAVEN,0.0
cat__City_WOODGATE,0.0
cat__City_WOODBOURNE,0.0
cat__City_WOLCOTT,0.0
cat__City_WINTHROP,0.0
cat__City_WINTERTON,0.0
cat__City_WINGDALE,0.0
cat__City_WINDSOR,0.0
cat__Connection_Date_2012-11-16 00:00:00,0.0
cat__Connection_Date_2012-11-15 00:00:00,0.0
cat__Connection_Date_2012-11-14 00:00:00,0.0
cat__Connection_Date_2012-11-13 00:00:00,0.0
cat__Connection_Date_2012-11-12 00:00:00,0.0
cat__Connection_Date_2012-11-09 00:00:00,0.0
cat__Connection_Date_2012-11-08 00:00:00,0.0
cat__Connection_Date_2012-11-07 00:00:00,0.0
cat__Connection_Date_2012-11-05 00:00:00,0.0
cat__Connection_Date_2012-11-01 00:00:00,0.0
cat__Connection_Date_2012-10-31 00:00:00,0.0
cat__Connection_Date_2012-10-30 00:00:00,0.0
cat__Connection_Date_2012-10-29 00:00:00,0.0
cat__Connection_Date_2012-10-26 00:00:00,0.0
cat__Connection_Date_2012-10-25 00:00:00,0.0
cat__City_Washingtonvle,0.0
cat__City_Warsaw,0.0
cat__City_Warners,0.0
cat__City_Wappingers Fall,0.0
cat__City_Wappinger,0.0
cat__City_Wales Center,0.0
cat__City_Walden,0.0
cat__City_Wainscott,0.0
cat__City_Waccabuc,0.0
cat__City_WYOMING,0.0
cat__Connection_Date_2012-11-19 00:00:00,0.0
cat__City_West HAverstraw,0.0
cat__City_West Falls,0.0
cat__City_West Edmeston,0.0
cat__City_West Chazy,0.0
cat__City_West Camp,0.0
cat__City_Wesley Hills,0.0
cat__City_Wellsburg,0.0
cat__City_Wayland,0.0
cat__City_Watkins glen,0.0
cat__City_Watkins Glen,0.0
cat__City_Watermill,0.0
cat__City_Water Will,0.0
cat__City_Water Mille,0.0
cat__City_Wassaic,0.0
cat__City_West chazy,0.0
cat__City_West babylon,0.0
cat__City_West Winfield,0.0
cat__City_West Shokan,0.0
cat__City_West Seneca,0.0
cat__City_West Sayville,0.0
cat__City_West Sand Lake,0.0
cat__City_West Oneonta,0.0
cat__City_West Lido Beach,0.0
cat__City_West Lebanon,0.0
cat__City_West Kill,0.0
cat__City_West Hempstead,0.0
cat__City_West Haverstraw,0.0
cat__Connection_Date_2012-10-23 00:00:00,0.0
cat__Connection_Date_2012-10-22 00:00:00,0.0
cat__Connection_Date_2012-10-19 00:00:00,0.0
cat__Connection_Date_2012-10-18 00:00:00,0.0
cat__Connection_Date_2012-10-17 00:00:00,0.0
cat__Connection_Date_2012-10-16 00:00:00,0.0
cat__Connection_Date_2012-10-15 00:00:00,0.0
cat__Connection_Date_2012-10-14 00:00:00,0.0
cat__Connection_Date_2012-10-10 00:00:00,0.0
cat__Connection_Date_2012-10-09 00:00:00,0.0
cat__Connection_Date_2012-10-08 00:00:00,0.0
cat__City_West lebanon,0.0
cat__City_West henrietta,0.0
cat__City_West falls,0.0
cat__City_Whitehall,0.0
cat__City_White plains,0.0
cat__City_White Sulphur Springs,0.0
cat__City_White Lake,0.0
cat__City_Whiney Point,0.0
cat__City_Wheatly Hts,0.0
cat__City_Wheatley Heights,0.0
cat__City_Westtown,0.0
cat__City_Westkill,0.0
cat__City_Westbrookville,0.0
cat__City_West winfield,0.0
cat__City_West seneca,0.0
cat__City_West sand lake,0.0
cat__City_Wingdale,0.0
cat__City_Windsor,0.0
cat__City_Wilseyville,0.0
cat__City_Wilsboro,0.0
cat__City_Wilmington,0.0
cat__City_Willsboro,0.0
cat__City_Willow,0.0
cat__City_Willistn PK,0.0
cat__City_Williamsville,0.0
cat__City_Whitney point,0.0
cat__City_Whitestone,0.0
cat__City_Yankee Lake,0.0
cat__City_YULAN,0.0
cat__City_YOUNGSVILLE,0.0
cat__City_YORKVILLE,0.0
cat__City_YORK,0.0
cat__City_YAPHANK,0.0
cat__City_YANKEE LAKE,0.0
cat__City_Wyoming,0.0
cat__City_Wurtsboro,0.0
cat__City_Wurstboro,0.0
cat__City_Woodridge,0.0
cat__City_Woodbourne,0.0
cat__City_deer park,0.0
cat__City_coram,0.0
cat__City_congers,0.0
cat__City_cambria heights,0.0
cat__City_briarcliff Manor,0.0
cat__City_brentwood,0.0
cat__City_bohemia,0.0
cat__City_bellmore,0.0
cat__City_baldwin,0.0
cat__City_amagansett,0.0
cat__City_Youngsville,0.0
cat__City_Yorktown heights,0.0
cat__City_Yorktown,0.0
cat__City_Yoktown heights,0.0
cat__City_long beach,0.0
cat__City_lindenhurst,0.0
cat__City_levittown,0.0
cat__City_lake ronkonkoma,0.0
cat__City_lake Grove,0.0
cat__City_kings park,0.0
cat__City_jamaica,0.0
cat__City_hilton,0.0
cat__City_highland Mills,0.0
cat__City_hauppauge,0.0
cat__City_far rockaway,0.0
cat__City_elmont,0.0
cat__City_elmhurst,0.0
cat__City_east hampton,0.0
cat__City_dix Hills,0.0
cat__City_shelter island,0.0
cat__City_setauket,0.0
cat__City_selden,0.0
cat__City_sagaponack,0.0
cat__City_rocky point,0.0
cat__City_ridge,0.0
cat__City_remsenberg,0.0
cat__City_pomona,0.0
cat__City_oyster bay cove,0.0
cat__City_oceanside,0.0
cat__City_north babylon,0.0
cat__City_new hyde park,0.0
cat__City_morris,0.0
cat__City_monroe,0.0
cat__City_mineola,0.0
cat__City_merrick,0.0
cat__Connection_Date_2012-10-01 00:00:00,0.0
cat__Connection_Date_2012-09-28 00:00:00,0.0
cat__Connection_Date_2012-09-27 00:00:00,0.0
cat__Connection_Date_2012-09-26 00:00:00,0.0
cat__Connection_Date_2012-09-25 00:00:00,0.0
cat__Connection_Date_2012-09-24 00:00:00,0.0
cat__Connection_Date_2012-09-21 00:00:00,0.0
cat__Connection_Date_2012-09-20 00:00:00,0.0
cat__Connection_Date_2012-09-19 00:00:00,0.0
cat__Connection_Date_2012-09-18 00:00:00,0.0
cat__Connection_Date_2012-09-17 00:00:00,0.0
cat__Connection_Date_2012-09-14 00:00:00,0.0
cat__Connection_Date_2012-09-13 00:00:00,0.0
cat__Connection_Date_2012-09-12 00:00:00,0.0
cat__City_spring valley,0.0
cat__City_slate Hill,0.0
cat__Connection_Date_2012-08-29 00:00:00,0.0
cat__Connection_Date_2012-08-27 00:00:00,0.0
cat__Connection_Date_2012-08-24 00:00:00,0.0
cat__Connection_Date_2012-08-23 00:00:00,0.0
cat__Connection_Date_2012-08-22 00:00:00,0.0
cat__City_yonkers,0.0
cat__City_white plains,0.0
cat__City_west babylon,0.0
cat__City_w hempstead,0.0
cat__City_valley stream,0.0
cat__City_uniondale,0.0
cat__City_staten Island,0.0
cat__Connection_Date_2012-10-03 00:00:00,0.0
cat__Connection_Date_2012-10-02 00:00:00,0.0
cat__Connection_Date_2012-08-13 00:00:00,0.0
cat__Connection_Date_2012-08-07 00:00:00,0.0
cat__Connection_Date_2012-08-06 00:00:00,0.0
cat__Connection_Date_2012-08-02 00:00:00,0.0
cat__County_Hamilton,0.0
cat__Connection_Date_2012-09-11 00:00:00,0.0
cat__Connection_Date_2012-09-10 00:00:00,0.0
cat__Connection_Date_2012-09-07 00:00:00,0.0
cat__Connection_Date_2012-09-05 00:00:00,0.0
cat__Connection_Date_2012-09-02 00:00:00,0.0
cat__Connection_Date_2012-08-31 00:00:00,0.0
cat__Connection_Date_2012-08-30 00:00:00,0.0
cat__Connection_Date_2012-07-25 00:00:00,0.0
cat__Connection_Date_2012-07-24 00:00:00,0.0
cat__Connection_Date_2012-07-20 00:00:00,0.0
cat__Connection_Date_2012-07-18 00:00:00,0.0
cat__Connection_Date_2012-07-17 00:00:00,0.0
cat__Connection_Date_2012-07-16 00:00:00,0.0
cat__Connection_Date_2012-07-14 00:00:00,0.0
cat__Connection_Date_2012-07-13 00:00:00,0.0
cat__Connection_Date_2012-08-19 00:00:00,0.0
cat__Connection_Date_2012-08-18 00:00:00,0.0
cat__Connection_Date_2012-08-17 00:00:00,0.0
cat__Connection_Date_2012-07-05 00:00:00,0.0
cat__Connection_Date_2012-07-04 00:00:00,0.0
cat__Connection_Date_2012-07-03 00:00:00,0.0
cat__Connection_Date_2012-06-28 00:00:00,0.0
cat__Connection_Date_2012-06-27 00:00:00,0.0
cat__Connection_Date_2012-06-26 00:00:00,0.0
cat__Connection_Date_2012-06-25 00:00:00,0.0
cat__Connection_Date_2012-06-23 00:00:00,0.0
cat__Connection_Date_2012-06-22 00:00:00,0.0
cat__Connection_Date_2012-06-21 00:00:00,0.0
cat__Connection_Date_2012-06-20 00:00:00,0.0
cat__Connection_Date_2012-07-31 00:00:00,0.0
cat__Connection_Date_2012-07-30 00:00:00,0.0
cat__Connection_Date_2012-07-27 00:00:00,0.0
cat__Connection_Date_2012-06-11 00:00:00,0.0
cat__Connection_Date_2012-06-09 00:00:00,0.0
cat__Connection_Date_2012-06-08 00:00:00,0.0
cat__Connection_Date_2012-06-06 00:00:00,0.0
cat__Connection_Date_2012-06-05 00:00:00,0.0
cat__Connection_Date_2012-06-04 00:00:00,0.0
cat__Connection_Date_2012-06-01 00:00:00,0.0
cat__Connection_Date_2012-05-30 00:00:00,0.0
cat__Connection_Date_2012-07-10 00:00:00,0.0
cat__Connection_Date_2012-07-09 00:00:00,0.0
cat__Connection_Date_2012-07-06 00:00:00,0.0
cat__Division_016-Pulaski,0.0
cat__Division_014-Fulton/Volney,0.0
cat__Division_013-Watertown,0.0
cat__Division_010-Olean,0.0
cat__Division_008-Dunkirk/Fredoni,0.0
cat__Division_007-Angola,0.0
cat__Connection_Date_2012-06-19 00:00:00,0.0
cat__Connection_Date_2012-06-14 00:00:00,0.0
cat__Connection_Date_2012-06-12 00:00:00,0.0
cat__Connection_Date_2012-05-24 00:00:00,0.0
cat__Connection_Date_2012-05-23 00:00:00,0.0
cat__Connection_Date_2012-05-22 00:00:00,0.0
cat__Connection_Date_2012-05-19 00:00:00,0.0
cat__Connection_Date_2012-05-16 00:00:00,0.0
cat__Connection_Date_2012-05-14 00:00:00,0.0
cat__Connection_Date_2012-05-11 00:00:00,0.0
cat__Connection_Date_2012-05-10 00:00:00,0.0
cat__Connection_Date_2012-05-08 00:00:00,0.0
cat__Division_022-Carthage,0.0
cat__Division_019-Herkimer,0.0
cat__Division_018-Rome,0.0
cat__Connection_Date_2012-04-25 00:00:00,0.0
cat__Connection_Date_2012-04-24 00:00:00,0.0
cat__Connection_Date_2012-04-23 00:00:00,0.0
cat__Connection_Date_2012-04-21 00:00:00,0.0
cat__Connection_Date_2012-04-19 00:00:00,0.0
cat__Connection_Date_2012-04-18 00:00:00,0.0
cat__Division_029-Gouvernur,0.0
cat__Division_028-Ogdensburg,0.0
cat__Division_027-Malone,0.0
cat__Division_025-Potsdam,0.0
cat__Division_024-Saranac Lake,0.0
cat__Division_024 - Saranac Lake,0.0
cat__Connection_Date_2012-05-29 00:00:00,0.0
cat__Connection_Date_2012-05-25 00:00:00,0.0
cat__Connection_Date_2012-04-02 00:00:00,0.0
cat__Connection_Date_2012-03-30 00:00:00,0.0
cat__Connection_Date_2012-03-29 00:00:00,0.0
cat__Connection_Date_2012-05-07 00:00:00,0.0
cat__Connection_Date_2012-05-05 00:00:00,0.0
cat__Connection_Date_2012-05-04 00:00:00,0.0
cat__Connection_Date_2012-05-02 00:00:00,0.0
cat__Connection_Date_2012-05-01 00:00:00,0.0
cat__Connection_Date_2012-04-30 00:00:00,0.0
cat__Connection_Date_2012-04-27 00:00:00,0.0
cat__Connection_Date_2012-03-19 00:00:00,0.0
cat__Connection_Date_2012-03-16 00:00:00,0.0
cat__Connection_Date_2012-03-15 00:00:00,0.0
cat__Connection_Date_2012-03-14 00:00:00,0.0
cat__Connection_Date_2012-03-09 00:00:00,0.0
cat__Connection_Date_2012-03-07 00:00:00,0.0
cat__Connection_Date_2012-03-06 00:00:00,0.0
cat__Division_EAST,0.0
cat__Division_041-Ticonderoga,0.0
cat__Connection_Date_2012-04-17 00:00:00,0.0
cat__Connection_Date_2012-04-13 00:00:00,0.0
cat__Connection_Date_2012-04-12 00:00:00,0.0
cat__Connection_Date_2012-04-09 00:00:00,0.0
cat__Connection_Date_2012-04-05 00:00:00,0.0
cat__Connection_Date_2012-04-03 00:00:00,0.0
cat__Substation_0001RO0385-119 Leighton Ave,0.0
cat__Substation_0001RO0374-119 Leighton Ave,0.0
cat__Substation_0001RO0373-119 Leighton Ave,0.0
cat__Substation_0001RO0339-119 Leighton Ave,0.0
cat__Substation_0001RO0305-119 Leighton Ave,0.0
cat__Connection_Date_2012-03-27 00:00:00,0.0
cat__Connection_Date_2012-03-26 00:00:00,0.0
cat__Connection_Date_2012-03-23 00:00:00,0.0
cat__Connection_Date_2012-03-21 00:00:00,0.0
cat__Connection_Date_2012-03-20 00:00:00,0.0
cat__Substation_0019RO2209-315 Goodman St N,0.0
cat__Substation_0018RO0486-312 Hague ST,0.0
cat__Substation_0017RO2517-722 Jefferson Ave,0.0
cat__Substation_0017RO0360-722 Jefferson Ave,0.0
cat__Substation_0016RO0499-455 Wilkins St,0.0
cat__Substation_0016RO0498-455 Wilkins St,0.0
cat__Substation_0015RO2117-3 From Place,0.0
cat__Substation_0015RO2116-3 From Place,0.0
cat__Substation_0014RO2114-736 Clinton AVE S,0.0
cat__Substation_0014RO2112-736 Clinton AVE S,0.0
cat__Substation_0014RO0437-736 Clinton AVE S,0.0
cat__Substation_0014RO0436-736 Clinton AVE S,0.0
cat__Substation_0006RO0384-79 South Ave,0.0
cat__Substation_0006RO0331-77 South Ave,0.0
cat__Substation_0001RO2144-119 Leighton Ave,0.0
cat__Substation_0037RO0359-15 MT READ BLVD,0.0
cat__Substation_0037RO0294-15 MT READ BLVD,0.0
cat__Substation_0036RO2533-4554 Lake Ave,0.0
cat__Substation_0036RO0483-4554 Lake Ave,0.0
cat__Substation_0036RO0354-4554 Lake Ave,0.0
cat__Substation_0035RO0335-30 Litchfield ST,0.0
cat__Substation_0033RO0588-410 Elmwood Ave,0.0
cat__Substation_0033RO0378-410 Elmwood Ave,0.0
cat__Substation_0033RO0363-410 Elmwood Ave,0.0
cat__Substation_0033RO0291-410 Elmwood Ave,0.0
cat__Substation_0029RO2560-298 Lake Ave,0.0
cat__Substation_0029RO0451-298 Lake Ave,0.0
cat__Substation_0023RO0614-228 State Street,0.0
cat__Substation_0022RO2547-421 Genesee Pk BLVD,0.0
cat__Substation_0022RO0425-421 Genesee Pk BLVD,0.0
cat__Substation_0041RO0465-1765 Monroe Ave,0.0
cat__Substation_0041RO0431-1765 Monroe Ave,0.0
cat__Substation_0040RO2223-1927 Ridge RD E,0.0
cat__Substation_0040RO0429-1927 Ridge RD E,0.0
cat__Substation_0040RO0428-1927 Ridge RD E,0.0
cat__Substation_0040RO0386-1927 Ridge RD E,0.0
cat__Substation_0040RO0376-1927 Ridge RD E,0.0
cat__Substation_0039RO0292-39 Boxart ST,0.0
cat__Substation_0039RO0266-39 Boxart ST,0.0
cat__Substation_0038RO0591-60 Swan St,0.0
cat__Substation_0038RO0389-60 Swan ST,0.0
cat__Substation_0038RO0367-60 Swan ST,0.0
cat__Substation_0038RO0308-60 Swan ST,0.0
cat__Substation_0037RO0372-15 MT READ BLVD,0.0
cat__Substation_0043RO2105-101 Wyand Cres,0.0
cat__Substation_0043RO2104-101 Wyand Cres,0.0
cat__Substation_0043RO0470-101 Wyand Cres,0.0
cat__Substation_0043RO0464-101 Wyand Cres,0.0
cat__Substation_0043RO0462-101 Wyand Cres,0.0
cat__Substation_0043RO0444-101 Wyand Cres,0.0
cat__Substation_0042RO2196-25 Yarmouth RD,0.0
cat__Substation_0042RO2195-25 Yarmouth RD,0.0
cat__Substation_0042RO2194-25 Yarmouth RD,0.0
cat__Substation_0042RO0478-25 Yarmouth RD,0.0
cat__Substation_0042RO0477-25 Yarmouth RD,0.0
cat__Substation_0042RO0299-25 Yarmouth RD,0.0
cat__Substation_0042RO0280-25 Yarmouth RD,0.0
cat__Substation_0041RO0474-1765 Monroe Ave,0.0
cat__Substation_0041RO0473-1765 Monroe Ave,0.0
cat__Substation_0049RO0466-1278 Goodman ST N,0.0
cat__Substation_0049RO0442-1278 Goodman ST N,0.0
cat__Substation_0049RO0408-1278 Goodman ST N,0.0
cat__Substation_0049RO0271-1278 Goodman ST N,0.0
cat__Substation_0049RO0270-1278 Goodman ST N,0.0
cat__Substation_0048RO0586-853 Lexington Ave,0.0
cat__Substation_0048RO0456-853 Lexington Ave,0.0
cat__Substation_0047RO0290-582 Lyell Ave,0.0
cat__Substation_0047RO0265-582 Lyell Ave,0.0
cat__Substation_0046RO2548-786 Ridge RD W,0.0
cat__Substation_0046RO2508-786 Ridge RD W,0.0
cat__Substation_0046RO2507-786 Ridge RD W,0.0
cat__Substation_0046RO0261-786 Ridge RD W,0.0
cat__Substation_0045RO2173-266 south AVE,0.0
cat__Substation_0045RO2172-266 south AVE,0.0
cat__Substation_0045RO2171-266 south AVE,0.0
cat__Connection_Date_2012-03-02 00:00:00,0.0
cat__Connection_Date_2012-03-01 00:00:00,0.0
cat__Connection_Date_2012-02-27 00:00:00,0.0
cat__Connection_Date_2012-02-24 00:00:00,0.0
cat__Connection_Date_2012-02-22 00:00:00,0.0
cat__Connection_Date_2012-02-21 00:00:00,0.0
cat__Connection_Date_2012-02-17 00:00:00,0.0
cat__Connection_Date_2012-02-16 00:00:00,0.0
cat__Connection_Date_2012-02-15 00:00:00,0.0
cat__Connection_Date_2012-02-14 00:00:00,0.0
cat__Connection_Date_2012-02-13 00:00:00,0.0
cat__Substation_0049RO0493-1278 Goodman ST N,0.0
cat__Substation_0056RO5315-170 W Jefferson RD,0.0
cat__Substation_0056RO5180-168 W Jefferson RD,0.0
cat__Substation_0056RO5179-168 W Jefferson RD,0.0
cat__Substation_0055RO5240-2075 Empire BLVD,0.0
cat__Substation_0055RO5239-2075 Empire BLVD,0.0
cat__Substation_0055RO5212-2075 Empire BLVD,0.0
cat__Substation_0053RO0268-217 Pittsfird-Mendon RD,0.0
cat__Substation_0053RO0267-217 Pittsfird-Mendon RD,0.0
cat__Substation_0051RO0460-40 Topper DR,0.0
cat__Substation_0051RO0445-40 Topper DR,0.0
cat__Substation_0050RO0284-33 Canterbury RD,0.0
cat__Substation_0050RO0283-33 Canterbury RD,0.0
cat__Substation_0050RO0282-33 Canterbury RD,0.0
cat__Substation_0050RO0264-33 Canterbury RD,0.0
cat__Substation_0050RO0263-33 Canterbury RD,0.0
cat__Substation_0068RO0417-19 Grange PL,0.0
cat__Substation_0067RO5176-300 Fisher RD,0.0
cat__Substation_0067RO5175-300 Fisher RD,0.0
cat__Substation_0066RO0488-646 East Henrietta RD,0.0
cat__Substation_0066RO0487-646 East Henrietta RD,0.0
cat__Substation_0065RO2528-1286 Long Pone RD,0.0
cat__Substation_0065RO0411-1286 Long Pone RD,0.0
cat__Substation_0064RO0480-379 Trabold RD,0.0
cat__Substation_0063RO2543-1473 Chili AVE,0.0
cat__Substation_0062RO0468-125 Washington ST N,0.0
cat__Substation_0062RO0383-125 Washington ST N,0.0
cat__Substation_0062RO0380-125 Washington ST N,0.0
cat__Substation_0060RO0494-925 County Line RD,0.0
cat__Substation_0058RO0459-1910 Five Mile line RD,0.0
cat__Substation_0058RO0415-1910 Five Mile line RD,0.0
cat__Substation_0073RO0414-891 Klem RD,0.0
cat__Substation_0072RO2505-1065 Denise RD,0.0
cat__Substation_0072RO0440-1065 Denise RD,0.0
cat__Substation_0072RO0438-1065 Denise RD,0.0
cat__Substation_0071RO5130-852 Manitou RD,0.0
cat__Substation_0071RO5109-852 Manitou RD,0.0
cat__Substation_0070RO5235-1694 Manitou RD,0.0
cat__Substation_0070RO5193-1694 Manitou RD,0.0
cat__Substation_0070RO5132-1694 Manitou RD,0.0
cat__Substation_0070RO5131-1694 Manitou RD,0.0
cat__Substation_0069RO5160-512 Long Pond RD,0.0
cat__Substation_0069RO5158-512 Long Pond RD,0.0
cat__Substation_0068RO2157-19 Grange PL,0.0
cat__Substation_0068RO0491-19 Grange PL,0.0
cat__Substation_0068RO0490-19 Grange PL,0.0
cat__Substation_0083RO2178-20 Havens RD,0.0
cat__Substation_0082RO5234-1436 Brighton-Henretta TL RD,0.0
cat__Substation_0082RO5232-1436 Brighton-Henretta TL RD,0.0
cat__Substation_0082RO5170-1436 Brighton-Henretta TL RD,0.0
cat__Substation_0082RO5169-1436 Brighton-Henretta TL RD,0.0
cat__Substation_0081RO2165-2254 Goodman St N,0.0
cat__Substation_0081RO2164-2254 Goodman St N,0.0
cat__Substation_0081RO2159-2254 Goodman St N,0.0
cat__Substation_0076RO2119-75 Monroe Ave,0.0
cat__Substation_0076RO2102-75 Monroe Ave,0.0
cat__Substation_0076RO2101-75 Monroe Ave,0.0
cat__Substation_0075RO2199-365 Clay RD,0.0
cat__Substation_0074RO0422-Phillips RD,0.0
cat__Substation_0074RO0421-Phillips RD,0.0
cat__Substation_0073RO0419-891 Klem RD,0.0
cat__Substation_0073RO0418-891 Klem RD,0.0
cat__Substation_0089RO2216-3091 Winton Rd S,0.0
cat__Substation_0089RO2215-3091 Winton Rd S,0.0
cat__Substation_0089RO2123-3091 Winton Rd S,0.0
cat__Substation_0089RO2121-3091 Winton Rd S,0.0
cat__Substation_0088RO2221-718 Washington Ave,0.0
cat__Substation_0088RO2219-718 Washington Ave,0.0
cat__Substation_0086RO2525-448 Lee RD,0.0
cat__Substation_0086RO2510-448 Lee RD,0.0
cat__Substation_0085RO2228-1600 Penfield Dugway,0.0
cat__Substation_0085RO2111-1600 Penfield Dugway,0.0
cat__Substation_0085RO2110-1600 Penfield Dugway,0.0
cat__Substation_0084RO2126-Linden AVE,0.0
cat__Substation_0084RO2125-Linden AVE,0.0
cat__Substation_0084RO2124-Linden AVE,0.0
cat__Substation_0083RO2239-20 Havens RD,0.0
cat__Substation_0083RO2238-20 Havens RD,0.0
cat__Substation_0093RO5255-580 Shorecliff DR,0.0
cat__Substation_0093RO2531-580 Shorecliff DR,0.0
cat__Substation_0093RO2530-580 Shorecliff DR,0.0
cat__Substation_0092RO2167-OFF 831 Dewitt RD,0.0
cat__Substation_0092RO2166-OFF 831 Dewitt RD,0.0
cat__Substation_0091RO2152-2259 Clover St,0.0
cat__Substation_0091RO2151-2259 Clover St,0.0
cat__Substation_0091RO2149-2259 Clover St,0.0
cat__Substation_0091RO2147-2259 Clover St,0.0
cat__Substation_0090RO2139-570 Klem RD,0.0
cat__Substation_0090RO2138-570 Klem RD,0.0
cat__Substation_0090RO2137-570 Klem RD,0.0
cat__Substation_0089RO5220-3091 Winton Rd S,0.0
cat__Substation_0089RO5219-3091 Winton Rd S,0.0
cat__Substation_0101RO2550-45 Olean ST,0.0
cat__Substation_0101RO2549-45 Olean ST,0.0
cat__Substation_0100RO2202-215 Clay RD,0.0
cat__Substation_0097RO2193-25 Seneca Park AVE,0.0
cat__Substation_0097RO2192-25 Seneca Park AVE,0.0
cat__Substation_0097RO2191-25 Seneca Park AVE,0.0
cat__Substation_0096RO2189-2530 Norton ST,0.0
cat__Substation_0096RO2188-2530 Norton ST,0.0
cat__Substation_0096RO2187-2530 Norton ST,0.0
cat__Substation_0096RO2186-2530 Norton ST,0.0
cat__Substation_0095RO0399-26 Glenwood AVE,0.0
cat__Substation_0095RO0346-26 Glenwood AVE,0.0
cat__Substation_0095RO0326-26 Glenwood AVE,0.0
cat__Substation_0095RO0321-26 Glenwood AVE,0.0
cat__Substation_0095RO0316-26 Glenwood AVE,0.0
cat__Substation_0109RO5196-748 Plank RD,0.0
cat__Substation_0109RO5136-748 Plank RD,0.0
cat__Substation_0109RO5135-748 Plank RD,0.0
cat__Substation_0106RO5167-251 Mendon Center RD,0.0
cat__Substation_0106RO5166-251 Mendon Center RD,0.0
cat__Substation_0104RO5288-3340 Chili AVE,0.0
cat__Substation_0104RO5156-3340 Chili AVE,0.0
cat__Substation_0103RO2233-555 Ridge RD E,0.0
cat__Substation_0103RO2232-555 Ridge RD E,0.0
cat__Substation_0103RO2213-555 Ridge RD E,0.0
cat__Substation_0103RO2211-555 Ridge RD E,0.0
cat__Substation_0102RO2540-151 Ling RD,0.0
cat__Substation_0102RO2537-151 Ling RD,0.0
cat__Substation_0117RO2131-80 Marsh RD,0.0
cat__Substation_0117RO2130-80 Marsh RD,0.0
cat__Substation_0114RO2520-1051 Howard RD,0.0
cat__Substation_0114RO2519-1051 Howard RD,0.0
cat__Substation_0113RO5101-2670 Union ST,0.0
cat__Substation_0112RO2536-3738 MT Read BLVD,0.0
cat__Substation_0112RO2534-3738 MT Read BLVD,0.0
cat__Substation_0112RO2522-3738 MT Read BLVD,0.0
cat__Substation_0111RO5299-25 Park Rd,0.0
cat__Substation_0111RO5298-25 Park Rd,0.0
cat__Substation_0111RO5297-25 Park Rd,0.0
cat__Substation_0110RO2169-2162 Lehigh Stat RD,0.0
cat__Substation_0110RO2168-2162 Lehigh Stat RD,0.0
cat__Substation_0132LS5241-Dean Parkway,0.0
cat__Substation_0127CF5231-961 Hook RD,0.0
cat__Substation_0127CF5229-961 Hook RD,0.0
cat__Substation_0126RO5225-2097 Ridgeway RD,0.0
cat__Substation_0125CF5250-7626 Pittsford Victor RD,0.0
cat__Substation_0125CF5182-7626 Pittsford Victor RD,0.0
cat__Substation_0124RO5247-1580 Harris RD,0.0
cat__Substation_0124RO5173-1580 Harris RD,0.0
cat__Substation_0124RO5128-1580 Harris RD,0.0
cat__Substation_0124RO5127-1580 Harris RD,0.0
cat__Substation_0120RO5211-782 Route 31,0.0
cat__Substation_0118RO2128-1200 Lehigh STA RD,0.0
cat__Substation_0117RO5188-80 Marsh RD,0.0
cat__Substation_0117RO5187-80 Marsh RD,0.0
cat__Substation_0148CF2901-Main ST N,0.0
cat__Substation_0146CF5141-5441 Route 64 S,0.0
cat__Substation_0146CF5139-5441 Route 64 S,0.0
cat__Substation_0145CF5144-Oakmont Rd,0.0
cat__Substation_0145CF5143-Oakmont Rd,0.0
cat__Substation_0144CF2913-Middle Cheshire RD,0.0
cat__Substation_0144CF2912-Middle Cheshire RD,0.0
cat__Substation_0143CF5146-Monks RD W of Seneca Pt RD,0.0
cat__Substation_0142CF5192-4580 County House RD,0.0
cat__Substation_0142CF5191-4580 County House RD,0.0
cat__Substation_0142CF5149-4580 County House RD,0.0
cat__Substation_0136RO5296-Picture Parkway,0.0
cat__Substation_0136RO5295-Picture Parkway,0.0
cat__Substation_0136RO5294-Picture Parkway,0.0
cat__Substation_0167GV1211-Big Tree RD,0.0
cat__Substation_0163GV1241-County RD 46,0.0
cat__Substation_0163GV1216-County RD 46,0.0
cat__Substation_0156CF0257-S Water ST AT LVRR,0.0
cat__Substation_0156CF0255-S Water ST AT LVRR,0.0
cat__Substation_0155CF0260-Green ST,0.0
cat__Substation_0154CF5261-Holcomb & Dryer RDS,0.0
cat__Substation_0154CF0392-Holcomb & Dryer RDS,0.0
cat__Substation_0154CF0391-Holcomb & Dryer RDS,0.0
cat__Substation_0153CF0252-Gorham & East STS,0.0
cat__Substation_0153CF0251-Gorham & East STS,0.0
cat__Substation_0153CF0250-Gorham & East STS,0.0
cat__Substation_0149CF2905-Main ST N,0.0
cat__Substation_0149CF0249-Main ST N,0.0
cat__Substation_0148CF2902-Main ST N,0.0
cat__Substation_0189LS5140-South ST,0.0
cat__Substation_0189LS5112-South ST,0.0
cat__Substation_0181LS0233-Oswego ST,0.0
cat__Substation_0181LS0217-Oswego ST,0.0
cat__Substation_0176GV1246-Norton ST,0.0
cat__Substation_0176GV1217-Norton ST,0.0
cat__Substation_0175GV1244-South ST,0.0
cat__Substation_0175GV1243-South ST,0.0
cat__Substation_0174GV1245-Sawyer AVE,0.0
cat__Substation_0174GV1224-Sawyer AVE,0.0
cat__Substation_0171GV1237-E MAIN ST,0.0
cat__Substation_0171GV1220-E MAIN ST,0.0
cat__Substation_0169GV1214-RTE 408 N of Vermont ST,0.0
cat__Substation_0169GV1213-RTE 408 N of Vermont ST,0.0
cat__Substation_0168CF5189-Farmington Victor RD,0.0
cat__Connection_Date_2012-02-09 00:00:00,0.0
cat__Connection_Date_2012-02-08 00:00:00,0.0
cat__Connection_Date_2012-02-03 00:00:00,0.0
cat__Connection_Date_2012-02-02 00:00:00,0.0
cat__Connection_Date_2012-02-01 00:00:00,0.0
cat__Connection_Date_2012-01-31 00:00:00,0.0
cat__Connection_Date_2012-01-30 00:00:00,0.0
cat__Connection_Date_2012-01-28 00:00:00,0.0
cat__Connection_Date_2012-01-26 00:00:00,0.0
cat__Connection_Date_2012-01-25 00:00:00,0.0
cat__Connection_Date_2012-01-24 00:00:00,0.0
cat__Connection_Date_2012-01-23 00:00:00,0.0
cat__Connection_Date_2012-01-20 00:00:00,0.0
cat__Substation_0192LS0216-Ridge RD,0.0
cat__Substation_0212LS0245-Ridge RD,0.0
cat__Substation_0210LS0225-Green ST,0.0
cat__Substation_0209LS0241-Seaman ST,0.0
cat__Substation_0208LS0243-CTY RD 107 N of RTE 104,0.0
cat__Substation_0208LS0242-CTY RD 107 N of RTE 104,0.0
cat__Substation_0207LS0206-Main ST,0.0
cat__Substation_0205LS0237-1589 RTE 104,0.0
cat__Substation_0198LS5115-Corner RTE 104 & 38,0.0
cat__Substation_0198LS5114-Corner RTE 104 & 38,0.0
cat__Substation_0195LS5153-Barclay RD,0.0
cat__Substation_0194LS5142-Old State RD at RTE 370,0.0
cat__Substation_0194LS5118-Old State RD at RTE 370,0.0
cat__Substation_0194LS5117-Old State RD at RTE 370,0.0
cat__Substation_0193LS0227-Main ST,0.0
cat__Substation_0193LS0226-Main ST,0.0
cat__Substation_0418RO5201-Elmgrove RD,0.0
cat__Substation_0418RO5199-Elmgrove RD,0.0
cat__Substation_0418RO5198-Elmgrove RD,0.0
cat__Substation_0418RO5108-Elmgrove RD,0.0
cat__Substation_0416RO5106-Wiltsie DR,0.0
cat__Substation_0247GV1204-NY RT 243 W CTY RD 23,0.0
cat__Substation_0246GV1207-Crossett RD,0.0
cat__Substation_0230RO5161-1102 Atlantic AVE,0.0
cat__Substation_0218LS5253-4231 RTE 89,0.0
cat__Substation_0218LS5252-4231 RTE 89,0.0
cat__Substation_0217LS5238-Wilson Rd,0.0
cat__Substation_0217LS5154-Wilson Rd,0.0
cat__Substation_0215LS2155-Fifth RD,0.0
cat__Substation_0214LS0222-RTE 104,0.0
cat__Substation_0214LS0211-RTE 104,0.0
cat__Substation_2AR,0.0
cat__Substation_2AB,0.0
cat__Substation_0428CF5138-North ST,0.0
cat__Substation_0424RO5205-1545 Schlegel Road,0.0
cat__Substation_0424RO5204-1545 Schlegel Road,0.0
cat__Substation_0424RO5203-1545 Schlegel Road,0.0
cat__Substation_0421RO5126-2375 Ridge RD W,0.0
cat__Substation_0421RO5123-2375 Ridge RD W,0.0
cat__Substation_0420RO2182-3690 East AVE,0.0
cat__Substation_0420RO2181-3690 East AVE,0.0
cat__Substation_0419RO5246-Lehigh Station RD,0.0
cat__Substation_0419RO5164-Lehigh Station RD,0.0
cat__Substation_0419RO5119-Lehigh Station RD,0.0
cat__Connection_Date_2012-01-18 00:00:00,0.0
cat__Connection_Date_2012-01-16 00:00:00,0.0
cat__Connection_Date_2012-01-14 00:00:00,0.0
cat__Connection_Date_2012-01-13 00:00:00,0.0
cat__Connection_Date_2012-01-12 00:00:00,0.0
cat__Connection_Date_2012-01-11 00:00:00,0.0
cat__Connection_Date_2012-01-10 00:00:00,0.0
cat__Connection_Date_2012-01-09 00:00:00,0.0
cat__Connection_Date_2012-01-07 00:00:00,0.0
cat__Connection_Date_2012-01-06 00:00:00,0.0
cat__Connection_Date_2012-01-04 00:00:00,0.0
cat__Connection_Date_2012-01-03 00:00:00,0.0
cat__Connection_Date_2012-01-02 00:00:00,0.0
cat__Substation_2G5,0.0
cat__Substation_2G4,0.0
cat__Substation_2G,0.0
cat__Substation_3G3,0.0
cat__Substation_3G,0.0
cat__Substation_3D,0.0
cat__Substation_3A,0.0
cat__Substation_2WB,0.0
cat__Substation_2W,0.0
cat__Substation_2RB,0.0
cat__Substation_2R4,0.0
cat__Substation_2R1,0.0
cat__Substation_2R,0.0
cat__Substation_2QB,0.0
cat__Substation_2MB,0.0
cat__Substation_2M4,0.0
cat__Substation_2H5,0.0
cat__Connection_Date_2012-01-19 00:00:00,0.0
cat__Substation_4U,0.0
cat__Substation_4S,0.0
cat__Substation_4RH,0.0
cat__Substation_4M9,0.0
cat__Substation_4M,0.0
cat__Substation_4KH,0.0
cat__Substation_4H,0.0
cat__Substation_4E,0.0
cat__Substation_3R0,0.0
cat__Substation_3MG,0.0
cat__Substation_3LG,0.0
cat__Substation_3J5,0.0
cat__Substation_5U8,0.0
cat__Substation_5U2,0.0
cat__Substation_5RK,0.0
cat__Substation_5R5,0.0
cat__Substation_5MK,0.0
cat__Substation_5M1,0.0
cat__Substation_5K,0.0
cat__Substation_5H,0.0
cat__Substation_5GK,0.0
cat__Substation_5G,0.0
cat__Substation_5D,0.0
cat__Substation_4W,0.0
cat__Connection_Date_2011-12-29 00:00:00,0.0
cat__Connection_Date_2011-12-27 00:00:00,0.0
cat__Connection_Date_2011-12-24 00:00:00,0.0
cat__Connection_Date_2011-12-23 00:00:00,0.0
cat__Connection_Date_2011-12-20 00:00:00,0.0
cat__Connection_Date_2011-12-19 00:00:00,0.0
cat__Connection_Date_2011-12-16 00:00:00,0.0
cat__Connection_Date_2011-12-14 00:00:00,0.0
cat__Connection_Date_2011-12-12 00:00:00,0.0
cat__Substation_6B,0.0
cat__Substation_7D8,0.0
cat__Substation_7D6,0.0
cat__Substation_7768  -26        741,0.0
cat__Substation_6X,0.0
cat__Substation_6W8,0.0
cat__Substation_6UL,0.0
cat__Substation_6Q,0.0
cat__Substation_6P5,0.0
cat__Substation_6L9,0.0
cat__Substation_6J1,0.0
cat__Connection_Date_2011-12-30 00:00:00,0.0
cat__Connection_Date_2011-12-08 00:00:00,0.0
cat__Connection_Date_2011-12-07 00:00:00,0.0
cat__Connection_Date_2011-12-06 00:00:00,0.0
cat__Connection_Date_2011-12-05 00:00:00,0.0
cat__Connection_Date_2011-12-03 00:00:00,0.0
cat__Connection_Date_2011-12-01 00:00:00,0.0
cat__Connection_Date_2011-11-28 00:00:00,0.0
cat__Connection_Date_2011-11-23 00:00:00,0.0
cat__Connection_Date_2011-11-22 00:00:00,0.0
cat__Connection_Date_2011-11-18 00:00:00,0.0
cat__Connection_Date_2011-11-17 00:00:00,0.0
cat__Substation_7H,0.0
cat__Substation_7F7,0.0
cat__Substation_8303GV7710-Caneadea HOU RD,0.0
cat__Substation_8301GV7704-EAST Koy PTGVL RD,0.0
cat__Substation_7Z6,0.0
cat__Substation_7Z4,0.0
cat__Substation_7W8,0.0
cat__Substation_7U,0.0
cat__Substation_7T9,0.0
cat__Substation_7R6,0.0
cat__Substation_7R,0.0
cat__Substation_7MM,0.0
cat__Substation_7M9,0.0
cat__Substation_7M7,0.0
cat__Substation_7LM,0.0
cat__Substation_7KM,0.0
cat__Substation_7J8,0.0
cat__Connection_Date_2011-11-10 00:00:00,0.0
cat__Connection_Date_2011-11-09 00:00:00,0.0
cat__Connection_Date_2011-11-08 00:00:00,0.0
cat__Connection_Date_2011-11-06 00:00:00,0.0
cat__Connection_Date_2011-11-02 00:00:00,0.0
cat__Connection_Date_2011-10-31 00:00:00,0.0
cat__Connection_Date_2011-10-28 00:00:00,0.0
cat__Connection_Date_2011-10-27 00:00:00,0.0
cat__Substation_8376GV7706-Count RD 5A,0.0
cat__Substation_8375GV7707-Bolvar Ceres RD,0.0
cat__Substation_8345GV7711-,0.0
cat__Substation_8333GV7702-Friendship Nile RD,0.0
cat__Substation_8327GV7701-BELV Tran BR RD,0.0
cat__Substation_8316GV7712-P-438-3 Oakland Rd Portage,0.0
cat__Substation_8QR,0.0
cat__Substation_8Q,0.0
cat__Substation_8M5,0.0
cat__Substation_8JA,0.0
cat__Substation_8HX,0.0
cat__Substation_8G9,0.0
cat__Substation_8ER,0.0
cat__Substation_8B,0.0
cat__Substation_8379GV7709-County Rd 20,0.0
cat__Substation_8377GV7708-High Banks Rd,0.0
cat__Connection_Date_2011-11-16 00:00:00,0.0
cat__Connection_Date_2011-11-15 00:00:00,0.0
cat__Connection_Date_2011-11-14 00:00:00,0.0
cat__Connection_Date_2011-11-11 00:00:00,0.0
cat__Connection_Date_2011-10-25 00:00:00,0.0
cat__Connection_Date_2011-10-21 00:00:00,0.0
cat__Connection_Date_2011-10-20 00:00:00,0.0
cat__Connection_Date_2011-10-18 00:00:00,0.0
cat__Connection_Date_2011-10-17 00:00:00,0.0
cat__Connection_Date_2011-10-14 00:00:00,0.0
cat__Connection_Date_2011-10-13 00:00:00,0.0
cat__Connection_Date_2011-10-12 00:00:00,0.0
cat__Connection_Date_2011-10-10 00:00:00,0.0
cat__Connection_Date_2011-10-08 00:00:00,0.0
cat__Connection_Date_2011-10-07 00:00:00,0.0
cat__Connection_Date_2011-10-05 00:00:00,0.0
cat__Substation_8W5,0.0
cat__Substation_8SM,0.0
cat__Substation_8QX,0.0
cat__Substation_ALBION 80,0.0
cat__Substation_AKWESASNE 825,0.0
cat__Substation_A0041RO0762-1765 MONROE AVE,0.0
cat__Substation_9X,0.0
cat__Substation_9U,0.0
cat__Substation_9R9,0.0
cat__Substation_9R6,0.0
cat__Substation_9R,0.0
cat__Substation_9K,0.0
cat__Substation_9J,0.0
cat__Substation_9HH,0.0
cat__Substation_9E,0.0
cat__Substation_9DF,0.0
cat__Substation_9D,0.0
cat__Substation_BAKER ST 150,0.0
cat__Substation_B0056RO0764-170 W JEFFERSON ROAD,0.0
cat__Substation_B0041RO0651-1765 MONROE AVE,0.0
cat__Substation_Avenue_A,0.0
cat__Substation_AVENUE A 291,0.0
cat__Substation_AUSABLE FORKS 846,0.0
cat__Substation_ASHLEY 331,0.0
cat__Substation_ASH ST 223,0.0
cat__Substation_ARNOLD 656,0.0
cat__Substation_ANTWERP 801,0.0
cat__Substation_ANDOVER 9,0.0
cat__Connection_Date_2011-09-30 00:00:00,0.0
cat__Connection_Date_2011-09-27 00:00:00,0.0
cat__Connection_Date_2011-09-23 00:00:00,0.0
cat__Connection_Date_2011-09-22 00:00:00,0.0
cat__Connection_Date_2011-09-20 00:00:00,0.0
cat__Connection_Date_2011-09-19 00:00:00,0.0
cat__Connection_Date_2011-09-17 00:00:00,0.0
cat__Connection_Date_2011-09-15 00:00:00,0.0
cat__Connection_Date_2011-09-14 00:00:00,0.0
cat__Substation_BASOM 15,0.0
cat__Substation_BALMAT 904,0.0
cat__Substation_BALLINA 221,0.0
cat__Substation_BRIDGE ST 295,0.0
cat__Substation_BREWERTON 7,0.0
cat__Substation_BRASHER 851,0.0
cat__Substation_BRADY 957,0.0
cat__Substation_BOYNTONVILLE 333,0.0
cat__Substation_BOMBAY 897,0.0
cat__Substation_BLOOMINGDALE 841,0.0
cat__Substation_BERRY RD 153,0.0
cat__Substation_BENSONHURST_2,0.0
cat__Substation_BENNETT RD 99,0.0
cat__Substation_BEECH AVE 81,0.0
cat__Connection_Date_2011-10-04 00:00:00,0.0
cat__Connection_Date_2011-10-03 00:00:00,0.0
cat__Substation_BUFFALO STATION 161 - SHORT ST,0.0
cat__Substation_BUFFALO STATION 160 - SUMMER ST,0.0
cat__Substation_BUFFALO STATION 155 - ROBERTS & CLINTON,0.0
cat__Substation_BUFFALO STATION 154 - GEORGE URBAN BLVD,0.0
cat__Substation_BUFFALO STATION 146 - WALDEN AVE,0.0
cat__Substation_BUFFALO STATION 139 - MARTIN RD,0.0
cat__Substation_BUFFALO STATION 130 - NIAGARA FALLS BLVD,0.0
cat__Substation_BUFFALO STATION 129 - BROMPTON RD,0.0
cat__Substation_BUFFALO STATION 127 - DELAWARE RD,0.0
cat__Substation_BUFFALO STATION 126 - GIBSON ST,0.0
cat__Substation_BUFFALO STATION 124 - ALMEDA AVE,0.0
cat__Substation_BUFFALO STATION 122 - SOMMER ST,0.0
cat__Substation_BUFFALO STATION,0.0
cat__Substation_BRIER HILL 953,0.0
cat__Substation_BUFFALO STATION 32 - BAILEY & E DELAVAN,0.0
cat__Substation_BUFFALO STATION 31 - E DELAVAN & FILLMORE,0.0
cat__Substation_BUFFALO STATION 30 - SPILLMAN & E DELAVAN,0.0
cat__Substation_BUFFALO STATION 29 - POTOMAC & PARKDALE,0.0
cat__Substation_BUFFALO STATION 28 - BAILEY & BURLINGTON,0.0
cat__Substation_BUFFALO STATION 27 - JEWETT & FILMORE,0.0
cat__Substation_BUFFALO STATION 24 - KENMORE & ELMWOOD,0.0
cat__Substation_BUFFALO STATION 23 - KENMORE & LOUVAINE,0.0
cat__Substation_BUFFALO STATION 214 - YOUNG ST,0.0
cat__Substation_BUFFALO STATION 209 - LONG RD,0.0
cat__Substation_BUFFALO STATION 208 - KENMORE & VULCAN,0.0
cat__Substation_BUFFALO STATION 54 - MAIN ST,0.0
cat__Substation_BUFFALO STATION 53 - BAILEY & HEWITT,0.0
cat__Substation_BUFFALO STATION 49 - BEST,0.0
cat__Substation_BUFFALO STATION 48 - GELSTON & BRECKENRIDGE,0.0
cat__Substation_BUFFALO STATION 47,0.0
cat__Substation_BUFFALO STATION 46 - PARK & ALDRICH,0.0
cat__Substation_BUFFALO STATION 45 - ELMWOOD & GROTE,0.0
cat__Substation_BUFFALO STATION 44 - S PARK,0.0
cat__Substation_BUFFALO STATION 42 - OHIO & CHILDS,0.0
cat__Substation_BUFFALO STATION 41 - PEERY & CHICAGO,0.0
cat__Substation_BUFFALO STATION 39 - WILLIAM ST,0.0
cat__Substation_BUFFALO STATION 38 - SPRING & BROADWAY,0.0
cat__Substation_BUFFALO STATION 37 - HUDSON & WEST,0.0
cat__Substation_BUFFALO STATION 36 - SUMNER & WALDEN,0.0
cat__Substation_BUFFALO STATION 35 - WALDEN & GENESEE,0.0
cat__Connection_Date_2011-09-13 00:00:00,0.0
cat__Connection_Date_2011-09-10 00:00:00,0.0
cat__Connection_Date_2011-09-07 00:00:00,0.0
cat__Connection_Date_2011-09-06 00:00:00,0.0
cat__Connection_Date_2011-09-02 00:00:00,0.0
cat__Connection_Date_2011-09-01 00:00:00,0.0
cat__Connection_Date_2011-08-30 00:00:00,0.0
cat__Connection_Date_2011-08-29 00:00:00,0.0
cat__Connection_Date_2011-08-26 00:00:00,0.0
cat__Connection_Date_2011-08-24 00:00:00,0.0
cat__Connection_Date_2011-08-23 00:00:00,0.0
cat__Connection_Date_2011-08-22 00:00:00,0.0
cat__Substation_BUFFALO STATION 58 - HARLEM & MAIN,0.0
cat__Substation_BUFFALO STATION 57 - COLVIN BLVD,0.0
cat__Substation_BUFFALO STATION 56 - BARTON CT,0.0
cat__Substation_BUFFALO STATION 55 - ELECTRIC & MCGURK,0.0
cat__Substation_Blue Lake,0.0
cat__Substation_BUTTERNUT 255,0.0
cat__Substation_BUSTI 68,0.0
cat__Substation_BURT 171,0.0
cat__Substation_BURGOYNE 337,0.0
cat__Substation_BUFFALO STATION 79 - RIDGE ST,0.0
cat__Substation_BUFFALO STATION 78 - FASSETT ST,0.0
cat__Substation_BUFFALO STATION 68 - ELMWOOD & UTICA,0.0
cat__Substation_BUFFALO STATION 67 - MAIN & YOUNGS,0.0
cat__Substation_BUFFALO STATION 66 - UNION & COMO,0.0
cat__Substation_BUFFALO STATION 63 - HIGHLAND & LORETTA,0.0
cat__Substation_BUFFALO STATION 59 - PERRY ST,0.0
cat__Connection_Date_2011-08-17 00:00:00,0.0
cat__Connection_Date_2011-08-16 00:00:00,0.0
cat__Connection_Date_2011-08-15 00:00:00,0.0
cat__Connection_Date_2011-08-11 00:00:00,0.0
cat__Connection_Date_2011-08-10 00:00:00,0.0
cat__Connection_Date_2011-08-05 00:00:00,0.0
cat__Connection_Date_2011-08-04 00:00:00,0.0
cat__Connection_Date_2011-08-03 00:00:00,0.0
cat__Connection_Date_2011-08-02 00:00:00,0.0
cat__Substation_CAMILLUS 10,0.0
cat__Substation_C0121CF0782-975 QUAKER ROAD,0.0
cat__Substation_CLOVERBANK 91,0.0
cat__Substation_CLEVELAND 11,0.0
cat__Substation_CHRISLER AVE 257,0.0
cat__Substation_CHAUTAUQUA 57,0.0
cat__Substation_CHASM FALLS 852,0.0
cat__Substation_CENTRAL SQUARE 15,0.0
cat__Substation_CASSADAGA 61,0.0
cat__Substation_CARTHAGE 717,0.0
cat__Substation_CARDIFF 13,0.0
cat__Connection_Date_2011-08-21 00:00:00,0.0
cat__Substation_CORONA_1,0.0
cat__Substation_CORLISS PARK 338,0.0
cat__Substation_CORFU 22,0.0
cat__Substation_CONSTANTIA 19,0.0
cat__Substation_CONKLING 652,0.0
cat__Substation_CONESUS 52,0.0
cat__Substation_COMSTOCK 48,0.0
cat__Substation_COMMERCE AVE 434,0.0
cat__Substation_COLLINSVILLE 716,0.0
cat__Substation_COLLINS 83,0.0
cat__Substation_COFFEEN 760,0.0
cat__Substation_CLYMER 55,0.0
cat__Connection_Date_2011-07-22 00:00:00,0.0
cat__Connection_Date_2011-07-20 00:00:00,0.0
cat__Connection_Date_2011-07-18 00:00:00,0.0
cat__Connection_Date_2011-07-15 00:00:00,0.0
cat__Connection_Date_2011-07-14 00:00:00,0.0
cat__Connection_Date_2011-07-13 00:00:00,0.0
cat__Connection_Date_2011-07-12 00:00:00,0.0
cat__Substation_Cherry_Street,0.0
cat__Substation_CUYLER 24,0.0
cat__Substation_CUBA LAKE 37,0.0
cat__Substation_CUBA 5,0.0
cat__Substation_CROWN POINT 249,0.0
cat__Substation_CORTLAND 502,0.0
cat__Substation_DEPOT RD 425,0.0
cat__Substation_DELMAR 279,0.0
cat__Substation_DELEVAN 11,0.0
cat__Substation_DAVID 979,0.0
cat__Substation_DALE RD 213,0.0
cat__Connection_Date_2011-07-31 00:00:00,0.0
cat__Connection_Date_2011-07-30 00:00:00,0.0
cat__Connection_Date_2011-07-29 00:00:00,0.0
cat__Connection_Date_2011-07-27 00:00:00,0.0
cat__Connection_Date_2011-07-26 00:00:00,0.0
cat__Connection_Date_2011-07-23 00:00:00,0.0
cat__Substation_EDEN CENTER 88,0.0
cat__Substation_EAGLE HARBOR 92,0.0
cat__Substation_EAGLE BAY 382,0.0
cat__Substation_E. WORCESTER 60,0.0
cat__Substation_E. SCHODACK 447,0.0
cat__Substation_E. OTTO 28,0.0
cat__Substation_E. NORFOLK 913,0.0
cat__Substation_E. MALLOY 151,0.0
cat__Substation_E. FULTON 100,0.0
cat__Substation_E. BATAVIA 28,0.0
cat__Substation_Dean,0.0
cat__Substation_DUGAN RD 22,0.0
cat__Substation_DORWIN 26,0.0
cat__Substation_DEXTER 726,0.0
cat__Connection_Date_2011-07-01 00:00:00,0.0
cat__Connection_Date_2011-06-29 00:00:00,0.0
cat__Connection_Date_2011-06-28 00:00:00,0.0
cat__Connection_Date_2011-06-25 00:00:00,0.0
cat__Connection_Date_2011-06-24 00:00:00,0.0
cat__Connection_Date_2011-06-23 00:00:00,0.0
cat__Connection_Date_2011-06-21 00:00:00,0.0
cat__Substation_ELSMERE 407,0.0
cat__Substation_ELM ST 898,0.0
cat__Substation_ELBA 20,0.0
cat__Substation_EJ WEST 38,0.0
cat__Substation_EIGHTH ST 80,0.0
cat__Substation_FAIRDALE 135,0.0
cat__Substation_FABIUS 55,0.0
cat__Substation_E_75_St,0.0
cat__Substation_E_63_St_1,0.0
cat__Substation_E_36_St,0.0
cat__Substation_E_29_St_,0.0
cat__Substation_EPHRATAH 18,0.0
cat__Connection_Date_2011-07-11 00:00:00,0.0
cat__Connection_Date_2011-07-08 00:00:00,0.0
cat__Connection_Date_2011-07-07 00:00:00,0.0
cat__Connection_Date_2011-07-06 00:00:00,0.0
cat__Connection_Date_2011-07-05 00:00:00,0.0
cat__Substation_FREWSBURG 69,0.0
cat__Substation_FRENCH MOUNTAIN 478,0.0
cat__Substation_FRENCH CREEK 56,0.0
cat__Substation_FRANKLIN FALLS 843,0.0
cat__Substation_FRANKFORT 677,0.0
cat__Substation_FORT GAGE 319,0.0
cat__Substation_FORT COVINGTON 896,0.0
cat__Substation_FISHER 270,0.0
cat__Substation_FINE 978,0.0
cat__Substation_FINDLEY LAKE 71,0.0
cat__Substation_FARNAN RD 476,0.0
cat__Substation_FARMERSVILLE 27,0.0
cat__Substation_GRANBY CENTER 293,0.0
cat__Substation_GLOVERSVILLE 72,0.0
cat__Substation_GLENS FALLS 75,0.0
cat__Substation_GILPIN BAY 956,0.0
cat__Substation_GILMANTOWN RD 154,0.0
cat__Substation_GETZVILLE 60,0.0
cat__Substation_GENESEO 55,0.0
cat__Substation_GENESEE ST 260,0.0
cat__Substation_GASPORT 90,0.0
cat__Substation_GABRIELS 835,0.0
cat__Substation_Fox_Hills,0.0
cat__Connection_Date_2011-06-17 00:00:00,0.0
cat__Connection_Date_2011-06-16 00:00:00,0.0
cat__Connection_Date_2011-06-15 00:00:00,0.0
cat__Connection_Date_2011-06-13 00:00:00,0.0
cat__Connection_Date_2011-06-10 00:00:00,0.0
cat__Connection_Date_2011-06-09 00:00:00,0.0
cat__Connection_Date_2011-06-07 00:00:00,0.0
cat__Connection_Date_2011-06-03 00:00:00,0.0
cat__Connection_Date_2011-06-02 00:00:00,0.0
cat__Connection_Date_2011-06-01 00:00:00,0.0
cat__Connection_Date_2011-05-28 00:00:00,0.0
cat__Substation_GREENWOOD,0.0
cat__Substation_GREENHURST 60,0.0
cat__Substation_HINSDALE 218,0.0
cat__Substation_HILL ST 311,0.0
cat__Substation_HIGLEY 924,0.0
cat__Substation_HENRY ST 316,0.0
cat__Substation_HEMLOCK 38,0.0
cat__Substation_HARTFIELD 79,0.0
cat__Substation_HANCOCK 137,0.0
cat__Substation_HAMMOND 370,0.0
cat__Substation_Grimley Rd,0.0
cat__Connection_Date_2011-06-20 00:00:00,0.0
cat__Connection_Date_2011-06-18 00:00:00,0.0
cat__Connection_Date_2011-05-23 00:00:00,0.0
cat__Connection_Date_2011-05-20 00:00:00,0.0
cat__Connection_Date_2011-05-19 00:00:00,0.0
cat__Connection_Date_2011-05-18 00:00:00,0.0
cat__Connection_Date_2011-05-14 00:00:00,0.0
cat__Connection_Date_2011-05-13 00:00:00,0.0
cat__Connection_Date_2011-05-12 00:00:00,0.0
cat__Connection_Date_2011-05-11 00:00:00,0.0
cat__Substation_Harrriman,0.0
cat__Substation_Harings Corner,0.0
cat__Substation_HUDSON FALLS 88,0.0
cat__Substation_HOOSICK 314,0.0
cat__Substation_HOMER 129,0.0
cat__Substation_KNIGHTS CREEK 6,0.0
cat__Substation_KARNER 317,0.0
cat__Substation_Jansen Ave,0.0
cat__Substation_JOHNSTOWN 61,0.0
cat__Substation_INDIAN RIVER 323,0.0
cat__Substation_INDIAN LAKE 310,0.0
cat__Substation_Hillburn,0.0
cat__Substation_Hell_Gate,0.0
cat__Connection_Date_2011-05-27 00:00:00,0.0
cat__Connection_Date_2011-05-26 00:00:00,0.0
cat__Substation_LIMA 36,0.0
cat__Substation_LIGHTHOUSE HILL 61,0.0
cat__Substation_LIBERTY ST 94,0.0
cat__Substation_LEWISTON HEIGHTS 86,0.0
cat__Substation_LEWISTON 87,0.0
cat__Substation_LEVITT 665,0.0
cat__Substation_LEVANT 98,0.0
cat__Substation_LERAY 813,0.0
cat__Substation_LANSINGBURGH SUBSTATION,0.0
cat__Substation_LANGFORD 180,0.0
cat__Substation_LAKEVIEW 182,0.0
cat__Substation_LAKE RD 2 - 299,0.0
cat__Substation_LAKE COLBY 927,0.0
cat__Connection_Date_2011-04-29 00:00:00,0.0
cat__Connection_Date_2011-04-28 00:00:00,0.0
cat__Connection_Date_2011-04-27 00:00:00,0.0
cat__Connection_Date_2011-04-26 00:00:00,0.0
cat__Connection_Date_2011-04-25 00:00:00,0.0
cat__Connection_Date_2011-04-22 00:00:00,0.0
cat__Connection_Date_2011-04-21 00:00:00,0.0
cat__Connection_Date_2011-04-19 00:00:00,0.0
cat__Connection_Date_2011-04-18 00:00:00,0.0
cat__Connection_Date_2011-04-15 00:00:00,0.0
cat__Substation_LOCKPORT RD 216,0.0
cat__Substation_LIVONIA 37,0.0
cat__Substation_LITTLE RIVER 955,0.0
cat__Substation_LINDEN 21,0.0
cat__Substation_MALONE 895,0.0
cat__Substation_MALLORY Rd,0.0
cat__Substation_MADISON 654,0.0
cat__Substation_MACHIAS 13,0.0
cat__Substation_Leonard_St_1,0.0
cat__Substation_Lawrenceville,0.0
cat__Substation_Lake Road,0.0
cat__Substation_LYSANDER 297,0.0
cat__Substation_LYNN ST 320,0.0
cat__Substation_LORDS HILL 150,0.0
cat__Connection_Date_2011-05-05 00:00:00,0.0
cat__Connection_Date_2011-05-03 00:00:00,0.0
cat__Connection_Date_2011-05-02 00:00:00,0.0
cat__Substation_MILITARY RD 74,0.0
cat__Substation_MILITARY RD 210,0.0
cat__Substation_MIDDLEVILLE 666,0.0
cat__Substation_MIDDLEPORT 77,0.0
cat__Substation_MERRILLVILLE 838,0.0
cat__Substation_MCGRAW 228,0.0
cat__Substation_MCCREA ST 272,0.0
cat__Substation_MCCLELLAN 304,0.0
cat__Substation_MAYFIELD 356,0.0
cat__Substation_MARKET HILL 324,0.0
cat__Substation_MAPLE AVE 502,0.0
cat__Connection_Date_2011-04-08 00:00:00,0.0
cat__Connection_Date_2011-04-05 00:00:00,0.0
cat__Connection_Date_2011-04-04 00:00:00,0.0
cat__Connection_Date_2011-04-01 00:00:00,0.0
cat__Connection_Date_2011-03-30 00:00:00,0.0
cat__Connection_Date_2011-03-29 00:00:00,0.0
cat__Connection_Date_2011-03-26 00:00:00,0.0
cat__Connection_Date_2011-03-25 00:00:00,0.0
cat__Connection_Date_2011-03-24 00:00:00,0.0
cat__Connection_Date_2011-03-23 00:00:00,0.0
cat__Substation_Mallory-Cicero 33,0.0
cat__Substation_MORRISTOWN 933,0.0
cat__Substation_MOIRA 859,0.0
cat__Substation_MINOA 44,0.0
cat__Substation_MILLER ST 117,0.0
cat__Substation_N. LAWRENCE 861,0.0
cat__Substation_N. EPHRATAH 479,0.0
cat__Substation_N. EDEN 82,0.0
cat__Substation_N. COLLINS 92,0.0
cat__Substation_N. CHAUTAUQUA 78,0.0
cat__Substation_N. BANGOR 864,0.0
cat__Substation_N. ASHFORD 36,0.0
cat__Substation_Montvale,0.0
cat__Substation_Montgomery St,0.0
cat__Substation_Mine-Colony # 28,0.0
cat__Connection_Date_2011-04-13 00:00:00,0.0
cat__Connection_Date_2011-04-12 00:00:00,0.0
cat__Connection_Date_2011-03-22 00:00:00,0.0
cat__Connection_Date_2011-03-21 00:00:00,0.0
cat__Connection_Date_2011-03-17 00:00:00,0.0
cat__Connection_Date_2011-03-16 00:00:00,0.0
cat__Connection_Date_2011-03-15 00:00:00,0.0
cat__Connection_Date_2011-03-14 00:00:00,0.0
cat__Connection_Date_2011-03-12 00:00:00,0.0
cat__Connection_Date_2011-03-10 00:00:00,0.0
cat__Connection_Date_2011-03-08 00:00:00,0.0
cat__Connection_Date_2011-03-07 00:00:00,0.0
cat__Connection_Date_2011-03-05 00:00:00,0.0
cat__Connection_Date_2011-03-04 00:00:00,0.0
cat__Substation_N. OLEAN 30,0.0
cat__Substation_NYS-AMAWALK 449,0.0
cat__Substation_NYS-ALDEN 264,0.0
cat__Substation_NYS-ALDEN 263,0.0
cat__Substation_NYS-ALDEN 262,0.0
cat__Substation_NYS-AFTON-ONEONTA 245,0.0
cat__Substation_NYS-AFTON 460,0.0
cat__Substation_NYS-AFTON 429,0.0
cat__Substation_NYS-ADAMS CORNERS 412,0.0
cat__Substation_NYS-ADAMS CORNERS 411,0.0
cat__Substation_NYS-14TH ST 119,0.0
cat__Substation_NYS-14TH ST 118,0.0
cat__Substation_NORWOOD 936,0.0
cat__Substation_NICHOLVILLE 860,0.0
cat__Substation_NEWTOWN,0.0
cat__Substation_NEWFANE 170,0.0
cat__Substation_NYS-AURORA 708,0.0
cat__Substation_NYS-AURORA 707,0.0
cat__Substation_NYS-ATLANTA 258,0.0
cat__Substation_NYS-ARMOR 372,0.0
cat__Substation_NYS-ARMOR 371,0.0
cat__Substation_NYS-ARKPORT 220,0.0
cat__Substation_NYS-ARIZONA AVE 408,0.0
cat__Substation_NYS-APALACHIN TAP 512,0.0
cat__Substation_NYS-APALACHIN 176,0.0
cat__Substation_NYS-AMENIA 154,0.0
cat__Substation_NYS-AMENIA 153,0.0
cat__Substation_NYS-AMAWALK 454,0.0
cat__Substation_NYS-AMAWALK 451,0.0
cat__Substation_NYS-BEDFORD HILLS 463,0.0
cat__Substation_NYS-BEDFORD HILLS 462,0.0
cat__Substation_NYS-BEDFORD HILLS 225,0.0
cat__Substation_NYS-BEAVER BROOK 011,0.0
cat__Substation_NYS-BATH TAP 531,0.0
cat__Substation_NYS-BATH 339,0.0
cat__Substation_NYS-BARTON BROOK 403,0.0
cat__Substation_NYS-BANKERT RD 602,0.0
cat__Substation_NYS-BANKERT RD 601,0.0
cat__Substation_NYS-BANKER RD 438,0.0
cat__Substation_NYS-BANKER RD 437,0.0
cat__Substation_NYS-BAINBRIDGE 022,0.0
cat__Substation_NYS-AXTELL RD 510,0.0
cat__Substation_NYS-AXTELL RD 032,0.0
cat__Substation_NYS-BIRDSALL 022,0.0
cat__Substation_NYS-BIG TREE 539,0.0
cat__Substation_NYS-BIG TREE 528,0.0
cat__Substation_NYS-BIG TREE 523,0.0
cat__Substation_NYS-BEVIER ST 664,0.0
cat__Substation_NYS-BERKSHIRE 746,0.0
cat__Substation_NYS-BENNINGTON CTR 445,0.0
cat__Substation_NYS-BENNETT 541,0.0
cat__Substation_NYS-BENNETT 300,0.0
cat__Substation_NYS-BENJAMIN HILL 748,0.0
cat__Substation_NYS-BELL AYRE 217,0.0
cat__Substation_NYS-BELL AYRE 212,0.0
cat__Substation_NYS-BEEKMANTOWN 133,0.0
cat__Substation_NYS-BROTHERTOWNE 504,0.0
cat__Substation_NYS-BROAD ST 302,0.0
cat__Substation_NYS-BROAD ST 301,0.0
cat__Substation_NYS-BROAD ST 300,0.0
cat__Substation_NYS-BRIDGEWATER 012,0.0
cat__Substation_NYS-BODLE HILL TAP 515,0.0
cat__Substation_NYS-BODLE HILL 646,0.0
cat__Substation_NYS-BLUE MTN LAKE 504,0.0
cat__Substation_NYS-BLOSSOM 314,0.0
cat__Substation_NYS-BLOSSOM 313,0.0
cat__Substation_NYS-BLODGETT RD 589,0.0
cat__Substation_NYS-BLACKMAN HILL 746,0.0
cat__Substation_NYS-BIRDSALL 082,0.0
cat__Substation_NYS-BIRDSALL 072,0.0
cat__Substation_NYS-CANAL ST TAP 513,0.0
cat__Substation_NYS-CANADA RD 564,0.0
cat__Substation_NYS-CANAAN 145,0.0
cat__Substation_NYS-CAMPBELL 352,0.0
cat__Substation_NYS-CAMPBELL 351,0.0
cat__Substation_NYS-CABOT MINE 414,0.0
cat__Substation_NYS-CABOT MINE 413,0.0
cat__Substation_NYS-BURR AVE 708,0.0
cat__Substation_NYS-BURR AVE 612,0.0
cat__Substation_NYS-BURDETT MECK 508,0.0
cat__Substation_NYS-BURDETT 702,0.0
cat__Substation_NYS-BURDETT 508,0.0
cat__Substation_NYS-BULKHEAD 323,0.0
cat__Substation_NYS-BULKHEAD 322,0.0
cat__Substation_NYS-BULKHEAD 321,0.0
cat__Substation_NYS-BRUTON RD 521,0.0
cat__Connection_Date_2011-03-02 00:00:00,0.0
cat__Connection_Date_2011-03-01 00:00:00,0.0
cat__Connection_Date_2011-02-26 00:00:00,0.0
cat__Connection_Date_2011-02-25 00:00:00,0.0
cat__Connection_Date_2011-02-23 00:00:00,0.0
cat__Connection_Date_2011-02-22 00:00:00,0.0
cat__Connection_Date_2011-02-18 00:00:00,0.0
cat__Connection_Date_2011-02-17 00:00:00,0.0
cat__Connection_Date_2011-02-16 00:00:00,0.0
cat__Connection_Date_2011-02-15 00:00:00,0.0
cat__Connection_Date_2011-02-14 00:00:00,0.0
cat__Connection_Date_2011-02-12 00:00:00,0.0
cat__Connection_Date_2011-02-10 00:00:00,0.0
cat__Substation_NYS-CANDOR 722,0.0
cat__Substation_NYS-CANDOR 529,0.0
cat__Substation_NYS-CAYUGA HEIGHTS 605,0.0
cat__Substation_NYS-CAYUGA HEIGHTS 604,0.0
cat__Substation_NYS-CAYUGA HEIGHTS 602,0.0
cat__Substation_NYS-CAYUGA HEIGHTS 601,0.0
cat__Substation_NYS-CAYUGA 632,0.0
cat__Substation_NYS-CATPATH 522,0.0
cat__Substation_NYS-CASTLE GARDEN 621,0.0
cat__Substation_NYS-CASS HILL-ITHACA 743,0.0
cat__Substation_NYS-CARMEL 503,0.0
cat__Substation_NYS-CANTITOE 283,0.0
cat__Substation_NYS-CANISTEO 216,0.0
cat__Substation_NYS-CHU-WALTON2 011,0.0
cat__Substation_NYS-CHU-CHAPMAN RD CHU,0.0
cat__Substation_NYS-CHERRY HILL 417,0.0
cat__Substation_NYS-CHERRY CREEK 501,0.0
cat__Substation_NYS-CHENANGO BRIDGE 742,0.0
cat__Substation_NYS-CHENANGO BRIDGE 741,0.0
cat__Substation_NYS-CHEMUNG 319,0.0
cat__Substation_NYS-CHATHAM 156,0.0
cat__Substation_NYS-CHATEAUGAY 514,0.0
cat__Substation_NYS-CENTER VILLAGE 248,0.0
cat__Substation_NYS-CEMETERY RD 492,0.0
cat__Substation_NYS-CEMETERY RD 491,0.0
cat__Substation_NYS-CEMETERY RD 490,0.0
cat__Substation_NYS-CAYUTA 239,0.0
cat__Substation_NYS-CONKLIN 263,0.0
cat__Substation_NYS-CONKLIN 229,0.0
cat__Substation_NYS-CONGER AVE 155,0.0
cat__Substation_NYS-CONCORD 197,0.0
cat__Substation_NYS-COMSTOCK-GRANVILLE 626,0.0
cat__Substation_NYS-COLUMBUS 220,0.0
cat__Substation_NYS-COLLIERS 012,0.0
cat__Substation_NYS-COCHECTON CENTER 350,0.0
cat__Substation_NYS-COBBLEHILL 530,0.0
cat__Substation_NYS-COBB HILL TAP 609,0.0
cat__Substation_NYS-CLYDE 202,0.0
cat__Substation_NYS-CLINTONVILLE 456,0.0
cat__Substation_NYS-CINCINNATUS 761,0.0
cat__Substation_NYS-CROOKED LAKE 613,0.0
cat__Substation_NYS-CROOKED LAKE 170,0.0
cat__Substation_NYS-CRARYVILLE 610,0.0
cat__Substation_NYS-CRAFTS 423,0.0
cat__Substation_NYS-COWLESVILLE 451,0.0
cat__Substation_NYS-COWLESVILLE 450,0.0
cat__Substation_NYS-COOPERSTOWN 123,0.0
cat__Substation_NYS-COOPERSTOWN 121,0.0
cat__Substation_NYS-COONS CROSSING 607,0.0
cat__Substation_NYS-COONS CROSSING 211,0.0
cat__Substation_NYS-DELHI 012,0.0
cat__Substation_NYS-DAYTON 160,0.0
cat__Substation_NYS-DAVIS 531,0.0
cat__Substation_NYS-DAVIS 383,0.0
cat__Substation_NYS-DAVIS 382,0.0
cat__Substation_NYS-DAVIS 380,0.0
cat__Substation_NYS-DANNEMORA 444,0.0
cat__Substation_NYS-CRUM TOWN 530,0.0
cat__Substation_NYS-CROTON FALLS 516,0.0
cat__Substation_NYS-CROTON FALLS 515,0.0
cat__Substation_NYS-CROTON FALLS 514,0.0
cat__Substation_NYS-CROSS RIVER 470,0.0
cat__Substation_NYS-EAST AURORA 342,0.0
cat__Substation_NYS-EAST AURORA 340,0.0
cat__Substation_NYS-EARLVILLE 226,0.0
cat__Substation_NYS-DUNDEE 205,0.0
cat__Substation_NYS-DOWNSVILLE 012,0.0
cat__Substation_NYS-DINGLE RIDGE 278,0.0
cat__Substation_NYS-DINGLE RIDGE 277,0.0
cat__Substation_NYS-DICK RD 396,0.0
cat__Substation_NYS-DICK RD 393,0.0
cat__Substation_NYS-DEPOSIT 290,0.0
cat__Substation_NYS-DEPOSIT 110,0.0
cat__Substation_NYS-DEPOSIT 109,0.0
cat__Connection_Date_2011-02-09 00:00:00,0.0
cat__Connection_Date_2011-02-08 00:00:00,0.0
cat__Connection_Date_2011-02-07 00:00:00,0.0
cat__Connection_Date_2011-02-04 00:00:00,0.0
cat__Connection_Date_2011-02-01 00:00:00,0.0
cat__Connection_Date_2011-01-29 00:00:00,0.0
cat__Connection_Date_2011-01-28 00:00:00,0.0
cat__Connection_Date_2011-01-27 00:00:00,0.0
cat__Connection_Date_2011-01-26 00:00:00,0.0
cat__Connection_Date_2011-01-25 00:00:00,0.0
cat__Connection_Date_2011-01-24 00:00:00,0.0
cat__Connection_Date_2011-01-21 00:00:00,0.0
cat__Connection_Date_2011-01-20 00:00:00,0.0
cat__Substation_NYS-EAST AURORA 343,0.0
cat__Substation_NYS-ENDICOTT CLARK ST 735,0.0
cat__Substation_NYS-ENDICOTT CLARK ST 629,0.0
cat__Substation_NYS-EMMONS 022,0.0
cat__Substation_NYS-EMMONS 012,0.0
cat__Substation_NYS-ELLINGTON 164,0.0
cat__Substation_NYS-ELLICOTT RD 237,0.0
cat__Substation_NYS-EDMESTON 220,0.0
cat__Substation_NYS-EBENEZER 361,0.0
cat__Substation_NYS-EBENEZER 360,0.0
cat__Substation_NYS-EATON 012,0.0
cat__Substation_NYS-EAST NORWICH 515,0.0
cat__Substation_NYS-EAST AURORA 345,0.0
cat__Substation_NYS-FLAT ST 599,0.0
cat__Substation_NYS-FINCH HOLLOW 012,0.0
cat__Substation_NYS-FALLBROOK 362,0.0
cat__Substation_NYS-ETNA TAP 523,0.0
cat__Substation_NYS-ERIE ST 209,0.0
cat__Substation_NYS-ERIE ST 208,0.0
cat__Substation_NYS-ERIE ST 207,0.0
cat__Substation_NYS-ERIE ST 205,0.0
cat__Substation_NYS-ERIE ST 203,0.0
cat__Substation_NYS-ERIE ST 202,0.0
cat__Substation_NYS-ENDICOTT RAILWAY 187,0.0
cat__Substation_NYS-ENDICOTT HILL 181,0.0
cat__Substation_NYS-FULTON ST 221,0.0
cat__Substation_NYS-FULLER HOLLOW 617,0.0
cat__Substation_NYS-FULLER HOLLOW 616,0.0
cat__Substation_NYS-FULLER HOLLOW 615,0.0
cat__Substation_NYS-FROG VALLEY 185,0.0
cat__Substation_NYS-FROG VALLEY 184,0.0
cat__Substation_NYS-FREMONT-ACIDALIA TAP 352,0.0
cat__Substation_NYS-FOURTH ST 785,0.0
cat__Substation_NYS-FOURTH ST 784,0.0
cat__Substation_NYS-FOURTH ST 781,0.0
cat__Substation_NYS-FOSTERDALE 108,0.0
cat__Substation_NYS-FOSTERDALE 107,0.0
cat__Substation_NYS-FLEMINGVILLE 173,0.0
cat__Substation_NYS-GOLDEN BRIDGE 421,0.0
cat__Substation_NYS-GOLDEN BRIDGE 417,0.0
cat__Substation_NYS-GLENWOOD 686,0.0
cat__Substation_NYS-GLENWOOD 684,0.0
cat__Substation_NYS-GLENWOOD 682,0.0
cat__Substation_NYS-GLENWOOD 681,0.0
cat__Substation_NYS-GLEN AUBREY 417,0.0
cat__Substation_NYS-GIRDLE RD 554,0.0
cat__Substation_NYS-GILBERTSVILLE 012,0.0
cat__Substation_NYS-GENOA 604,0.0
cat__Substation_NYS-GENOA 603,0.0
cat__Substation_NYS-GAINESVILLE 594,0.0
cat__Substation_NYS-FULTON ST 222,0.0
cat__Substation_NYS-GREENE 607,0.0
cat__Substation_NYS-GREENE 425,0.0
cat__Substation_NYS-GRANVILLE-SALEM TAP 625,0.0
cat__Substation_NYS-GRANVILLE 302,0.0
cat__Substation_NYS-GRANT AVE 719,0.0
cat__Substation_NYS-GRAND GORGE 247,0.0
cat__Substation_NYS-GRAND GORGE 246,0.0
cat__Substation_NYS-GRAND GORGE 245,0.0
cat__Substation_NYS-GOULDS 202,0.0
cat__Substation_NYS-GOULDS 201,0.0
cat__Substation_NYS-GOUDEY 722,0.0
cat__Substation_NYS-GOSS RD 212,0.0
cat__Substation_NYS-GOSS RD 211,0.0
cat__Substation_NYS-GORHAM 202,0.0
cat__Substation_NYS-GORHAM 201,0.0
cat__Connection_Date_2011-01-17 00:00:00,0.0
cat__Connection_Date_2011-01-14 00:00:00,0.0
cat__Connection_Date_2011-01-10 00:00:00,0.0
cat__Connection_Date_2011-01-09 00:00:00,0.0
cat__Connection_Date_2011-01-08 00:00:00,0.0
cat__Connection_Date_2011-01-07 00:00:00,0.0
cat__Connection_Date_2011-01-06 00:00:00,0.0
cat__Connection_Date_2011-01-03 00:00:00,0.0
cat__Connection_Date_2010-12-31 00:00:00,0.0
cat__Substation_NYS-HALEY RD 586,0.0
cat__Substation_NYS-GUILDFORD CENTER 012,0.0
cat__Substation_NYS-GROSSINGER 211,0.0
cat__Substation_NYS-HANCOCK 216,0.0
cat__Substation_NYS-HANCOCK 012,0.0
cat__Substation_NYS-HAMPTON RD 326,0.0
cat__Substation_NYS-HAMPTON RD 325,0.0
cat__Substation_NYS-HAMPTON RD 089,0.0
cat__Substation_NYS-HAMMONDSPORT 334,0.0
cat__Substation_NYS-HAMMONDSPORT 333,0.0
cat__Substation_NYS-HAMMOND LANE 430,0.0
cat__Substation_NYS-HAMILTON RD 530,0.0
cat__Substation_NYS-HAMBURG 296,0.0
cat__Substation_NYS-HAMBURG 295,0.0
cat__Substation_NYS-HAMBURG 294,0.0
cat__Substation_NYS-HAMBURG 293,0.0
cat__Substation_NYS-HALL 201,0.0
cat__Connection_Date_2011-01-18 00:00:00,0.0
cat__Substation_NYS-HILLCREST RD 316,0.0
cat__Substation_NYS-HILL ST 276,0.0
cat__Substation_NYS-HILL ST 270,0.0
cat__Substation_NYS-HIGH FALLS 474,0.0
cat__Substation_NYS-HICKLING 382,0.0
cat__Substation_NYS-HENRY ST 151,0.0
cat__Substation_NYS-HENRY ST 150,0.0
cat__Substation_NYS-HAZEL 353,0.0
cat__Substation_NYS-HAZEL 189,0.0
cat__Substation_NYS-HARRIS LAKE 424,0.0
cat__Substation_NYS-HARPUR 671,0.0
cat__Substation_NYS-HARPUR 670,0.0
cat__Substation_NYS-HARPUR 668,0.0
cat__Substation_NYS-HARFORD MILLS 749,0.0
cat__Substation_NYS-HARFORD 524,0.0
cat__Substation_NYS-INDIAN CHURCH RD 225,0.0
cat__Substation_NYS-INDIAN CHURCH RD 224,0.0
cat__Substation_NYS-HYDE 418,0.0
cat__Substation_NYS-HYDE 417,0.0
cat__Substation_NYS-HYATT RD 569,0.0
cat__Substation_NYS-HOWLETT HILL NE TLR 028,0.0
cat__Substation_NYS-HOWARD 311,0.0
cat__Substation_NYS-HOWARD 310,0.0
cat__Substation_NYS-HOOPER RD 704,0.0
cat__Substation_NYS-HOOPER RD 703,0.0
cat__Substation_NYS-HOOPER RD 702,0.0
cat__Substation_NYS-HOOPER RD 701,0.0
cat__Substation_NYS-HOLLAND 520,0.0
cat__Substation_NYS-HOLLAND 321,0.0
cat__Substation_NYS-HOADLEY HILL 430,0.0
cat__Substation_NYS-KANE ST 208,0.0
cat__Substation_NYS-KANE ST 207,0.0
cat__Substation_NYS-JORDAN 714,0.0
cat__Substation_NYS-JORDAN 613,0.0
cat__Substation_NYS-JEFFERSONVILLE 110,0.0
cat__Substation_NYS-JAY 502,0.0
cat__Substation_NYS-JAY 411,0.0
cat__Substation_NYS-JAVA 281,0.0
cat__Substation_NYS-JAVA 280,0.0
cat__Substation_NYS-JARVIS ST 692,0.0
cat__Substation_NYS-JARVIS ST 689,0.0
cat__Substation_NYS-JARVIS ST 687,0.0
cat__Substation_NYS-JAMISON RD 518,0.0
cat__Substation_NYS-INGRAHAM HILL 433,0.0
cat__Substation_NYS-INDIAN CHURCH RD 226,0.0
cat__Substation_NYS-KINGSMAN RD 422,0.0
cat__Substation_NYS-KING FERRY 528,0.0
cat__Substation_NYS-KIAMESHA 263,0.0
cat__Substation_NYS-KEUKA-ELMIRA 203,0.0
cat__Substation_NYS-KEUKA 201,0.0
cat__Substation_NYS-KENT CLIFFS 292,0.0
cat__Substation_NYS-KENT CLIFFS 291,0.0
cat__Substation_NYS-KENT 176,0.0
cat__Substation_NYS-KEESESVILLE 447,0.0
cat__Substation_NYS-KEESESVILLE 153,0.0
cat__Substation_NYS-KATTLEVILLE 426,0.0
cat__Substation_NYS-KANONA 337,0.0
cat__Substation_NYS-KANONA 336,0.0
cat__Substation_NYS-LEICESTER 266,0.0
cat__Substation_NYS-LEHIGH ST 602,0.0
cat__Substation_NYS-LEHIGH ST 601,0.0
cat__Substation_NYS-LEGION DR 154,0.0
cat__Substation_NYS-LEGION DR 153,0.0
cat__Substation_NYS-LANGER RD 436,0.0
cat__Substation_NYS-LANGER RD 434,0.0
cat__Substation_NYS-LANGER RD 431,0.0
cat__Substation_NYS-LANGER RD 430,0.0
cat__Substation_NYS-LANGDON 610,0.0
cat__Substation_NYS-LANGDON 609,0.0
cat__Substation_NYS-LANGDON 427,0.0
cat__Substation_NYS-LAKE AVE 484,0.0
cat__Substation_NYS-LAKE AVE 482,0.0
cat__Substation_NYS-LAKE AVE 480,0.0
cat__Connection_Date_2010-12-27 00:00:00,0.0
cat__Connection_Date_2010-12-23 00:00:00,0.0
cat__Connection_Date_2010-12-21 00:00:00,0.0
cat__Connection_Date_2010-12-20 00:00:00,0.0
cat__Connection_Date_2010-12-18 00:00:00,0.0
cat__Connection_Date_2010-12-17 00:00:00,0.0
cat__Connection_Date_2010-12-16 00:00:00,0.0
cat__Connection_Date_2010-12-13 00:00:00,0.0
cat__Connection_Date_2010-12-11 00:00:00,0.0
cat__Connection_Date_2010-12-10 00:00:00,0.0
cat__Connection_Date_2010-12-09 00:00:00,0.0
cat__Connection_Date_2010-12-08 00:00:00,0.0
cat__Substation_NYS-LIBERTY 144,0.0
cat__Substation_NYS-LIBERTY 142,0.0
cat__Substation_NYS-LEICESTER 320,0.0
cat__Substation_NYS-LOUNSBERRY 178,0.0
cat__Substation_NYS-LOSSON RD 405,0.0
cat__Substation_NYS-LOSSON RD 404,0.0
cat__Substation_NYS-LOSSON RD 403,0.0
cat__Substation_NYS-LOSSON RD 402,0.0
cat__Substation_NYS-LOSSON RD 401,0.0
cat__Substation_NYS-LOCUST ST 154,0.0
cat__Substation_NYS-LOCUST ST 152,0.0
cat__Substation_NYS-LOCUST ST 151,0.0
cat__Substation_NYS-LOCUST ST 150,0.0
cat__Substation_NYS-LOCKE 718,0.0
cat__Substation_NYS-LIVINGSTON MANOR 071,0.0
cat__Substation_NYS-LIVINGSTON MANOR 070,0.0
cat__Substation_NYS-LISLE 417,0.0
cat__Substation_NYS-LIBERTY 145,0.0
cat__Substation_NYS-MAINE 268,0.0
cat__Substation_NYS-MAINE 267,0.0
cat__Substation_NYS-MAINE 266,0.0
cat__Substation_NYS-MADISON AVE 386,0.0
cat__Substation_NYS-MADISON AVE 385,0.0
cat__Substation_NYS-MACEDON 603,0.0
cat__Substation_NYS-MACEDON 601,0.0
cat__Substation_NYS-MAC DOUGALL 702,0.0
cat__Substation_NYS-MAC DOUGALL 601,0.0
cat__Substation_NYS-LYONS 603,0.0
cat__Substation_NYS-LYONS 602,0.0
cat__Substation_NYS-LYON MTN 510,0.0
cat__Substation_NYS-LUTHER FOREST 635,0.0
cat__Substation_NYS-LUDLOWVILLE 726,0.0
cat__Substation_NYS-MILFORD 227,0.0
cat__Substation_NYS-MEYER 352,0.0
cat__Substation_NYS-MEYER 351,0.0
cat__Substation_NYS-MEYER 243,0.0
cat__Substation_NYS-MASON CORNERS 451,0.0
cat__Substation_NYS-MASON CORNERS 450,0.0
cat__Substation_NYS-MARTIN HILL 430,0.0
cat__Substation_NYS-MARCELLUS 627,0.0
cat__Substation_NYS-MARATHON 434,0.0
cat__Substation_NYS-MAPLEWOOD 229,0.0
cat__Substation_NYS-MAPLEWOOD 127,0.0
cat__Substation_NYS-MAPLETON TAP 520,0.0
cat__Substation_NYS-MORAINE RD 580,0.0
cat__Substation_NYS-MORAINE RD 543,0.0
cat__Substation_NYS-MONTOUR ODESSA TAP 501,0.0
cat__Substation_NYS-MONTOUR FALLS 511,0.0
cat__Substation_NYS-MONTOUR FALLS 233,0.0
cat__Substation_NYS-MONTICELLO 139,0.0
cat__Substation_NYS-MONTICELLO 137,0.0
cat__Substation_NYS-MONTICELLO 136,0.0
cat__Substation_NYS-MOHANSIC 405,0.0
cat__Substation_NYS-MOHANSIC 404,0.0
cat__Substation_NYS-MOHANSIC 403,0.0
cat__Substation_NYS-MILL ST 132,0.0
cat__Substation_NYS-MILL ST 131,0.0
cat__Substation_NYS-MILL ST 130,0.0
cat__Substation_NYS-MILL C 125,0.0
cat__Substation_NYS-MOUNTAINDALE 208,0.0
cat__Substation_NYS-MOUNTAINDALE 207,0.0
cat__Substation_NYS-MOUNT UPTON 012,0.0
cat__Substation_NYS-MORRISVILLE 265,0.0
cat__Substation_NYS-MORRISVILLE 106,0.0
cat__Substation_NYS-MORRIS ST 659,0.0
cat__Substation_NYS-MORRIS ST 657,0.0
cat__Substation_NYS-MORRIS 214,0.0
cat__Substation_NYS-MORRIS 012,0.0
cat__Substation_NYS-MORNINGSIDE HEIGHTS 675,0.0
cat__Substation_NYS-MORNINGSIDE HEIGHTS 674,0.0
cat__Substation_NYS-MORAVIA 746,0.0
cat__Substation_NYS-MORAVIA 704,0.0
cat__Substation_NYS-NM-VERNAL RD NIM,0.0
cat__Substation_NYS-NM-TAYLOR RD NIM,0.0
cat__Substation_NYS-NM-MECHANICVILLE 929,0.0
cat__Substation_NYS-NM-GRANVILLE 915,0.0
cat__Substation_NYS-NM-GLEN HAVEN RD NIM,0.0
cat__Substation_NYS-NM-CHATHAM 951,0.0
cat__Substation_NYS-NEW GARDENVILLE 536,0.0
cat__Substation_NYS-NEW CORNING 391,0.0
cat__Substation_NYS-NEW BERLIN 022,0.0
cat__Substation_NYS-NEW BERLIN 012,0.0
cat__Substation_NYS-NEW ALBION 168,0.0
cat__Substation_NYS-NEVERSINK 080,0.0
cat__Substation_NYS-NAPLES 331,0.0
cat__Substation_NYS-NAPLES 330,0.0
cat__Substation_NYS-MULBERRY 602,0.0
cat__Substation_NYS-NOYES ISLAND 121,0.0
cat__Substation_NYS-NOYES ISLAND 111,0.0
cat__Substation_NYS-NOYES ISLAND 108,0.0
cat__Substation_NYS-NOYES ISLAND 107,0.0
cat__Substation_NYS-NOYES ISLAND 103,0.0
cat__Substation_NYS-NOWLAN RD 228,0.0
cat__Substation_NYS-NOWLAN RD 227,0.0
cat__Substation_NYS-NOWLAN RD 226,0.0
cat__Substation_NYS-NORTON 420,0.0
cat__Substation_NYS-NORTHSIDE 456,0.0
cat__Substation_NYS-NORTH URBANA 535,0.0
cat__Substation_NYS-NORTH NORWICH 012,0.0
cat__Substation_NYS-NORTH ENDICOTT 361,0.0
cat__Substation_NYS-NORTH BROADWAY 544,0.0
cat__Substation_NYS-NORTH BROADWAY 535,0.0
cat__Substation_NYS-ORISKANY FALLS 141,0.0
cat__Substation_NYS-ORCHARD PARK 526,0.0
cat__Substation_NYS-ORCHARD PARK 287,0.0
cat__Substation_NYS-ORCHARD PARK 286,0.0
cat__Substation_NYS-ORCHARD PARK 285,0.0
cat__Substation_NYS-OLD FALLS 288,0.0
cat__Substation_NYS-OLD FALLS 284,0.0
cat__Substation_NYS-OLD FALLS 283,0.0
cat__Substation_NYS-OAKDALE 628,0.0
cat__Substation_NYS-OAKDALE 627,0.0
cat__Substation_NYS-OAKDALE 626,0.0
cat__Substation_NYS-OAKDALE 625,0.0
cat__Substation_NYS-OAK CORNERS 202,0.0
cat__Substation_NYS-OAK CORNERS 201,0.0
cat__Substation_NYS-NOYES ISLAND 278,0.0
cat__Substation_NYS-PALMYRA 202,0.0
cat__Substation_NYS-PALMYRA 201,0.0
cat__Substation_NYS-PALMITER RD 373,0.0
cat__Substation_NYS-PALMITER RD 372,0.0
cat__Substation_NYS-PALMITER RD 370,0.0
cat__Substation_NYS-OXFORD 022,0.0
cat__Substation_NYS-OXFORD 012,0.0
cat__Substation_NYS-OWEGO 144,0.0
cat__Substation_NYS-OVID 715,0.0
cat__Substation_NYS-OUAQUAGA WEST 430,0.0
cat__Substation_NYS-OUAQUAGA EAST 430,0.0
cat__Substation_NYS-OTISCO 703,0.0
cat__Substation_NYS-OTISCO 701,0.0
cat__Substation_NYS-OTEGO 022,0.0
cat__Substation_NYS-PIERCE AVE 032,0.0
cat__Substation_NYS-PIERCE AVE 012,0.0
cat__Substation_NYS-PHILO RD 328,0.0
cat__Substation_NYS-PHELPS 201,0.0
cat__Substation_NYS-PERUVILLE 733,0.0
cat__Substation_NYS-PERU 427,0.0
cat__Substation_NYS-PERU 426,0.0
cat__Substation_NYS-PERRY CENTER 215,0.0
cat__Substation_NYS-PERRY CENTER 214,0.0
cat__Substation_NYS-PAWLING 166,0.0
cat__Substation_NYS-PARK AVE 121,0.0
cat__Substation_NYS-PARK AVE 120,0.0
cat__Substation_NYS-PUTNAM LAKE 484,0.0
cat__Substation_NYS-PULTENEY TAP 598,0.0
cat__Substation_NYS-PRESHO 342,0.0
cat__Substation_NYS-PRESHO 341,0.0
cat__Substation_NYS-PRATTSBURG TAP 598,0.0
cat__Substation_NYS-PRATTSBURG 241,0.0
cat__Substation_NYS-PRATTSBURG 240,0.0
cat__Substation_NYS-POUND RIDGE 458,0.0
cat__Substation_NYS-POUND RIDGE 457,0.0
cat__Substation_NYS-PORTAGEVILLE 252,0.0
cat__Substation_NYS-PORT BYRON 633,0.0
cat__Substation_NYS-PORT BYRON 611,0.0
cat__Substation_NYS-PIERCE AVE 204,0.0
cat__Substation_NYS-PIERCE AVE 203,0.0
cat__Substation_NYS-RIDGE RD 306,0.0
cat__Substation_NYS-RIDGE RD 305,0.0
cat__Substation_NYS-RICHFORD 524,0.0
cat__Substation_NYS-RICHFIELD SPRINGS 012,0.0
cat__Substation_NYS-RGE-SAVANNAH 001,0.0
cat__Substation_NYS-REIN RD 272,0.0
cat__Substation_NYS-REIN RD 271,0.0
cat__Substation_NYS-RAYLINSKI TAP 606,0.0
cat__Substation_NYS-RANO 719,0.0
cat__Substation_NYS-RANO 693,0.0
cat__Substation_NYS-RANDOLPH 175,0.0
cat__Substation_NYS-RANDOLPH 174,0.0
cat__Substation_NYS-PUTNAM LAKE 485,0.0
cat__Substation_NYS-ROUTE 38 513,0.0
cat__Substation_NYS-ROSCOE 287,0.0
cat__Substation_NYS-ROSCOE 286,0.0
cat__Substation_NYS-ROLL RD 545,0.0
cat__Substation_NYS-ROLL RD 529,0.0
cat__Substation_NYS-ROLL RD 524,0.0
cat__Substation_NYS-ROCK VALLEY 216,0.0
cat__Substation_NYS-ROCK HILL 224,0.0
cat__Substation_NYS-ROCK HILL 223,0.0
cat__Substation_NYS-ROBESON 594,0.0
cat__Substation_NYS-RIVER RD 105,0.0
cat__Substation_NYS-RIVER RD 104,0.0
cat__Substation_NYS-RIVER RD 102,0.0
cat__Substation_NYS-RIDGE RD 307,0.0
cat__Substation_NYS-SAND ST 062,0.0
cat__Substation_NYS-SAND ST 052,0.0
cat__Substation_NYS-SAND ST 042,0.0
cat__Substation_NYS-SAND ST 022,0.0
cat__Substation_NYS-SAND ST 012,0.0
cat__Substation_NYS-SANATARIA SPRINGS 212,0.0
cat__Substation_NYS-SANATARIA SPRINGS 211,0.0
cat__Substation_NYS-SALEM TAP 627,0.0
cat__Substation_NYS-SALEM 176,0.0
cat__Substation_NYS-SALEM 175,0.0
cat__Substation_NYS-SACKETT LAKE 121,0.0
cat__Substation_NYS-SACKETT LAKE 020,0.0
cat__Substation_NYS-RUTLAND 130,0.0
cat__Substation_NYS-RUSHVILLE TAP 589,0.0
cat__Substation_NYS-ROUTE 79 746,0.0
cat__Connection_Date_2010-12-06 00:00:00,0.0
cat__Connection_Date_2010-12-03 00:00:00,0.0
cat__Connection_Date_2010-12-02 00:00:00,0.0
cat__Connection_Date_2010-12-01 00:00:00,0.0
cat__Connection_Date_2010-11-30 00:00:00,0.0
cat__Connection_Date_2010-11-29 00:00:00,0.0
cat__Connection_Date_2010-11-24 00:00:00,0.0
cat__Connection_Date_2010-11-23 00:00:00,0.0
cat__Connection_Date_2010-11-22 00:00:00,0.0
cat__Connection_Date_2010-11-21 00:00:00,0.0
cat__Connection_Date_2010-11-20 00:00:00,0.0
cat__Connection_Date_2010-11-19 00:00:00,0.0
cat__Connection_Date_2010-11-18 00:00:00,0.0
cat__Connection_Date_2010-11-17 00:00:00,0.0
cat__Connection_Date_2010-11-16 00:00:00,0.0
cat__Substation_NYS-SIDNEY-RAILROAD 032,0.0
cat__Substation_NYS-SIDNEY-RAILROAD 022,0.0
cat__Substation_NYS-SIDNEY-RAILROAD 012,0.0
cat__Substation_NYS-SHIELDS RD 002,0.0
cat__Substation_NYS-SHANDAKEN 501,0.0
cat__Substation_NYS-SHANDAKEN 012,0.0
cat__Substation_NYS-SENECA ORDNANCE PVT,0.0
cat__Substation_NYS-SENECA ORDNANCE 207,0.0
cat__Substation_NYS-SENECA ORD - ITHACA 001,0.0
cat__Substation_NYS-SENECA FALLS 603,0.0
cat__Substation_NYS-SENECA FALLS 602,0.0
cat__Substation_NYS-SENECA FALLS 601,0.0
cat__Substation_NYS-SCIPIO 606,0.0
cat__Substation_NYS-SCIPIO 605,0.0
cat__Substation_NYS-SANDS CREEK 217,0.0
cat__Substation_NYS-SOUTH HILL 607,0.0
cat__Substation_NYS-SOUTH COOPERSTOWN 276,0.0
cat__Substation_NYS-SOUTH COOPERSTOWN 275,0.0
cat__Substation_NYS-SOUTH COLDEN 456,0.0
cat__Substation_NYS-SOUTH COLDEN 455,0.0
cat__Substation_NYS-SOUTH ADDISON 346,0.0
cat__Substation_NYS-SLOAN 231,0.0
cat__Substation_NYS-SLOAN 230,0.0
cat__Substation_NYS-SLOAN 229,0.0
cat__Substation_NYS-SLEIGHT RD 547,0.0
cat__Substation_NYS-SLATEVILLE 620,0.0
cat__Substation_NYS-SILVER SPRINGS 261,0.0
cat__Substation_NYS-SILVER CREEK 180,0.0
cat__Substation_NYS-SILVER CREEK 179,0.0
cat__Substation_NYS-SILVER CREEK 178,0.0
cat__Substation_NYS-SPRING WATER 255,0.0
cat__Substation_NYS-SOUTH PARK 473,0.0
cat__Substation_NYS-SOUTH PARK 472,0.0
cat__Substation_NYS-SOUTH PARK 471,0.0
cat__Substation_NYS-SOUTH OTSELIC 427,0.0
cat__Substation_NYS-SOUTH NIAGARA ST 202,0.0
cat__Substation_NYS-SOUTH NIAGARA ST 201,0.0
cat__Substation_NYS-SOUTH NEW BERLIN 012,0.0
cat__Substation_NYS-SOUTH MAIN ST TAP 602,0.0
cat__Substation_NYS-SOUTH LANSING 721,0.0
cat__Substation_NYS-SOUTH LANSING 720,0.0
cat__Substation_NYS-SOUTH JUNCTION 467,0.0
cat__Substation_NYS-SOUTH JUNCTION 466,0.0
cat__Substation_NYS-SOUTH HILL 614,0.0
cat__Substation_NYS-SYLVAN LAKE 480,0.0
cat__Substation_NYS-SWIFT AVE 316,0.0
cat__Substation_NYS-SWIFT AVE 315,0.0
cat__Substation_NYS-SWAN LAKE 158,0.0
cat__Substation_NYS-SWAN LAKE 157,0.0
cat__Substation_NYS-STRYKER AVE 721,0.0
cat__Substation_NYS-STRYKER AVE 702,0.0
cat__Substation_NYS-STEPHENTOWN 622,0.0
cat__Substation_NYS-STATE ST 709,0.0
cat__Substation_NYS-STANTON AVE 368,0.0
cat__Substation_NYS-STANTON AVE 367,0.0
cat__Substation_NYS-ST JOHNS 201,0.0
cat__Substation_NYS-SPRINGFIELD CENTER 270,0.0
cat__Connection_Date_2010-11-08 00:00:00,0.0
cat__Connection_Date_2010-11-05 00:00:00,0.0
cat__Connection_Date_2010-11-04 00:00:00,0.0
cat__Connection_Date_2010-11-03 00:00:00,0.0
cat__Connection_Date_2010-11-02 00:00:00,0.0
cat__Connection_Date_2010-10-29 00:00:00,0.0
cat__Connection_Date_2010-10-27 00:00:00,0.0
cat__Connection_Date_2010-10-26 00:00:00,0.0
cat__Connection_Date_2010-10-25 00:00:00,0.0
cat__Substation_NYS-TARBELL 602,0.0
cat__Substation_NYS-TYLER ST 460,0.0
cat__Substation_NYS-TUTTLE PLACE 143,0.0
cat__Substation_NYS-TUTTLE PLACE 141,0.0
cat__Substation_NYS-TROUPSBURG 563,0.0
cat__Substation_NYS-TRANSIT 113,0.0
cat__Substation_NYS-TRANSIT 112,0.0
cat__Substation_NYS-TRANSIT 111,0.0
cat__Substation_NYS-TOM MILLER RD 478,0.0
cat__Substation_NYS-TIPLADY RD TAP 628,0.0
cat__Substation_NYS-TILLY FOSTER 441,0.0
cat__Substation_NYS-TILLY FOSTER 437,0.0
cat__Connection_Date_2010-11-12 00:00:00,0.0
cat__Connection_Date_2010-11-11 00:00:00,0.0
cat__Substation_NYS-VESTAL 623,0.0
cat__Substation_NYS-VANESS RD TAP 604,0.0
cat__Substation_NYS-VAN BUREN ST 606,0.0
cat__Substation_NYS-VAN BUREN ST 605,0.0
cat__Substation_NYS-VALOIS 719,0.0
cat__Substation_NYS-UNION VALLEY 433,0.0
cat__Substation_NYS-UNION VALLEY 431,0.0
cat__Substation_NYS-UNADILLA 022,0.0
cat__Substation_NYS-UNADILLA 012,0.0
cat__Substation_NYS-TYLER ST 463,0.0
cat__Substation_NYS-TYLER ST 462,0.0
cat__Substation_NYS-TYLER ST 461,0.0
cat__Substation_NYS-WALDEN AVE 302,0.0
cat__Substation_NYS-WALDEN AVE 301,0.0
cat__Substation_NYS-WALDEN AVE 300,0.0
cat__Substation_NYS-WALDEN 707,0.0
cat__Substation_NYS-WALDEN 705,0.0
cat__Substation_NYS-WALDEN 358,0.0
cat__Substation_NYS-VOAK RD 589,0.0
cat__Substation_NYS-VINE ST 104,0.0
cat__Substation_NYS-VINE ST 103,0.0
cat__Substation_NYS-VINE ST 102,0.0
cat__Substation_NYS-VINE ST 101,0.0
cat__Substation_NYS-VINCENT CORNERS 269,0.0
cat__Substation_NYS-VILLA ROMA 001,0.0
cat__Substation_NYS-VESTAL 715,0.0
cat__Substation_NYS-VESTAL 624,0.0
cat__Substation_NYS-WEHRLE DR 331,0.0
cat__Substation_NYS-WEEDSPORT 629,0.0
cat__Substation_NYS-WEBB CROSSING 281,0.0
cat__Substation_NYS-WEBB CROSSING 280,0.0
cat__Substation_NYS-WAYLAND 231,0.0
cat__Substation_NYS-WAYLAND 230,0.0
cat__Substation_NYS-WATERLOO 203,0.0
cat__Substation_NYS-WATERLOO 201,0.0
cat__Substation_NYS-WARSAW 381,0.0
cat__Substation_NYS-WARSAW 380,0.0
cat__Substation_NYS-WALPOLE RD 741,0.0
cat__Substation_NYS-WALLACE 340,0.0
cat__Substation_NYS-WALDEN AVE 307,0.0
cat__Substation_NYS-WEST GENEVA 601,0.0
cat__Substation_NYS-WEST ELMIRA 111,0.0
cat__Substation_NYS-WEST ELMIRA 105,0.0
cat__Substation_NYS-WEST ELMIRA 104,0.0
cat__Substation_NYS-WEST DAVENPORT 022,0.0
cat__Substation_NYS-WEST DAVENPORT 012,0.0
cat__Substation_NYS-WEST DANBY 530,0.0
cat__Substation_NYS-WEST CREEK RD 513,0.0
cat__Substation_NYS-WEST CHAZY 136,0.0
cat__Substation_NYS-WENDE RD 443,0.0
cat__Substation_NYS-WENDE RD 442,0.0
cat__Substation_NYS-WENDE RD 441,0.0
cat__Substation_NYS-WEHRLE DR 335,0.0
cat__Substation_NYS-WEHRLE DR 334,0.0
cat__Substation_NYS-WEHRLE DR 332,0.0
cat__Substation_NYS-WHIG ST 783,0.0
cat__Substation_NYS-WESTMASS-TERRACE DR 956,0.0
cat__Substation_NYS-WEST WINFIELD 261,0.0
cat__Substation_NYS-WEST VARYSBURG 355,0.0
cat__Substation_NYS-WEST UNION 661,0.0
cat__Substation_NYS-WEST UNION 660,0.0
cat__Substation_NYS-WEST ST 012,0.0
cat__Substation_NYS-WEST SAND LAKE TAP 614,0.0
cat__Substation_NYS-WEST SAND LAKE 161,0.0
cat__Substation_NYS-WEST PATTERSON 474,0.0
cat__Substation_NYS-WEST LEBANON 165,0.0
cat__Substation_NYS-WEST GENEVA 604,0.0
cat__Substation_NYS-WILLET 423,0.0
cat__Substation_NYS-WILLET 421,0.0
cat__Substation_NYS-WILLET 418,0.0
cat__Substation_NYS-WHITNEY POINT 782,0.0
cat__Substation_NYS-WHITNEY POINT 781,0.0
cat__Substation_NYS-WHITNEY POINT 780,0.0
cat__Substation_NYS-WHITNEY AVE 656,0.0
cat__Substation_NYS-WHITNEY AVE 654,0.0
cat__Substation_NYS-WHITNEY AVE 653,0.0
cat__Substation_NYS-WHITNEY AVE 652,0.0
cat__Substation_NYS-WHITE SULPHER SPRING 001,0.0
cat__Substation_NYS-WHITE LAKE 151,0.0
cat__Substation_NYS-WHISKEY CREEK 344,0.0
cat__Substation_NYS-WYNANTSKILL TAP 416,0.0
cat__Substation_NYS-WRIGHT AVE 706,0.0
cat__Substation_NYS-WRIGHT AVE 704,0.0
cat__Substation_NYS-WRIGHT AVE 703,0.0
cat__Substation_NYS-WOODS CORNERS 012,0.0
cat__Substation_NYS-WOODRUFF POND 460,0.0
cat__Substation_NYS-WOODLAWN AVE 349,0.0
cat__Substation_NYS-WOODLAWN AVE 183,0.0
cat__Substation_NYS-WOODHULL 228,0.0
cat__Substation_NYS-WOODHULL - ELMIRA 228,0.0
cat__Substation_NYS-WINDSOR 758,0.0
cat__Substation_NYS-WINDSOR 757,0.0
cat__Substation_NYS-WINDHAM 241,0.0
cat__Substation_NYS-WINDHAM 240,0.0
cat__Connection_Date_2010-10-19 00:00:00,0.0
cat__Connection_Date_2010-10-18 00:00:00,0.0
cat__Connection_Date_2010-10-16 00:00:00,0.0
cat__Connection_Date_2010-10-15 00:00:00,0.0
cat__Connection_Date_2010-10-14 00:00:00,0.0
cat__Connection_Date_2010-10-13 00:00:00,0.0
cat__Connection_Date_2010-10-12 00:00:00,0.0
cat__Connection_Date_2010-10-11 00:00:00,0.0
cat__Connection_Date_2010-10-08 00:00:00,0.0
cat__Connection_Date_2010-10-07 00:00:00,0.0
cat__Connection_Date_2010-10-06 00:00:00,0.0
cat__Connection_Date_2010-10-05 00:00:00,0.0
cat__Connection_Date_2010-10-04 00:00:00,0.0
cat__Substation_NYS-YAWGER RD 363,0.0
cat__Substation_PANAMA 70,0.0
cat__Substation_Orangeburg (Glenshaw),0.0
cat__Substation_OTTEN,0.0
cat__Substation_ONEIDA 501,0.0
cat__Substation_OLD FORGE 383,0.0
cat__Substation_OGDENSBURG 938,0.0
cat__Substation_OAKFIELD 3,0.0
cat__Connection_Date_2010-10-23 00:00:00,0.0
cat__Connection_Date_2010-10-22 00:00:00,0.0
cat__Connection_Date_2010-10-21 00:00:00,0.0
cat__Substation_POLAND 66,0.0
cat__Substation_PLEASANT ST 664,0.0
cat__Substation_PIERCEFIELD 829,0.0
cat__Substation_PHOENIX 51,0.0
cat__Substation_PETROLIA 19,0.0
cat__Substation_PERRYVILLE 50,0.0
cat__Substation_PEBBLE HILL 290,0.0
cat__Substation_PEAT ST 250,0.0
cat__Substation_PAUL SMITHS 834,0.0
cat__Substation_PARTRIDGE ST 128,0.0
cat__Substation_PARK ST 144,0.0
cat__Substation_PARK CLUB LANE,0.0
cat__Substation_PARISHVILLE 939,0.0
cat__Substation_PARISH 49,0.0
cat__Substation_RENAISSANCE DR 229,0.0
cat__Substation_RAYBROOK 839,0.0
cat__Substation_RAQUETTE LAKE 398,0.0
cat__Substation_RANSOMVILLE 89,0.0
cat__Substation_RANDALL RD 463,0.0
cat__Substation_QUAIL HOLLOW 457,0.0
cat__Substation_Pine Island,0.0
cat__Substation_PRICE CORNERS 14,0.0
cat__Substation_POTTERSVILLE 424,0.0
cat__Substation_PORT LEYDEN 755,0.0
cat__Substation_PORT HENRY 385,0.0
cat__Substation_POMPEY 120,0.0
cat__Substation_ROCK CUT 286,0.0
cat__Substation_ROCK CITY FALLS 404,0.0
cat__Substation_ROBERTS RD 154,0.0
cat__Substation_RIVERWALK 684,0.0
cat__Substation_RIVERSIDE 288,0.0
cat__Substation_RIPLEY 53,0.0
cat__Substation_RIPARIUS 293,0.0
cat__Substation_RIFLE RANGE 458,0.0
cat__Substation_RIDGE RD 219,0.0
cat__Substation_RIDGE 142,0.0
cat__Substation_RICHMONDVILLE MUNI,0.0
cat__Substation_RICHMOND 32,0.0
cat__Substation_RGE,0.0
cat__Substation_RENSSELAER 132,0.0
cat__Connection_Date_2010-10-01 00:00:00,0.0
cat__Connection_Date_2010-09-29 00:00:00,0.0
cat__Connection_Date_2010-09-27 00:00:00,0.0
cat__Connection_Date_2010-09-25 00:00:00,0.0
cat__Connection_Date_2010-09-24 00:00:00,0.0
cat__Connection_Date_2010-09-23 00:00:00,0.0
cat__Connection_Date_2010-09-22 00:00:00,0.0
cat__Connection_Date_2010-09-21 00:00:00,0.0
cat__Connection_Date_2010-09-20 00:00:00,0.0
cat__Connection_Date_2010-09-18 00:00:00,0.0
cat__Connection_Date_2010-09-17 00:00:00,0.0
cat__Connection_Date_2010-09-16 00:00:00,0.0
cat__Connection_Date_2010-09-15 00:00:00,0.0
cat__Connection_Date_2010-09-14 00:00:00,0.0
cat__Substation_SANDY CREEK 66,0.0
cat__Substation_SAND RD 2 - 141,0.0
cat__Substation_SAND RD 131,0.0
cat__Substation_S. WELLSVILLE 23,0.0
cat__Substation_S. WASHINGTON 614,0.0
cat__Substation_S. RANDOLPH 32,0.0
cat__Substation_Ringwood,0.0
cat__Substation_RUSSELL RD 228,0.0
cat__Substation_ROYALTON 98,0.0
cat__Substation_ROSA RD 137,0.0
"cat__Substation_SHAWNEE 76, Substation Transformer 1",0.0
cat__Substation_SHAWNEE 76,0.0
cat__Substation_SEWALLS ISLAND 766,0.0
cat__Substation_SEVENTH AVE 244,0.0
cat__Substation_SENTINEL HEIGHTS 128,0.0
cat__Substation_SEMINOLE 339,0.0
cat__Substation_SCHUYLER 663,0.0
cat__Substation_SCHOHARIE 234,0.0
cat__Substation_SCHODACK,0.0
cat__Substation_SCHENEVUS 261,0.0
cat__Substation_STOW 52,0.0
cat__Substation_STILES 58,0.0
cat__Substation_STEPHENSON AVE 85,0.0
cat__Substation_STAR LAKE 727,0.0
cat__Substation_ST REGIS 977,0.0
cat__Substation_SPRINGFIELD 167,0.0
cat__Substation_SOUTHLAND FOODS 84,0.0
cat__Substation_SOUTH ST 297,0.0
cat__Substation_SINCLAIRVILLE 72,0.0
cat__Substation_SILVER LAKE 845,0.0
cat__Substation_SHERMAN 54,0.0
cat__Substation_SHERMAN 333,0.0
cat__Substation_SHEPPARD RD 29,0.0
cat__Substation_SHELBY 76,0.0
cat__Connection_Date_2010-09-10 00:00:00,0.0
cat__Connection_Date_2010-09-09 00:00:00,0.0
cat__Connection_Date_2010-09-08 00:00:00,0.0
cat__Connection_Date_2010-09-07 00:00:00,0.0
cat__Connection_Date_2010-09-03 00:00:00,0.0
cat__Connection_Date_2010-09-01 00:00:00,0.0
cat__Connection_Date_2010-08-31 00:00:00,0.0
cat__Connection_Date_2010-08-30 00:00:00,0.0
cat__Connection_Date_2010-08-26 00:00:00,0.0
cat__Connection_Date_2010-08-25 00:00:00,0.0
cat__Connection_Date_2010-08-24 00:00:00,0.0
cat__Connection_Date_2010-08-23 00:00:00,0.0
cat__Connection_Date_2010-08-20 00:00:00,0.0
cat__Substation_SUBT 11,0.0
cat__Connection_Date_2010-08-10 00:00:00,0.0
cat__Connection_Date_2010-08-09 00:00:00,0.0
cat__Connection_Date_2010-08-06 00:00:00,0.0
cat__Connection_Date_2010-08-05 00:00:00,0.0
cat__Connection_Date_2010-08-04 00:00:00,0.0
cat__Connection_Date_2010-07-31 00:00:00,0.0
cat__Connection_Date_2010-07-30 00:00:00,0.0
cat__Connection_Date_2010-07-29 00:00:00,0.0
cat__Substation_Sand Dock,0.0
cat__Substation_SUMMIT PARK 97,0.0
cat__Substation_SUMMIT 347,0.0
cat__Substation_SUBT 40,0.0
cat__Substation_SUBT 30,0.0
cat__Substation_SUBT 13,0.0
cat__Substation_Sterling Forest,0.0
cat__Substation_South Mahwah,0.0
cat__Substation_Seaport_2,0.0
cat__Connection_Date_2010-08-18 00:00:00,0.0
cat__Connection_Date_2010-08-17 00:00:00,0.0
cat__Connection_Date_2010-08-16 00:00:00,0.0
cat__Connection_Date_2010-08-12 00:00:00,0.0
cat__Connection_Date_2010-08-11 00:00:00,0.0
cat__Substation_Upper Saddle River,0.0
cat__Substation_UNIVERSITY 81,0.0
cat__Substation_TULLER HILL 246,0.0
cat__Substation_TRUXTON 74,0.0
cat__Substation_TRINITY 164,0.0
cat__Substation_TONAWANDA CREEK 206,0.0
cat__Substation_TIBBETS AVE 292,0.0
cat__Substation_TERMINAL 651,0.0
cat__Substation_TEMPLE 243,0.0
cat__Substation_TEALL 72,0.0
cat__Substation_Summitville,0.0
cat__Connection_Date_2010-07-27 00:00:00,0.0
cat__Connection_Date_2010-07-26 00:00:00,0.0
cat__Connection_Date_2010-07-23 00:00:00,0.0
cat__Connection_Date_2010-07-21 00:00:00,0.0
cat__Connection_Date_2010-07-20 00:00:00,0.0
cat__Connection_Date_2010-07-19 00:00:00,0.0
cat__Connection_Date_2010-07-17 00:00:00,0.0
cat__Connection_Date_2010-07-16 00:00:00,0.0
cat__Connection_Date_2010-07-15 00:00:00,0.0
cat__Connection_Date_2010-07-13 00:00:00,0.0
cat__Connection_Date_2010-07-12 00:00:00,0.0
cat__Connection_Date_2010-07-07 00:00:00,0.0
cat__Substation_VANDALIA 104,0.0
cat__Substation_VALLEY 44,0.0
cat__Substation_WELCH AVE 83,0.0
cat__Substation_WATT ST 230,0.0
cat__Substation_WATERPORT 73,0.0
cat__Substation_WALMORE 217,0.0
cat__Substation_W. VALLEY 25,0.0
cat__Substation_W. SALAMANCA 16,0.0
cat__Substation_W. PERRYSBURG 181,0.0
cat__Substation_W. OLEAN 33,0.0
cat__Substation_W. CLEVELAND 326,0.0
cat__Substation_W. ALBION 79,0.0
cat__Connection_Date_2010-07-28 00:00:00,0.0
cat__Substation_W_42_St_2,0.0
cat__Substation_W_19_St,0.0
cat__Substation_W_110_St_2,0.0
cat__Substation_W_110_St_1,0.0
cat__Substation_WINE CREEK 283,0.0
cat__Substation_WILTON 329,0.0
cat__Substation_WILSON 93,0.0
cat__Substation_WHITESVILLE 101,0.0
cat__Substation_WHITESBORO 632,0.0
cat__Substation_WHITEHALL 187,0.0
cat__Substation_WHITE LAKE 399,0.0
cat__Substation_WHITAKER 296,0.0
cat__Substation_WETHERSFIELD 23,0.0
cat__Substation_WESTVILLE 885,0.0
cat__Connection_Date_2010-07-01 00:00:00,0.0
cat__Connection_Date_2010-06-29 00:00:00,0.0
cat__Connection_Date_2010-06-28 00:00:00,0.0
cat__Connection_Date_2010-06-25 00:00:00,0.0
cat__Connection_Date_2010-06-24 00:00:00,0.0
cat__Connection_Date_2010-06-23 00:00:00,0.0
cat__Connection_Date_2010-06-22 00:00:00,0.0
cat__Connection_Date_2010-06-21 00:00:00,0.0
cat__Connection_Date_2010-06-19 00:00:00,0.0
cat__Connection_Date_2010-06-18 00:00:00,0.0
cat__Connection_Date_2010-06-16 00:00:00,0.0
cat__Substation_W_65_St_2,0.0
cat__Substation_W_50_St,0.0
cat__Circuit_ID_'6-8-13,0.0
cat__Circuit_ID_'12-3-13,0.0
cat__Substation_tallman,0.0
cat__Substation_stony point,0.0
cat__Substation_snake hill road,0.0
cat__Substation_congers,0.0
cat__Substation_YORK CENTER 53,0.0
cat__Connection_Date_2010-07-06 00:00:00,0.0
cat__Connection_Date_2010-07-05 00:00:00,0.0
cat__Connection_Date_2010-07-02 00:00:00,0.0
cat__Circuit_ID_0014RO0437,0.0
cat__Circuit_ID_0014RO0436,0.0
cat__Circuit_ID_0014RO0435,0.0
cat__Circuit_ID_0006RO0384,0.0
cat__Circuit_ID_0006RO0331,0.0
cat__Circuit_ID_0001RO2144,0.0
cat__Circuit_ID_0001RO0385,0.0
cat__Circuit_ID_0001RO0374,0.0
cat__Circuit_ID_0001RO0373,0.0
cat__Circuit_ID_0001RO0339,0.0
cat__Circuit_ID_0001RO0305,0.0
cat__Circuit_ID_'6-9-13,0.0
cat__Circuit_ID_0029RO2560,0.0
cat__Circuit_ID_0029RO0451,0.0
cat__Circuit_ID_0023RO0614,0.0
cat__Circuit_ID_0022RO2547,0.0
cat__Circuit_ID_0022RO0425,0.0
cat__Circuit_ID_0019RO2209,0.0
cat__Circuit_ID_0018RO0486,0.0
cat__Circuit_ID_0017RO0360,0.0
cat__Circuit_ID_0016RO0499,0.0
cat__Circuit_ID_0016RO0498,0.0
cat__Circuit_ID_0015RO2117,0.0
cat__Circuit_ID_0015RO2116,0.0
cat__Circuit_ID_0014RO2114,0.0
cat__Circuit_ID_0014RO2112,0.0
cat__Circuit_ID_0038RO0591,0.0
cat__Circuit_ID_0038RO0389,0.0
cat__Circuit_ID_0038RO0367,0.0
cat__Circuit_ID_0038RO0308,0.0
cat__Circuit_ID_0037RO0372,0.0
cat__Circuit_ID_0037RO0359,0.0
cat__Circuit_ID_0037RO0294,0.0
cat__Circuit_ID_0036RO2533,0.0
cat__Circuit_ID_0036RO0483,0.0
cat__Circuit_ID_0036RO0354,0.0
cat__Circuit_ID_0035RO0335,0.0
cat__Circuit_ID_0033RO0588,0.0
cat__Circuit_ID_0033RO0378,0.0
cat__Circuit_ID_0033RO0363,0.0
cat__Circuit_ID_0033RO0362,0.0
cat__Circuit_ID_0033RO0291,0.0
cat__Circuit_ID_0042RO0477,0.0
cat__Circuit_ID_0042RO0299,0.0
cat__Circuit_ID_0042RO0280,0.0
cat__Circuit_ID_0041RO0474,0.0
cat__Circuit_ID_0041RO0473,0.0
cat__Circuit_ID_0041RO0465,0.0
cat__Circuit_ID_0041RO0431,0.0
cat__Circuit_ID_0040RO2223,0.0
cat__Circuit_ID_0040RO0429,0.0
cat__Circuit_ID_0040RO0428,0.0
cat__Circuit_ID_0040RO0386,0.0
cat__Circuit_ID_0040RO0376,0.0
cat__Circuit_ID_0039RO0292,0.0
cat__Circuit_ID_0039RO0266,0.0
cat__Circuit_ID_0046RO2507,0.0
cat__Circuit_ID_0046RO0261,0.0
cat__Circuit_ID_0045RO2173,0.0
cat__Circuit_ID_0045RO2172,0.0
cat__Circuit_ID_0045RO2171,0.0
cat__Circuit_ID_0043RO2105,0.0
cat__Circuit_ID_0043RO2104,0.0
cat__Circuit_ID_0043RO0470,0.0
cat__Circuit_ID_0043RO0464,0.0
cat__Circuit_ID_0043RO0462,0.0
cat__Circuit_ID_0043RO0444,0.0
cat__Circuit_ID_0042RO2196,0.0
cat__Circuit_ID_0042RO2195,0.0
cat__Circuit_ID_0042RO2194,0.0
cat__Circuit_ID_0042RO0478,0.0
cat__Circuit_ID_0050RO0283,0.0
cat__Circuit_ID_0050RO0282,0.0
cat__Circuit_ID_0050RO0264,0.0
cat__Circuit_ID_0050RO0263,0.0
cat__Circuit_ID_0049RO0493,0.0
cat__Circuit_ID_0049RO0442,0.0
cat__Circuit_ID_0049RO0408,0.0
cat__Circuit_ID_0049RO0271,0.0
cat__Circuit_ID_0049RO0270,0.0
cat__Circuit_ID_0048RO0586,0.0
cat__Circuit_ID_0048RO0456,0.0
cat__Circuit_ID_0047RO0290,0.0
cat__Circuit_ID_0047RO0265,0.0
cat__Circuit_ID_0046RO2548,0.0
cat__Circuit_ID_0046RO2508,0.0
cat__Circuit_ID_0060RO0494,0.0
cat__Circuit_ID_0058RO0459,0.0
cat__Circuit_ID_0058RO0415,0.0
cat__Circuit_ID_0056RO5315,0.0
cat__Circuit_ID_0056RO5180,0.0
cat__Circuit_ID_0056RO5179,0.0
cat__Circuit_ID_0055RO5240,0.0
cat__Circuit_ID_0055RO5239,0.0
cat__Circuit_ID_0055RO5212,0.0
cat__Circuit_ID_0053RO0268,0.0
cat__Circuit_ID_0053RO0267,0.0
cat__Circuit_ID_0051RO0460,0.0
cat__Circuit_ID_0051RO0445,0.0
cat__Circuit_ID_0050RO0284,0.0
cat__Circuit_ID_0069RO5158,0.0
cat__Circuit_ID_0068RO2157,0.0
cat__Circuit_ID_0068RO0491,0.0
cat__Circuit_ID_0068RO0490,0.0
cat__Circuit_ID_0068RO0417,0.0
cat__Circuit_ID_0067RO5176,0.0
cat__Circuit_ID_0067RO5175,0.0
cat__Circuit_ID_0066RO0488,0.0
cat__Circuit_ID_0066RO0487,0.0
cat__Circuit_ID_0065RO2528,0.0
cat__Circuit_ID_0065RO0411,0.0
cat__Circuit_ID_0064RO0480,0.0
cat__Circuit_ID_0063RO2543,0.0
cat__Circuit_ID_0062RO0468,0.0
cat__Circuit_ID_0062RO0383,0.0
cat__Circuit_ID_0062RO0380,0.0
cat__Connection_Date_2010-06-14 00:00:00,0.0
cat__Connection_Date_2010-06-08 00:00:00,0.0
cat__Connection_Date_2010-06-07 00:00:00,0.0
cat__Connection_Date_2010-06-04 00:00:00,0.0
cat__Connection_Date_2010-06-03 00:00:00,0.0
cat__Connection_Date_2010-06-02 00:00:00,0.0
cat__Connection_Date_2010-05-27 00:00:00,0.0
cat__Connection_Date_2010-05-26 00:00:00,0.0
cat__Connection_Date_2010-05-25 00:00:00,0.0
cat__Connection_Date_2010-05-24 00:00:00,0.0
cat__Circuit_ID_0070RO5132,0.0
cat__Circuit_ID_0070RO5131,0.0
cat__Circuit_ID_0069RO5160,0.0
cat__Circuit_ID_0075RO2199,0.0
cat__Circuit_ID_0074RO0422,0.0
cat__Circuit_ID_0074RO0421,0.0
cat__Circuit_ID_0073RO0419,0.0
cat__Circuit_ID_0073RO0418,0.0
cat__Circuit_ID_0073RO0414,0.0
cat__Circuit_ID_0072RO2505,0.0
cat__Circuit_ID_0072RO0440,0.0
cat__Circuit_ID_0072RO0438,0.0
cat__Circuit_ID_0071RO5130,0.0
cat__Circuit_ID_0071RO5129,0.0
cat__Circuit_ID_0071RO5109,0.0
cat__Circuit_ID_0070RO5237,0.0
cat__Circuit_ID_0070RO5235,0.0
cat__Circuit_ID_0070RO5193,0.0
cat__Connection_Date_2010-06-15 00:00:00,0.0
cat__Circuit_ID_0084RO2126,0.0
cat__Circuit_ID_0084RO2125,0.0
cat__Circuit_ID_0084RO2124,0.0
cat__Circuit_ID_0083RO2239,0.0
cat__Circuit_ID_0083RO2238,0.0
cat__Circuit_ID_0083RO2178,0.0
cat__Circuit_ID_0082RO5234,0.0
cat__Circuit_ID_0082RO5232,0.0
cat__Circuit_ID_0082RO5170,0.0
cat__Circuit_ID_0082RO5169,0.0
cat__Circuit_ID_0081RO2165,0.0
cat__Circuit_ID_0081RO2164,0.0
cat__Circuit_ID_0081RO2159,0.0
cat__Circuit_ID_0076RO2119,0.0
cat__Circuit_ID_0076RO2102,0.0
cat__Circuit_ID_0076RO2101,0.0
cat__Circuit_ID_0090RO2139,0.0
cat__Circuit_ID_0090RO2138,0.0
cat__Circuit_ID_0090RO2137,0.0
cat__Circuit_ID_0089RO5220,0.0
cat__Circuit_ID_0089RO5219,0.0
cat__Circuit_ID_0089RO2216,0.0
cat__Circuit_ID_0089RO2215,0.0
cat__Circuit_ID_0089RO2123,0.0
cat__Circuit_ID_0089RO2121,0.0
cat__Circuit_ID_0088RO2221,0.0
cat__Circuit_ID_0088RO2219,0.0
cat__Circuit_ID_0086RO2525,0.0
cat__Circuit_ID_0086RO2510,0.0
cat__Circuit_ID_0085RO2228,0.0
cat__Circuit_ID_0085RO2111,0.0
cat__Circuit_ID_0085RO2110,0.0
cat__Circuit_ID_0095RO0399,0.0
cat__Circuit_ID_0095RO0346,0.0
cat__Circuit_ID_0095RO0326,0.0
cat__Circuit_ID_0095RO0321,0.0
cat__Circuit_ID_0095RO0316,0.0
cat__Circuit_ID_0093RO5255,0.0
cat__Circuit_ID_0093RO2531,0.0
cat__Circuit_ID_0093RO2530,0.0
cat__Circuit_ID_0092RO2167,0.0
cat__Circuit_ID_0092RO2166,0.0
cat__Circuit_ID_0091RO2152,0.0
cat__Circuit_ID_0091RO2151,0.0
cat__Circuit_ID_0091RO2149,0.0
cat__Circuit_ID_0091RO2147,0.0
cat__Circuit_ID_0103RO2232,0.0
cat__Circuit_ID_0103RO2213,0.0
cat__Circuit_ID_0103RO2211,0.0
cat__Circuit_ID_0102RO2540,0.0
cat__Circuit_ID_0102RO2537,0.0
cat__Circuit_ID_0101RO2550,0.0
cat__Circuit_ID_0101RO2549,0.0
cat__Circuit_ID_0100RO2202,0.0
cat__Circuit_ID_0097RO2193,0.0
cat__Circuit_ID_0097RO2192,0.0
cat__Circuit_ID_0097RO2191,0.0
cat__Circuit_ID_0096RO2189,0.0
cat__Circuit_ID_0096RO2188,0.0
cat__Circuit_ID_0096RO2187,0.0
cat__Circuit_ID_0096RO2186,0.0
cat__Circuit_ID_0111RO5299,0.0
cat__Circuit_ID_0111RO5298,0.0
cat__Circuit_ID_0111RO5297,0.0
cat__Circuit_ID_0110RO2169,0.0
cat__Circuit_ID_0110RO2168,0.0
cat__Circuit_ID_0109RO5196,0.0
cat__Circuit_ID_0109RO5136,0.0
cat__Circuit_ID_0109RO5135,0.0
cat__Circuit_ID_0106RO5167,0.0
cat__Circuit_ID_0103RO2233,0.0
cat__Circuit_ID_0124RO5128,0.0
cat__Circuit_ID_0120RO5211,0.0
cat__Circuit_ID_0118RO2128,0.0
cat__Circuit_ID_0117RO5188,0.0
cat__Circuit_ID_0117RO5187,0.0
cat__Circuit_ID_0117RO2131,0.0
cat__Circuit_ID_0117RO2130,0.0
cat__Circuit_ID_0114RO2520,0.0
cat__Circuit_ID_0114RO2519,0.0
cat__Circuit_ID_0113RO5101,0.0
cat__Circuit_ID_0112RO2536,0.0
cat__Circuit_ID_0112RO2534,0.0
cat__Circuit_ID_0112RO2522,0.0
cat__Circuit_ID_0142CF5191,0.0
cat__Circuit_ID_0142CF5149,0.0
cat__Circuit_ID_0136RO5296,0.0
cat__Circuit_ID_0136RO5295,0.0
cat__Circuit_ID_0136RO5294,0.0
cat__Circuit_ID_0132LS5241,0.0
cat__Circuit_ID_0127CF5231,0.0
cat__Circuit_ID_0127CF5229,0.0
cat__Circuit_ID_0126RO5225,0.0
cat__Circuit_ID_0125CF5250,0.0
cat__Circuit_ID_0124RO5247,0.0
cat__Circuit_ID_0124RO5173,0.0
cat__Circuit_ID_0154CF0392,0.0
cat__Circuit_ID_0154CF0391,0.0
cat__Circuit_ID_0153CF0252,0.0
cat__Circuit_ID_0153CF0251,0.0
cat__Circuit_ID_0153CF0250,0.0
cat__Circuit_ID_0149CF2905,0.0
cat__Circuit_ID_0148CF2902,0.0
cat__Circuit_ID_0148CF2901,0.0
cat__Circuit_ID_0146CF5139,0.0
cat__Circuit_ID_0145CF5143,0.0
cat__Circuit_ID_0144CF2913,0.0
cat__Circuit_ID_0144CF2912,0.0
cat__Circuit_ID_0143CF5146,0.0
cat__Circuit_ID_0175GV1243,0.0
cat__Circuit_ID_0174GV1245,0.0
cat__Circuit_ID_0174GV1224,0.0
cat__Circuit_ID_0171GV1237,0.0
cat__Circuit_ID_0171GV1220,0.0
cat__Circuit_ID_0169GV1214,0.0
cat__Circuit_ID_0169GV1213,0.0
cat__Circuit_ID_0168CF5189,0.0
cat__Circuit_ID_0167GV1211,0.0
cat__Circuit_ID_0163GV1241,0.0
cat__Circuit_ID_0163GV1216,0.0
cat__Circuit_ID_0156CF0257,0.0
cat__Circuit_ID_0156CF0255,0.0
cat__Circuit_ID_0155CF0260,0.0
cat__Circuit_ID_0154CF5261,0.0
cat__Circuit_ID_0194LS5142,0.0
cat__Circuit_ID_0194LS5118,0.0
cat__Circuit_ID_0194LS5117,0.0
cat__Circuit_ID_0193LS0227,0.0
cat__Circuit_ID_0193LS0226,0.0
cat__Circuit_ID_0192LS0216,0.0
cat__Circuit_ID_0189LS5140,0.0
cat__Circuit_ID_0189LS5112,0.0
cat__Circuit_ID_0181LS0233,0.0
cat__Circuit_ID_0181LS0217,0.0
cat__Circuit_ID_0179GV1221,0.0
cat__Circuit_ID_0176GV1246,0.0
cat__Circuit_ID_0176GV1217,0.0
cat__Circuit_ID_0175GV1244,0.0
cat__Connection_Date_2010-05-18 00:00:00,0.0
cat__Connection_Date_2010-05-17 00:00:00,0.0
cat__Connection_Date_2010-05-14 00:00:00,0.0
cat__Connection_Date_2010-05-13 00:00:00,0.0
cat__Connection_Date_2010-05-12 00:00:00,0.0
cat__Connection_Date_2010-05-11 00:00:00,0.0
cat__Connection_Date_2010-05-07 00:00:00,0.0
cat__Connection_Date_2010-05-06 00:00:00,0.0
cat__Connection_Date_2010-05-05 00:00:00,0.0
cat__Connection_Date_2010-05-04 00:00:00,0.0
cat__Connection_Date_2010-05-03 00:00:00,0.0
cat__Connection_Date_2010-05-01 00:00:00,0.0
cat__Connection_Date_2010-04-30 00:00:00,0.0
cat__Circuit_ID_0198LS5115,0.0
cat__Circuit_ID_0198LS5114,0.0
cat__Circuit_ID_0195LS5153,0.0
cat__Circuit_ID_0217LS5238,0.0
cat__Circuit_ID_0217LS5154,0.0
cat__Circuit_ID_0215LS2155,0.0
cat__Circuit_ID_0214LS0222,0.0
cat__Circuit_ID_0214LS0211,0.0
cat__Circuit_ID_0212LS0245,0.0
cat__Circuit_ID_0210LS0225,0.0
cat__Circuit_ID_0209LS0241,0.0
cat__Circuit_ID_0208LS0243,0.0
cat__Circuit_ID_0208LS0242,0.0
cat__Circuit_ID_0207LS0206,0.0
cat__Circuit_ID_0205LS0237,0.0
cat__Connection_Date_2010-05-20 00:00:00,0.0
cat__Connection_Date_2010-05-19 00:00:00,0.0
cat__Circuit_ID_0420RO2181,0.0
cat__Circuit_ID_0419RO5246,0.0
cat__Circuit_ID_0419RO5155,0.0
cat__Circuit_ID_0419RO5119,0.0
cat__Circuit_ID_0418RO5201,0.0
cat__Circuit_ID_0418RO5199,0.0
cat__Circuit_ID_0418RO5108,0.0
cat__Circuit_ID_0416RO5106,0.0
cat__Circuit_ID_0247GV1204,0.0
cat__Circuit_ID_0246GV1207,0.0
cat__Circuit_ID_0230RO5161,0.0
cat__Circuit_ID_0218LS5253,0.0
cat__Circuit_ID_0218LS5252,0.0
cat__Circuit_ID_1013,0.0
cat__Circuit_ID_1012,0.0
cat__Circuit_ID_1011,0.0
cat__Circuit_ID_1003,0.0
cat__Circuit_ID_1.45E+03,0.0
cat__Circuit_ID_1.21E+03,0.0
cat__Circuit_ID_0428CF5172,0.0
cat__Circuit_ID_0428CF5138,0.0
cat__Circuit_ID_0424RO5205,0.0
cat__Circuit_ID_0424RO5204,0.0
cat__Circuit_ID_0424RO5203,0.0
cat__Circuit_ID_0421RO5126,0.0
cat__Circuit_ID_0421RO5123,0.0
cat__Circuit_ID_0420RO2182,0.0
cat__Circuit_ID_106U3,0.0
cat__Circuit_ID_106U1,0.0
cat__Circuit_ID_105U2,0.0
cat__Circuit_ID_105U1,0.0
cat__Circuit_ID_103U2,0.0
cat__Circuit_ID_103U1,0.0
cat__Circuit_ID_103-3-13,0.0
cat__Circuit_ID_1024,0.0
cat__Circuit_ID_1023,0.0
cat__Circuit_ID_10B66,0.0
cat__Circuit_ID_10B64,0.0
cat__Circuit_ID_10B63,0.0
cat__Circuit_ID_10B62,0.0
cat__Circuit_ID_10B61,0.0
cat__Circuit_ID_1093,0.0
cat__Circuit_ID_109-2-13,0.0
cat__Circuit_ID_109-1-13,0.0
cat__Circuit_ID_1083,0.0
cat__Circuit_ID_1074,0.0
cat__Circuit_ID_10Q40,0.0
cat__Circuit_ID_10Q39,0.0
cat__Circuit_ID_10Q38,0.0
cat__Circuit_ID_10Q37,0.0
cat__Circuit_ID_10Q35,0.0
cat__Circuit_ID_10Q34,0.0
cat__Circuit_ID_10Q33,0.0
cat__Circuit_ID_10Q32,0.0
cat__Circuit_ID_10Q31,0.0
cat__Circuit_ID_10M15,0.0
cat__Circuit_ID_10M13,0.0
cat__Circuit_ID_10B69,0.0
cat__Circuit_ID_10B68,0.0
cat__Circuit_ID_10B67,0.0
cat__Connection_Date_2010-04-26 00:00:00,0.0
cat__Connection_Date_2010-04-24 00:00:00,0.0
cat__Connection_Date_2010-04-23 00:00:00,0.0
cat__Connection_Date_2010-04-22 00:00:00,0.0
cat__Connection_Date_2010-04-21 00:00:00,0.0
cat__Connection_Date_2010-04-20 00:00:00,0.0
cat__Connection_Date_2010-04-19 00:00:00,0.0
cat__Connection_Date_2010-04-16 00:00:00,0.0
cat__Connection_Date_2010-04-15 00:00:00,0.0
cat__Connection_Date_2010-04-12 00:00:00,0.0
cat__Connection_Date_2010-04-10 00:00:00,0.0
cat__Connection_Date_2010-04-09 00:00:00,0.0
cat__Connection_Date_2010-04-08 00:00:00,0.0
cat__Circuit_ID_10Q42,0.0
cat__Circuit_ID_10Q41,0.0
cat__Circuit_ID_1105095,0.0
cat__Circuit_ID_1105004,0.0
cat__Circuit_ID_1101,0.0
cat__Circuit_ID_11/4/2013,0.0
cat__Circuit_ID_11/3/2013,0.0
cat__Circuit_ID_11/2/2013,0.0
cat__Circuit_ID_10w84,0.0
cat__Circuit_ID_10W87,0.0
cat__Circuit_ID_10W85,0.0
cat__Circuit_ID_10W84,0.0
cat__Circuit_ID_10W83,0.0
cat__Circuit_ID_10U1,0.0
cat__Connection_Date_2010-04-29 00:00:00,0.0
cat__Circuit_ID_1105583,0.0
cat__Circuit_ID_1105463,0.0
cat__Circuit_ID_1105462,0.0
cat__Circuit_ID_1105425,0.0
cat__Circuit_ID_1105354,0.0
cat__Circuit_ID_1105352,0.0
cat__Circuit_ID_1105254,0.0
cat__Circuit_ID_1105251,0.0
cat__Circuit_ID_1105249,0.0
cat__Circuit_ID_1105115,0.0
cat__Circuit_ID_1105111,0.0
cat__Circuit_ID_1106276,0.0
cat__Circuit_ID_1106121,0.0
cat__Circuit_ID_1106107,0.0
cat__Circuit_ID_1105978,0.0
cat__Circuit_ID_1105977,0.0
cat__Circuit_ID_1105870,0.0
cat__Circuit_ID_1105691,0.0
cat__Circuit_ID_1105679,0.0
cat__Circuit_ID_1106985,0.0
cat__Circuit_ID_1106984,0.0
cat__Circuit_ID_1106858,0.0
cat__Circuit_ID_1106857,0.0
cat__Circuit_ID_1106750,0.0
cat__Circuit_ID_1106666,0.0
cat__Circuit_ID_1106574,0.0
cat__Circuit_ID_1106343,0.0
cat__Circuit_ID_1106342,0.0
cat__Circuit_ID_1106340,0.0
cat__Circuit_ID_1109703,0.0
cat__Circuit_ID_1109001,0.0
cat__Circuit_ID_1107844,0.0
cat__Circuit_ID_1107733,0.0
cat__Circuit_ID_1107731,0.0
cat__Circuit_ID_1107241,0.0
cat__Circuit_ID_1107238,0.0
cat__Circuit_ID_1107237,0.0
cat__Circuit_ID_1107080,0.0
cat__Circuit_ID_11B04,0.0
cat__Circuit_ID_11B03,0.0
cat__Circuit_ID_11B02,0.0
cat__Circuit_ID_11B01,0.0
cat__Circuit_ID_116-8-13,0.0
cat__Circuit_ID_116-1-34,0.0
cat__Circuit_ID_113U4,0.0
cat__Circuit_ID_113U3,0.0
cat__Circuit_ID_113U2,0.0
cat__Circuit_ID_113U1,0.0
cat__Circuit_ID_113-7-13,0.0
cat__Circuit_ID_113-6-13,0.0
cat__Circuit_ID_113-2-13,0.0
cat__Circuit_ID_112,0.0
cat__Circuit_ID_1201601,0.0
cat__Circuit_ID_1201501,0.0
cat__Circuit_ID_1201401,0.0
cat__Circuit_ID_1201301,0.0
cat__Substation_COLOSSE 321,0.0
cat__Circuit_ID_1201201,0.0
cat__Circuit_ID_1201102,0.0
cat__Circuit_ID_1201,0.0
cat__Circuit_ID_12/3/2013,0.0
cat__Circuit_ID_12/1/2013,0.0
cat__Circuit_ID_11B10,0.0
num__Projects,0.0
cat__Circuit_ID_11B08,0.0
cat__Circuit_ID_11B07,0.0
cat__Circuit_ID_11B06,0.0
cat__Circuit_ID_11B05,0.0
num__Data_Year,0.0
cat__Connection_Date_2010-04-02 00:00:00,0.0
cat__Connection_Date_2010-04-01 00:00:00,0.0
cat__Data_Date_2023-12-31 00:00:00,0.0
cat__Connection_Date_2010-03-30 00:00:00,0.0
cat__Connection_Date_2010-03-29 00:00:00,0.0
cat__Connection_Date_2010-03-26 00:00:00,0.0
cat__Connection_Date_2010-03-25 00:00:00,0.0
cat__Connection_Date_2010-03-24 00:00:00,0.0
cat__Connection_Date_2010-03-22 00:00:00,0.0
cat__Connection_Date_2010-03-19 00:00:00,0.0
cat__Connection_Date_2010-03-18 00:00:00,0.0
cat__Connection_Date_2010-03-17 00:00:00,0.0
cat__Connection_Date_2010-03-16 00:00:00,0.0
cat__Circuit_ID_1201801,0.0
cat__Circuit_ID_1201701,0.0
cat__Connection_Date_2001-03-07 00:00:00,0.0
cat__Connection_Date_2001-04-09 00:00:00,0.0
cat__Circuit_ID_1203501,0.0
cat__Circuit_ID_1203401,0.0
cat__Connection_Date_2001-05-16 00:00:00,0.0
cat__Circuit_ID_1203207,0.0
cat__Connection_Date_2002-04-23 00:00:00,0.0
cat__Developer_voltaic solaire,0.0
cat__Circuit_ID_1203101,0.0
cat__Developer_vivintsolar,0.0
cat__Developer_vivint Solar,0.0
cat__Circuit_ID_1202111,0.0
cat__Circuit_ID_1202110,0.0
cat__Circuit_ID_1202,0.0
cat__Connection_Date_2010-04-07 00:00:00,0.0
cat__Connection_Date_2010-04-06 00:00:00,0.0
cat__Developer_visionary solar group llc,0.0
cat__Developer_venture solar,0.0
cat__Circuit_ID_1205,0.0
cat__Circuit_ID_1204401,0.0
"cat__Developer_veith electric,llc",0.0
cat__Circuit_ID_1204101,0.0
"cat__Developer_veith electric, llc",0.0
cat__Circuit_ID_1204003,0.0
cat__Developer_utility@sologistics.us,0.0
cat__Circuit_ID_1204,0.0
cat__Circuit_ID_1203902,0.0
cat__Circuit_ID_1203901,0.0
cat__Circuit_ID_1203806,0.0
cat__Circuit_ID_1203805,0.0
cat__Circuit_ID_1203702,0.0
cat__Circuit_ID_1203606,0.0
cat__Circuit_ID_12479,0.0
cat__Circuit_ID_123,0.0
cat__Circuit_ID_122,0.0
cat__Circuit_ID_1209556,0.0
cat__Circuit_ID_1209251,0.0
cat__Circuit_ID_1209115,0.0
cat__Circuit_ID_1209029,0.0
cat__Circuit_ID_1209,0.0
cat__Circuit_ID_1208901,0.0
cat__Circuit_ID_1208,0.0
cat__Circuit_ID_1206601,0.0
cat__Circuit_ID_1206302,0.0
cat__Developer_tri-state solar services llc,0.0
cat__Circuit_ID_1206002,0.0
cat__Circuit_ID_1206,0.0
cat__Connection_Date_2001-11-09 00:00:00,0.0
cat__Circuit_ID_12U1,0.0
cat__Circuit_ID_12M73,0.0
cat__Circuit_ID_12B40,0.0
cat__Circuit_ID_12B39,0.0
cat__Circuit_ID_12B38,0.0
cat__Circuit_ID_12B37,0.0
cat__Connection_Date_2001-10-23 00:00:00,0.0
cat__Circuit_ID_12B35,0.0
cat__Circuit_ID_12B34,0.0
cat__Circuit_ID_12B33,0.0
cat__Circuit_ID_12B32,0.0
cat__Circuit_ID_12B31,0.0
cat__Circuit_ID_1295,0.0
cat__Connection_Date_2001-10-11 00:00:00,0.0
cat__Connection_Date_2001-09-19 00:00:00,0.0
cat__Circuit_ID_12493,0.0
cat__Circuit_ID_12W82,0.0
cat__Developer_sun run ho,0.0
cat__Circuit_ID_12W76,0.0
cat__Circuit_ID_12W75,0.0
cat__Circuit_ID_12W74,0.0
cat__Circuit_ID_12W73,0.0
cat__Connection_Date_2016-10-11 00:00:00,0.0
cat__Circuit_ID_12W71,0.0
cat__Circuit_ID_12W60,0.0
cat__Circuit_ID_12W51,0.0
cat__Circuit_ID_12W50,0.0
cat__Circuit_ID_12W44,0.0
cat__Circuit_ID_12W29,0.0
cat__Circuit_ID_12U4,0.0
cat__Circuit_ID_12U3,0.0
cat__Connection_Date_2016-10-08 00:00:00,0.0
cat__Circuit_ID_1357,0.0
cat__Circuit_ID_13-7-13,0.0
cat__Circuit_ID_13-4-13,0.0
cat__Circuit_ID_12W99,0.0
cat__Circuit_ID_12W98,0.0
cat__Circuit_ID_12W97,0.0
cat__Connection_Date_2016-10-07 00:00:00,0.0
cat__Circuit_ID_12W94,0.0
cat__Connection_Date_2016-10-06 00:00:00,0.0
cat__Circuit_ID_12W92,0.0
cat__Circuit_ID_12W91,0.0
cat__Circuit_ID_12W90,0.0
cat__Circuit_ID_12W88,0.0
cat__Connection_Date_2016-10-01 00:00:00,0.0
cat__Circuit_ID_12W86,0.0
cat__Circuit_ID_12W85,0.0
cat__Connection_Date_2010-03-11 00:00:00,0.0
cat__Connection_Date_2010-03-10 00:00:00,0.0
cat__Connection_Date_2010-03-09 00:00:00,0.0
cat__Connection_Date_2010-03-08 00:00:00,0.0
cat__Connection_Date_2010-03-05 00:00:00,0.0
cat__Connection_Date_2010-03-04 00:00:00,0.0
cat__Connection_Date_2010-03-03 00:00:00,0.0
cat__Connection_Date_2010-03-02 00:00:00,0.0
cat__Connection_Date_2010-03-01 00:00:00,0.0
cat__Connection_Date_2010-02-26 00:00:00,0.0
cat__Connection_Date_2010-02-24 00:00:00,0.0
cat__Connection_Date_2010-02-23 00:00:00,0.0
cat__Connection_Date_2010-02-22 00:00:00,0.0
cat__Connection_Date_2010-02-21 00:00:00,0.0
cat__Circuit_ID_13U1,0.0
cat__Circuit_ID_13M61,0.0
cat__Circuit_ID_13W83,0.0
cat__Connection_Date_2016-09-30 00:00:00,0.0
cat__Circuit_ID_13W81,0.0
cat__Connection_Date_2016-09-23 00:00:00,0.0
cat__Circuit_ID_13W76,0.0
cat__Developer_wholesale solar,0.0
cat__Circuit_ID_13W73,0.0
cat__Connection_Date_2016-11-06 00:00:00,0.0
cat__Circuit_ID_13W26,0.0
cat__Circuit_ID_13W23,0.0
cat__Circuit_ID_13W14,0.0
cat__Circuit_ID_13W11,0.0
cat__Circuit_ID_13U4,0.0
cat__Circuit_ID_13U3,0.0
cat__Connection_Date_2010-03-15 00:00:00,0.0
cat__Connection_Date_2010-03-12 00:00:00,0.0
cat__Connection_Date_2016-10-31 00:00:00,0.0
cat__Connection_Date_2016-10-29 00:00:00,0.0
cat__Circuit_ID_14W08,0.0
cat__Connection_Date_2016-10-28 00:00:00,0.0
cat__Circuit_ID_14W05,0.0
cat__Circuit_ID_14W04,0.0
cat__Circuit_ID_14W02,0.0
cat__Circuit_ID_14U2,0.0
cat__Connection_Date_2016-10-22 00:00:00,0.0
cat__Circuit_ID_1497,0.0
cat__Connection_Date_2016-10-19 00:00:00,0.0
cat__Circuit_ID_1432,0.0
cat__Circuit_ID_13W89,0.0
cat__Circuit_ID_13W88,0.0
cat__Connection_Date_2016-09-09 00:00:00,0.0
cat__Circuit_ID_13W85,0.0
cat__Connection_Date_2016-09-08 00:00:00,0.0
cat__Circuit_ID_1501501,0.0
cat__Circuit_ID_1501401,0.0
cat__Circuit_ID_1501138,0.0
cat__Circuit_ID_1501137,0.0
cat__Circuit_ID_1501001,0.0
cat__Circuit_ID_1501,0.0
cat__Circuit_ID_1500901,0.0
cat__Circuit_ID_1500818,0.0
cat__Circuit_ID_1500817,0.0
cat__Circuit_ID_15-5-13,0.0
cat__Circuit_ID_15-4-13,0.0
cat__Circuit_ID_15-1-13,0.0
cat__Circuit_ID_14w77,0.0
cat__Circuit_ID_14W77,0.0
cat__Circuit_ID_14W74,0.0
cat__Circuit_ID_1503201,0.0
cat__Circuit_ID_1503101,0.0
cat__Circuit_ID_1503047,0.0
cat__Circuit_ID_1503002,0.0
cat__Circuit_ID_1502602,0.0
cat__Circuit_ID_1502601,0.0
cat__Circuit_ID_1502574,0.0
cat__Circuit_ID_1502244,0.0
cat__Circuit_ID_1502101,0.0
cat__Circuit_ID_1502030,0.0
cat__Circuit_ID_1501901,0.0
cat__Circuit_ID_1501802,0.0
cat__Circuit_ID_1501801,0.0
cat__Connection_Date_2016-09-07 00:00:00,0.0
cat__Circuit_ID_1501766,0.0
cat__Circuit_ID_1501601,0.0
cat__Connection_Date_2016-09-02 00:00:00,0.0
cat__Circuit_ID_15U3,0.0
cat__Connection_Date_2016-09-01 00:00:00,0.0
cat__Circuit_ID_15U1,0.0
cat__Connection_Date_2016-08-30 00:00:00,0.0
cat__Connection_Date_2016-08-26 00:00:00,0.0
cat__Circuit_ID_1518,0.0
cat__Connection_Date_2016-11-16 00:00:00,0.0
cat__Circuit_ID_1509301,0.0
cat__Circuit_ID_1505002,0.0
cat__Circuit_ID_1504508,0.0
cat__Circuit_ID_1503902,0.0
cat__Circuit_ID_1503901,0.0
cat__Circuit_ID_1503701,0.0
cat__Circuit_ID_1503401,0.0
cat__Circuit_ID_1503202,0.0
cat__Connection_Date_2016-11-15 00:00:00,0.0
cat__Circuit_ID_15W18,0.0
cat__Circuit_ID_15W16,0.0
cat__Circuit_ID_15W14,0.0
cat__Connection_Date_2016-11-14 00:00:00,0.0
cat__Circuit_ID_15W11,0.0
cat__Circuit_ID_15W10,0.0
cat__Circuit_ID_15W09,0.0
cat__Circuit_ID_15W08,0.0
cat__Circuit_ID_15W07,0.0
cat__Connection_Date_2016-11-11 00:00:00,0.0
cat__Circuit_ID_15W05,0.0
cat__Circuit_ID_15W04,0.0
cat__Circuit_ID_15W03,0.0
cat__Circuit_ID_15W02,0.0
cat__Circuit_ID_15W01,0.0
cat__Connection_Date_2010-02-20 00:00:00,0.0
cat__Connection_Date_2010-02-18 00:00:00,0.0
cat__Connection_Date_2010-02-17 00:00:00,0.0
cat__Connection_Date_2010-02-16 00:00:00,0.0
cat__Connection_Date_2010-02-15 00:00:00,0.0
cat__Connection_Date_2010-02-13 00:00:00,0.0
cat__Connection_Date_2010-02-12 00:00:00,0.0
cat__Connection_Date_2010-02-11 00:00:00,0.0
cat__Connection_Date_2010-02-08 00:00:00,0.0
cat__Connection_Date_2010-02-06 00:00:00,0.0
cat__Connection_Date_2010-02-05 00:00:00,0.0
cat__Connection_Date_2010-02-04 00:00:00,0.0
cat__Connection_Date_2010-02-03 00:00:00,0.0
cat__Connection_Date_2010-02-02 00:00:00,0.0
cat__Connection_Date_2016-12-13 00:00:00,0.0
cat__Circuit_ID_15W24,0.0
cat__Circuit_ID_17778,0.0
cat__Circuit_ID_17777,0.0
cat__Circuit_ID_17-2-13,0.0
cat__Circuit_ID_17-1-13,0.0
cat__Circuit_ID_16m3-11-13,0.0
cat__Circuit_ID_16W52,0.0
cat__Connection_Date_2016-12-10 00:00:00,0.0
cat__Circuit_ID_16W01,0.0
cat__Circuit_ID_16U4,0.0
cat__Circuit_ID_16U3,0.0
cat__Circuit_ID_16U2,0.0
cat__Circuit_ID_16U1,0.0
cat__Connection_Date_2016-12-07 00:00:00,0.0
cat__Circuit_ID_16M-11-13,0.0
cat__Circuit_ID_15W85,0.0
cat__Circuit_ID_15W83,0.0
cat__Circuit_ID_17W40,0.0
cat__Circuit_ID_17W39,0.0
cat__Circuit_ID_17W36,0.0
cat__Circuit_ID_17W35,0.0
cat__Connection_Date_2016-12-04 00:00:00,0.0
cat__Connection_Date_2016-12-02 00:00:00,0.0
cat__Connection_Date_2016-12-01 00:00:00,0.0
cat__Connection_Date_2016-11-28 00:00:00,0.0
cat__Circuit_ID_17W30,0.0
cat__Circuit_ID_17U4,0.0
cat__Circuit_ID_17U3,0.0
cat__Circuit_ID_17U2,0.0
cat__Circuit_ID_17U1,0.0
cat__Circuit_ID_17M92,0.0
cat__Circuit_ID_17M85,0.0
cat__Circuit_ID_17M68,0.0
cat__Connection_Date_2016-11-27 00:00:00,0.0
cat__Circuit_ID_18U3,0.0
cat__Circuit_ID_18U2,0.0
cat__Connection_Date_2016-11-24 00:00:00,0.0
cat__Circuit_ID_1802,0.0
cat__Circuit_ID_18-1-13,0.0
cat__Circuit_ID_17W56,0.0
cat__Circuit_ID_17W55,0.0
cat__Circuit_ID_17W54,0.0
cat__Circuit_ID_17W52,0.0
cat__Connection_Date_2016-11-23 00:00:00,0.0
cat__Circuit_ID_17W49,0.0
cat__Circuit_ID_17W48,0.0
cat__Circuit_ID_17W46,0.0
cat__Circuit_ID_17W42,0.0
cat__Circuit_ID_17W41,0.0
cat__Circuit_ID_19W03,0.0
cat__Circuit_ID_19W02,0.0
cat__Circuit_ID_19U4,0.0
cat__Circuit_ID_19U3,0.0
cat__Circuit_ID_19U2,0.0
cat__Connection_Date_2016-11-22 00:00:00,0.0
cat__Circuit_ID_1986,0.0
cat__Circuit_ID_1915,0.0
cat__Circuit_ID_1905,0.0
cat__Circuit_ID_1904,0.0
cat__Connection_Date_2016-11-20 00:00:00,0.0
cat__Circuit_ID_19-8-13,0.0
cat__Circuit_ID_19-15-13,0.0
cat__Circuit_ID_19-14-13,0.0
cat__Circuit_ID_19-13-13,0.0
cat__Connection_Date_2016-08-20 00:00:00,0.0
cat__Circuit_ID_1B61,0.0
cat__Circuit_ID_1B60,0.0
cat__Circuit_ID_1B59,0.0
cat__Circuit_ID_1B57,0.0
cat__Circuit_ID_1B56,0.0
cat__Circuit_ID_1B55,0.0
cat__Circuit_ID_1B54,0.0
cat__Circuit_ID_1B53,0.0
cat__Circuit_ID_1B52,0.0
cat__Connection_Date_2016-08-15 00:00:00,0.0
cat__Circuit_ID_19W53,0.0
cat__Circuit_ID_19W30,0.0
cat__Connection_Date_2016-08-13 00:00:00,0.0
cat__Connection_Date_2016-08-10 00:00:00,0.0
cat__Circuit_ID_19W09,0.0
cat__Circuit_ID_19W08,0.0
cat__Circuit_ID_1M09,0.0
cat__Circuit_ID_1M08,0.0
cat__Circuit_ID_1M05,0.0
cat__Circuit_ID_1M02,0.0
cat__Circuit_ID_1M01,0.0
cat__Circuit_ID_1B96,0.0
cat__Circuit_ID_1B94,0.0
cat__Circuit_ID_1B72,0.0
cat__Circuit_ID_1B70,0.0
cat__Circuit_ID_1B69,0.0
cat__Circuit_ID_1B67,0.0
cat__Circuit_ID_1B66,0.0
cat__Circuit_ID_1B65,0.0
cat__Connection_Date_2016-12-21 00:00:00,0.0
cat__Circuit_ID_1B63,0.0
cat__Circuit_ID_1B62,0.0
cat__Circuit_ID_1Q12,0.0
cat__Circuit_ID_1Q11,0.0
cat__Circuit_ID_1Q09,0.0
cat__Circuit_ID_1Q08,0.0
cat__Circuit_ID_1Q07,0.0
cat__Circuit_ID_1Q06,0.0
cat__Circuit_ID_1Q05,0.0
cat__Circuit_ID_1Q04,0.0
cat__Circuit_ID_1Q03,0.0
cat__Circuit_ID_1Q02,0.0
cat__Connection_Date_2016-12-18 00:00:00,0.0
cat__Circuit_ID_1M52,0.0
cat__Circuit_ID_1M51,0.0
cat__Circuit_ID_1M17,0.0
cat__Connection_Date_2017-01-24 00:00:00,0.0
cat__Circuit_ID_1M12,0.0
cat__Connection_Date_2017-01-23 00:00:00,0.0
cat__Connection_Date_2010-01-29 00:00:00,0.0
cat__Connection_Date_2010-01-28 00:00:00,0.0
cat__Connection_Date_2010-01-27 00:00:00,0.0
cat__Connection_Date_2010-01-26 00:00:00,0.0
cat__Connection_Date_2010-01-25 00:00:00,0.0
cat__Connection_Date_2010-01-22 00:00:00,0.0
cat__Connection_Date_2010-01-21 00:00:00,0.0
cat__Connection_Date_2010-01-20 00:00:00,0.0
cat__Connection_Date_2010-01-19 00:00:00,0.0
cat__Connection_Date_2010-01-18 00:00:00,0.0
cat__Connection_Date_2010-01-15 00:00:00,0.0
cat__Connection_Date_2010-01-14 00:00:00,0.0
cat__Connection_Date_2010-01-13 00:00:00,0.0
cat__Connection_Date_2010-01-12 00:00:00,0.0
cat__Circuit_ID_1Q13,0.0
cat__Circuit_ID_1U2,0.0
cat__Circuit_ID_1U1,0.0
cat__Connection_Date_2017-01-20 00:00:00,0.0
cat__Circuit_ID_1R28,0.0
cat__Circuit_ID_1R26,0.0
cat__Circuit_ID_1R16,0.0
cat__Circuit_ID_1Q25,0.0
cat__Circuit_ID_1Q24,0.0
cat__Circuit_ID_1Q23,0.0
cat__Circuit_ID_1Q22,0.0
cat__Circuit_ID_1Q21,0.0
cat__Connection_Date_2017-01-19 00:00:00,0.0
cat__Circuit_ID_1Q19,0.0
cat__Circuit_ID_1Q18,0.0
cat__Circuit_ID_1Q17,0.0
cat__Circuit_ID_1Q16,0.0
cat__Circuit_ID_1X29,0.0
cat__Circuit_ID_1X28,0.0
cat__Circuit_ID_1X26,0.0
cat__Connection_Date_2017-01-16 00:00:00,0.0
cat__Circuit_ID_1X24,0.0
cat__Circuit_ID_1X23,0.0
cat__Circuit_ID_1X22,0.0
cat__Circuit_ID_1X21,0.0
cat__Circuit_ID_1W09,0.0
cat__Circuit_ID_1W08,0.0
cat__Circuit_ID_1W07,0.0
cat__Circuit_ID_1W06,0.0
cat__Circuit_ID_1W04,0.0
cat__Circuit_ID_1W03,0.0
cat__Connection_Date_2017-01-12 00:00:00,0.0
cat__Connection_Date_2017-01-06 00:00:00,0.0
cat__Circuit_ID_2011,0.0
cat__Circuit_ID_2006,0.0
cat__Connection_Date_2017-01-03 00:00:00,0.0
cat__Circuit_ID_2004,0.0
cat__Circuit_ID_2003,0.0
cat__Connection_Date_2016-12-31 00:00:00,0.0
cat__Circuit_ID_20-3-13,0.0
cat__Circuit_ID_2/1/2013,0.0
cat__Circuit_ID_2.73E+02,0.0
cat__Circuit_ID_2.63E+02,0.0
cat__Circuit_ID_2.58E+02,0.0
cat__Circuit_ID_2.20E+02,0.0
cat__Circuit_ID_2.15E+02,0.0
cat__Circuit_ID_1X32,0.0
cat__Circuit_ID_1X31,0.0
cat__Circuit_ID_1X30,0.0
cat__Connection_Date_2017-02-20 00:00:00,0.0
cat__Circuit_ID_20W61,0.0
cat__Circuit_ID_20W34,0.0
cat__Circuit_ID_20U2,0.0
cat__Connection_Date_2017-02-14 00:00:00,0.0
cat__Connection_Date_2017-02-09 00:00:00,0.0
cat__Connection_Date_2017-02-08 00:00:00,0.0
cat__Connection_Date_2017-02-07 00:00:00,0.0
cat__Circuit_ID_207,0.0
cat__Connection_Date_2017-02-06 00:00:00,0.0
cat__Circuit_ID_2043,0.0
cat__Connection_Date_2017-02-02 00:00:00,0.0
cat__Connection_Date_2017-02-01 00:00:00,0.0
cat__Connection_Date_2017-01-29 00:00:00,0.0
cat__Circuit_ID_2013,0.0
cat__Circuit_ID_2012,0.0
cat__Circuit_ID_210,0.0
cat__Connection_Date_2017-01-27 00:00:00,0.0
cat__Circuit_ID_21-5-13,0.0
cat__Circuit_ID_21-17-13,0.0
cat__Connection_Date_2017-01-26 00:00:00,0.0
cat__Circuit_ID_21-15-13,0.0
cat__Connection_Date_2017-03-17 00:00:00,0.0
cat__Circuit_ID_21-12-13,0.0
cat__Circuit_ID_20W78,0.0
cat__Connection_Date_2017-03-15 00:00:00,0.0
cat__Circuit_ID_20W75,0.0
cat__Circuit_ID_20W74,0.0
cat__Circuit_ID_20W70,0.0
cat__Circuit_ID_20W69,0.0
cat__Connection_Date_2017-03-10 00:00:00,0.0
cat__Circuit_ID_20W66,0.0
cat__Connection_Date_2017-03-09 00:00:00,0.0
cat__Connection_Date_2017-03-08 00:00:00,0.0
cat__Circuit_ID_21M36,0.0
cat__Circuit_ID_21M31,0.0
cat__Circuit_ID_21M28,0.0
cat__Circuit_ID_21M25,0.0
cat__Circuit_ID_21M23,0.0
cat__Connection_Date_2017-03-07 00:00:00,0.0
cat__Circuit_ID_218,0.0
cat__Circuit_ID_217,0.0
cat__Connection_Date_2017-02-24 00:00:00,0.0
cat__Circuit_ID_215,0.0
cat__Circuit_ID_214,0.0
cat__Circuit_ID_213,0.0
cat__Circuit_ID_212,0.0
cat__Circuit_ID_211,0.0
cat__Circuit_ID_22U3,0.0
cat__Circuit_ID_22U2,0.0
cat__Circuit_ID_22U1,0.0
cat__Circuit_ID_2263_1,0.0
cat__Circuit_ID_2263-1,0.0
cat__Circuit_ID_2262_1,0.0
cat__Circuit_ID_2262-1,0.0
cat__Circuit_ID_2261_1,0.0
cat__Connection_Date_2017-02-22 00:00:00,0.0
cat__Circuit_ID_222,0.0
cat__Connection_Date_2016-07-21 00:00:00,0.0
cat__Circuit_ID_22-8-13,0.0
cat__Connection_Date_2016-07-19 00:00:00,0.0
cat__Circuit_ID_22-6-13,0.0
cat__Connection_Date_2016-07-18 00:00:00,0.0
cat__Circuit_ID_22-3-13,0.0
cat__Connection_Date_2017-03-20 00:00:00,0.0
cat__Connection_Date_2017-03-19 00:00:00,0.0
cat__Circuit_ID_2300332,0.0
cat__Circuit_ID_2300312,0.0
cat__Circuit_ID_2300304,0.0
cat__Circuit_ID_2300303,0.0
cat__Circuit_ID_2300212,0.0
cat__Circuit_ID_2300162,0.0
cat__Circuit_ID_2300152,0.0
cat__Circuit_ID_2300142,0.0
cat__Circuit_ID_2300122,0.0
cat__Circuit_ID_2300112,0.0
cat__Connection_Date_2017-04-18 00:00:00,0.0
cat__Connection_Date_2017-04-10 00:00:00,0.0
cat__Connection_Date_2017-04-06 00:00:00,0.0
cat__Circuit_ID_22U4,0.0
cat__Connection_Date_2010-01-11 00:00:00,0.0
cat__Connection_Date_2010-01-09 00:00:00,0.0
cat__Connection_Date_2010-01-08 00:00:00,0.0
cat__Connection_Date_2017-04-05 00:00:00,0.0
cat__Connection_Date_2010-01-05 00:00:00,0.0
cat__Connection_Date_2010-01-04 00:00:00,0.0
cat__Connection_Date_2010-01-03 00:00:00,0.0
cat__Connection_Date_2009-12-31 00:00:00,0.0
cat__Connection_Date_2009-12-30 00:00:00,0.0
cat__Connection_Date_2009-12-29 00:00:00,0.0
cat__Connection_Date_2009-12-28 00:00:00,0.0
cat__Connection_Date_2009-12-27 00:00:00,0.0
cat__Connection_Date_2009-12-25 00:00:00,0.0
cat__Connection_Date_2009-12-24 00:00:00,0.0
cat__Connection_Date_2009-12-23 00:00:00,0.0
cat__Circuit_ID_2300522,0.0
cat__Circuit_ID_2301612,0.0
cat__Circuit_ID_2301522,0.0
cat__Circuit_ID_2301512,0.0
cat__Circuit_ID_2301412,0.0
cat__Circuit_ID_2301327,0.0
cat__Circuit_ID_2301212,0.0
cat__Circuit_ID_2301032,0.0
cat__Circuit_ID_2301022,0.0
cat__Circuit_ID_2301012,0.0
cat__Circuit_ID_2300922,0.0
cat__Circuit_ID_2300912,0.0
cat__Circuit_ID_2300823,0.0
cat__Circuit_ID_2300821,0.0
cat__Circuit_ID_2300722,0.0
cat__Connection_Date_2017-04-03 00:00:00,0.0
cat__Circuit_ID_2300612,0.0
cat__Circuit_ID_2304082,0.0
cat__Circuit_ID_2304072,0.0
cat__Circuit_ID_2304022,0.0
cat__Circuit_ID_2303504,0.0
cat__Circuit_ID_2303345,0.0
cat__Circuit_ID_2303012,0.0
cat__Circuit_ID_2302704,0.0
cat__Circuit_ID_2302124,0.0
cat__Circuit_ID_2302112,0.0
cat__Circuit_ID_2302076,0.0
cat__Circuit_ID_2302075,0.0
cat__Circuit_ID_2301970,0.0
cat__Connection_Date_2017-04-01 00:00:00,0.0
cat__Circuit_ID_2301812,0.0
cat__Circuit_ID_2301712,0.0
cat__Circuit_ID_2301614,0.0
cat__Circuit_ID_2305255,0.0
cat__Circuit_ID_2305112,0.0
cat__Connection_Date_2017-03-31 00:00:00,0.0
cat__Circuit_ID_2305065,0.0
cat__Circuit_ID_2305006,0.0
cat__Circuit_ID_2304942,0.0
cat__Circuit_ID_2304812,0.0
cat__Connection_Date_2017-03-29 00:00:00,0.0
cat__Circuit_ID_2304726,0.0
cat__Circuit_ID_2304612,0.0
cat__Circuit_ID_2304322,0.0
cat__Circuit_ID_2304312,0.0
cat__Connection_Date_2017-03-28 00:00:00,0.0
cat__Circuit_ID_2304222,0.0
cat__Circuit_ID_2304122,0.0
cat__Circuit_ID_2304112,0.0
cat__Circuit_ID_2307390,0.0
cat__Circuit_ID_2307310,0.0
cat__Circuit_ID_2307309,0.0
cat__Circuit_ID_2307212,0.0
cat__Circuit_ID_2307032,0.0
cat__Circuit_ID_2307010,0.0
cat__Circuit_ID_2306961,0.0
cat__Connection_Date_2017-03-27 00:00:00,0.0
cat__Connection_Date_2016-08-04 00:00:00,0.0
cat__Circuit_ID_2306218,0.0
cat__Circuit_ID_2306217,0.0
cat__Circuit_ID_2306212,0.0
cat__Connection_Date_2017-05-15 00:00:00,0.0
cat__Circuit_ID_2305515,0.0
cat__Circuit_ID_2305412,0.0
cat__Circuit_ID_2305312,0.0
cat__Circuit_ID_2308417,0.0
cat__Circuit_ID_2308312,0.0
cat__Circuit_ID_2308241,0.0
cat__Circuit_ID_2308240,0.0
cat__Connection_Date_2017-05-14 00:00:00,0.0
cat__Circuit_ID_2308105,0.0
cat__Circuit_ID_2308104,0.0
cat__Circuit_ID_2308102,0.0
cat__Connection_Date_2017-05-12 00:00:00,0.0
cat__Circuit_ID_2307901,0.0
cat__Circuit_ID_2307716,0.0
cat__Circuit_ID_2307712,0.0
cat__Circuit_ID_2307647,0.0
cat__Circuit_ID_2307646,0.0
cat__Circuit_ID_2307645,0.0
cat__Circuit_ID_2307412,0.0
cat__Circuit_ID_24-2-13,0.0
cat__Circuit_ID_24-12-13,0.0
cat__Connection_Date_2017-05-05 00:00:00,0.0
cat__Circuit_ID_23U4,0.0
cat__Circuit_ID_23U3,0.0
cat__Circuit_ID_23U2,0.0
cat__Connection_Date_2017-05-03 00:00:00,0.0
cat__Connection_Date_2017-05-02 00:00:00,0.0
cat__Connection_Date_2017-04-29 00:00:00,0.0
cat__Connection_Date_2017-04-25 00:00:00,0.0
cat__Circuit_ID_2385,0.0
cat__Circuit_ID_238,0.0
cat__Circuit_ID_237,0.0
cat__Connection_Date_2017-04-21 00:00:00,0.0
cat__Circuit_ID_233,0.0
cat__Circuit_ID_2309511,0.0
cat__Circuit_ID_2401842,0.0
cat__Circuit_ID_2401763,0.0
cat__Connection_Date_2017-04-20 00:00:00,0.0
cat__Circuit_ID_2401610,0.0
cat__Connection_Date_2017-04-19 00:00:00,0.0
cat__Circuit_ID_2401514,0.0
cat__Circuit_ID_2401311,0.0
cat__Circuit_ID_2401276,0.0
cat__Circuit_ID_2401275,0.0
cat__Circuit_ID_2401197,0.0
cat__Circuit_ID_2401011,0.0
cat__Circuit_ID_2400435,0.0
cat__Circuit_ID_2400202,0.0
cat__Circuit_ID_24-7-13,0.0
cat__Connection_Date_2017-06-03 00:00:00,0.0
cat__Connection_Date_2017-06-01 00:00:00,0.0
cat__Circuit_ID_2402787,0.0
cat__Circuit_ID_2402786,0.0
cat__Connection_Date_2017-05-31 00:00:00,0.0
cat__Circuit_ID_2402624,0.0
cat__Circuit_ID_2402623,0.0
cat__Circuit_ID_2402588,0.0
cat__Circuit_ID_2402584,0.0
cat__Circuit_ID_2402480,0.0
cat__Circuit_ID_2402324,0.0
cat__Circuit_ID_2402322,0.0
cat__Circuit_ID_2402321,0.0
cat__Circuit_ID_2402227,0.0
cat__Circuit_ID_2401971,0.0
cat__Circuit_ID_2401970,0.0
cat__Circuit_ID_2401845,0.0
cat__Connection_Date_2017-05-28 00:00:00,0.0
cat__Connection_Date_2009-12-21 00:00:00,0.0
cat__Connection_Date_2009-12-18 00:00:00,0.0
cat__Connection_Date_2009-12-17 00:00:00,0.0
cat__Connection_Date_2009-12-16 00:00:00,0.0
cat__Connection_Date_2009-12-15 00:00:00,0.0
cat__Connection_Date_2009-12-10 00:00:00,0.0
cat__Connection_Date_2009-12-09 00:00:00,0.0
cat__Connection_Date_2009-12-08 00:00:00,0.0
cat__Connection_Date_2009-12-07 00:00:00,0.0
cat__Connection_Date_2009-12-04 00:00:00,0.0
cat__Connection_Date_2009-12-03 00:00:00,0.0
cat__Connection_Date_2009-12-02 00:00:00,0.0
cat__Connection_Date_2009-12-01 00:00:00,0.0
cat__Connection_Date_2009-11-30 00:00:00,0.0
cat__Circuit_ID_2402821,0.0
cat__Circuit_ID_2402820,0.0
cat__Circuit_ID_2407716,0.0
cat__Circuit_ID_2404401,0.0
cat__Circuit_ID_2404201,0.0
cat__Circuit_ID_2404101,0.0
cat__Circuit_ID_2404030,0.0
cat__Circuit_ID_2403738,0.0
cat__Connection_Date_2017-05-27 00:00:00,0.0
cat__Circuit_ID_2403734,0.0
cat__Circuit_ID_2403658,0.0
cat__Circuit_ID_2403607,0.0
cat__Circuit_ID_2403605,0.0
cat__Connection_Date_2017-05-21 00:00:00,0.0
cat__Circuit_ID_2403251,0.0
cat__Circuit_ID_2403195,0.0
cat__Circuit_ID_2403194,0.0
cat__Connection_Date_2009-12-22 00:00:00,0.0
cat__Circuit_ID_25U3,0.0
cat__Circuit_ID_25U2,0.0
cat__Circuit_ID_259,0.0
cat__Circuit_ID_258,0.0
cat__Connection_Date_2017-05-20 00:00:00,0.0
cat__Circuit_ID_256,0.0
cat__Connection_Date_2017-05-19 00:00:00,0.0
cat__Circuit_ID_253,0.0
cat__Circuit_ID_251,0.0
cat__Circuit_ID_250,0.0
cat__Circuit_ID_24U3,0.0
cat__Circuit_ID_24U2,0.0
cat__Circuit_ID_24U1,0.0
cat__Connection_Date_2017-05-18 00:00:00,0.0
cat__Connection_Date_2017-05-17 00:00:00,0.0
cat__Circuit_ID_242,0.0
cat__Circuit_ID_271,0.0
cat__Circuit_ID_270,0.0
cat__Connection_Date_2017-05-16 00:00:00,0.0
cat__Connection_Date_2016-07-09 00:00:00,0.0
cat__Connection_Date_2016-07-07 00:00:00,0.0
cat__Connection_Date_2016-07-06 00:00:00,0.0
cat__Connection_Date_2016-07-05 00:00:00,0.0
cat__Circuit_ID_27-3-13,0.0
cat__Connection_Date_2016-07-04 00:00:00,0.0
cat__Connection_Date_2017-06-09 00:00:00,0.0
cat__Circuit_ID_26U2,0.0
cat__Circuit_ID_263,0.0
cat__Circuit_ID_26-6-13,0.0
cat__Circuit_ID_26-5-13,0.0
cat__Connection_Date_2017-06-07 00:00:00,0.0
cat__Connection_Date_2017-06-06 00:00:00,0.0
cat__Circuit_ID_29-2-13,0.0
cat__Circuit_ID_29-1-13,0.0
cat__Connection_Date_2017-07-08 00:00:00,0.0
cat__Circuit_ID_28U1,0.0
cat__Circuit_ID_289,0.0
cat__Circuit_ID_288,0.0
cat__Connection_Date_2017-07-07 00:00:00,0.0
cat__Circuit_ID_286,0.0
cat__Circuit_ID_284,0.0
cat__Circuit_ID_27U3,0.0
cat__Circuit_ID_27U2,0.0
cat__Circuit_ID_27U1,0.0
cat__Circuit_ID_278,0.0
cat__Circuit_ID_276,0.0
cat__Circuit_ID_273,0.0
cat__Connection_Date_2017-07-05 00:00:00,0.0
cat__Circuit_ID_2AR1L1,0.0
cat__Circuit_ID_2AB526,0.0
cat__Connection_Date_2017-07-03 00:00:00,0.0
cat__Circuit_ID_2AB524,0.0
cat__Connection_Date_2017-07-01 00:00:00,0.0
cat__Circuit_ID_2AB518,0.0
cat__Circuit_ID_2AB517,0.0
cat__Connection_Date_2017-06-28 00:00:00,0.0
cat__Connection_Date_2017-06-27 00:00:00,0.0
cat__Circuit_ID_2A174,0.0
cat__Circuit_ID_29U4,0.0
cat__Connection_Date_2017-06-22 00:00:00,0.0
cat__Circuit_ID_29U1,0.0
cat__Circuit_ID_290,0.0
cat__Circuit_ID_29-4-13,0.0
cat__Circuit_ID_29-3-13,0.0
cat__Circuit_ID_2B15,0.0
cat__Circuit_ID_2B14,0.0
cat__Circuit_ID_2B13,0.0
cat__Circuit_ID_2B10,0.0
cat__Connection_Date_2017-06-21 00:00:00,0.0
cat__Circuit_ID_2B06,0.0
cat__Connection_Date_2017-06-16 00:00:00,0.0
cat__Circuit_ID_2B04,0.0
cat__Connection_Date_2017-06-15 00:00:00,0.0
cat__Circuit_ID_2B02,0.0
cat__Circuit_ID_2B01,0.0
cat__Circuit_ID_2AR7H6,0.0
cat__Circuit_ID_2AR7H5,0.0
cat__Circuit_ID_2AR7H4,0.0
cat__Circuit_ID_2AR1L3,0.0
cat__Circuit_ID_2AR1L2,0.0
cat__Circuit_ID_2G416,0.0
cat__Connection_Date_2017-06-14 00:00:00,0.0
cat__Circuit_ID_2G412,0.0
cat__Connection_Date_2017-06-12 00:00:00,0.0
cat__Circuit_ID_2G402,0.0
cat__Circuit_ID_2G401,0.0
cat__Circuit_ID_2BB561,0.0
cat__Circuit_ID_2BB531,0.0
cat__Circuit_ID_2B93,0.0
cat__Circuit_ID_2B92,0.0
cat__Circuit_ID_2B91,0.0
cat__Circuit_ID_2B22,0.0
cat__Circuit_ID_2B21,0.0
cat__Connection_Date_2017-07-31 00:00:00,0.0
cat__Circuit_ID_2B19,0.0
cat__Circuit_ID_2B16,0.0
cat__Connection_Date_2009-11-24 00:00:00,0.0
cat__Connection_Date_2009-11-23 00:00:00,0.0
cat__Connection_Date_2009-11-20 00:00:00,0.0
cat__Connection_Date_2009-11-19 00:00:00,0.0
cat__Connection_Date_2009-11-17 00:00:00,0.0
cat__Connection_Date_2009-11-16 00:00:00,0.0
cat__Connection_Date_2009-11-13 00:00:00,0.0
cat__Connection_Date_2009-11-12 00:00:00,0.0
cat__Connection_Date_2009-11-11 00:00:00,0.0
cat__Connection_Date_2009-11-10 00:00:00,0.0
cat__Connection_Date_2009-11-09 00:00:00,0.0
cat__Connection_Date_2009-11-07 00:00:00,0.0
cat__Connection_Date_2009-11-06 00:00:00,0.0
cat__Circuit_ID_2G6L5,0.0
cat__Circuit_ID_2G5N7,0.0
cat__Circuit_ID_2G417,0.0
cat__Circuit_ID_2M18,0.0
cat__Circuit_ID_2M17,0.0
cat__Circuit_ID_2L455,0.0
cat__Circuit_ID_2L453,0.0
cat__Connection_Date_2017-07-29 00:00:00,0.0
cat__Circuit_ID_2KB496,0.0
cat__Circuit_ID_2K538,0.0
cat__Connection_Date_2017-07-28 00:00:00,0.0
cat__Circuit_ID_2K438,0.0
cat__Connection_Date_2017-07-25 00:00:00,0.0
cat__Circuit_ID_2H587,0.0
cat__Connection_Date_2017-07-24 00:00:00,0.0
cat__Circuit_ID_2H578,0.0
cat__Connection_Date_2017-07-22 00:00:00,0.0
cat__Connection_Date_2009-11-28 00:00:00,0.0
cat__Connection_Date_2009-11-25 00:00:00,0.0
cat__Connection_Date_2017-07-20 00:00:00,0.0
cat__Circuit_ID_2M42,0.0
cat__Circuit_ID_2M41,0.0
cat__Circuit_ID_2M39,0.0
cat__Circuit_ID_2M38,0.0
cat__Circuit_ID_2M37,0.0
cat__Circuit_ID_2M36,0.0
cat__Circuit_ID_2M35,0.0
cat__Circuit_ID_2M33,0.0
cat__Circuit_ID_2M30,0.0
cat__Circuit_ID_2M28,0.0
cat__Circuit_ID_2M26,0.0
cat__Circuit_ID_2M24,0.0
cat__Circuit_ID_2M23,0.0
cat__Circuit_ID_2M22,0.0
cat__Circuit_ID_2M21,0.0
cat__Circuit_ID_2Q12,0.0
cat__Circuit_ID_2Q11,0.0
cat__Circuit_ID_2Q10,0.0
cat__Circuit_ID_2Q09,0.0
cat__Circuit_ID_2Q08,0.0
cat__Circuit_ID_2Q06,0.0
cat__Circuit_ID_2Q02,0.0
cat__Connection_Date_2017-07-18 00:00:00,0.0
cat__Connection_Date_2017-07-17 00:00:00,0.0
cat__Circuit_ID_2MA581,0.0
cat__Circuit_ID_2MA573,0.0
cat__Circuit_ID_2MA571,0.0
cat__Circuit_ID_2M7N2,0.0
cat__Circuit_ID_2M598,0.0
cat__Connection_Date_2017-07-14 00:00:00,0.0
cat__Connection_Date_2017-07-13 00:00:00,0.0
cat__Circuit_ID_2R34,0.0
cat__Circuit_ID_2R30,0.0
cat__Circuit_ID_2R28,0.0
cat__Circuit_ID_2R24,0.0
cat__Circuit_ID_2R1K3,0.0
cat__Circuit_ID_2R19,0.0
cat__Circuit_ID_2R13,0.0
cat__Circuit_ID_2QB551,0.0
cat__Circuit_ID_2QB549,0.0
cat__Circuit_ID_2QB548,0.0
cat__Circuit_ID_2QB547,0.0
cat__Circuit_ID_2QB546,0.0
cat__Connection_Date_2017-07-12 00:00:00,0.0
cat__Circuit_ID_2Q16,0.0
cat__Circuit_ID_2Q15,0.0
cat__Circuit_ID_2Q14,0.0
cat__Circuit_ID_2U4,0.0
cat__Circuit_ID_2U3,0.0
cat__Circuit_ID_2U2,0.0
cat__Circuit_ID_2U1,0.0
cat__Circuit_ID_2RB516,0.0
cat__Connection_Date_2017-07-11 00:00:00,0.0
cat__Circuit_ID_2R91,0.0
cat__Circuit_ID_2R54,0.0
cat__Circuit_ID_2R49,0.0
cat__Connection_Date_2017-07-10 00:00:00,0.0
cat__Circuit_ID_2R436,0.0
cat__Connection_Date_2016-06-18 00:00:00,0.0
cat__Circuit_ID_2R432,0.0
cat__Circuit_ID_2R431,0.0
cat__Circuit_ID_2R429,0.0
cat__Connection_Date_2016-06-15 00:00:00,0.0
cat__Connection_Date_2016-06-14 00:00:00,0.0
cat__Circuit_ID_2WB3P7,0.0
cat__Connection_Date_2016-06-11 00:00:00,0.0
cat__Circuit_ID_2W457,0.0
cat__Connection_Date_2016-06-10 00:00:00,0.0
cat__Circuit_ID_2W443,0.0
cat__Circuit_ID_2W442,0.0
cat__Circuit_ID_2W441,0.0
cat__Circuit_ID_2W18,0.0
cat__Circuit_ID_2W14,0.0
cat__Circuit_ID_2W12,0.0
cat__Circuit_ID_2W09,0.0
cat__Circuit_ID_2W07,0.0
cat__Circuit_ID_2W03,0.0
cat__Circuit_ID_2W02,0.0
cat__Circuit_ID_2W01,0.0
cat__Circuit_ID_2X21,0.0
cat__Circuit_ID_2X19,0.0
cat__Circuit_ID_2X15,0.0
cat__Circuit_ID_2X13,0.0
cat__Connection_Date_2017-08-09 00:00:00,0.0
cat__Circuit_ID_2X08,0.0
cat__Circuit_ID_2X05,0.0
cat__Circuit_ID_2X04,0.0
cat__Circuit_ID_2X03,0.0
cat__Connection_Date_2017-08-08 00:00:00,0.0
cat__Circuit_ID_2X01,0.0
cat__Circuit_ID_2WB593,0.0
cat__Connection_Date_2017-08-07 00:00:00,0.0
cat__Circuit_ID_2WB585,0.0
cat__Connection_Date_2017-08-04 00:00:00,0.0
cat__Circuit_ID_2WB3p6,0.0
cat__Connection_Date_2009-11-05 00:00:00,0.0
cat__Connection_Date_2009-11-04 00:00:00,0.0
cat__Connection_Date_2009-11-03 00:00:00,0.0
cat__Connection_Date_2009-11-02 00:00:00,0.0
cat__Connection_Date_2009-10-30 00:00:00,0.0
cat__Connection_Date_2009-10-29 00:00:00,0.0
cat__Connection_Date_2009-10-28 00:00:00,0.0
cat__Connection_Date_2009-10-27 00:00:00,0.0
cat__Connection_Date_2009-10-26 00:00:00,0.0
cat__Connection_Date_2009-10-25 00:00:00,0.0
cat__Connection_Date_2009-10-23 00:00:00,0.0
cat__Connection_Date_2009-10-22 00:00:00,0.0
cat__Connection_Date_2017-08-03 00:00:00,0.0
cat__Connection_Date_2009-10-20 00:00:00,0.0
cat__Connection_Date_2009-10-16 00:00:00,0.0
cat__Circuit_ID_2X22,0.0
cat__Circuit_ID_3.05E+03,0.0
cat__Circuit_ID_3.03E+03,0.0
cat__Circuit_ID_3.01E+03,0.0
cat__Circuit_ID_3-1s-34,0.0
cat__Circuit_ID_3-1S-34,0.0
cat__Connection_Date_2017-09-01 00:00:00,0.0
cat__Circuit_ID_3-1N-13,0.0
cat__Circuit_ID_2r436,0.0
cat__Circuit_ID_2ab526,0.0
cat__Connection_Date_2017-08-31 00:00:00,0.0
cat__Circuit_ID_2X30,0.0
cat__Circuit_ID_2X29,0.0
cat__Circuit_ID_2X28,0.0
cat__Circuit_ID_2X27,0.0
cat__Circuit_ID_2X25,0.0
cat__Circuit_ID_2X24,0.0
cat__Circuit_ID_3015,0.0
cat__Connection_Date_2017-08-29 00:00:00,0.0
cat__Connection_Date_2017-08-24 00:00:00,0.0
cat__Connection_Date_2017-08-23 00:00:00,0.0
cat__Circuit_ID_3008,0.0
cat__Circuit_ID_3007,0.0
cat__Circuit_ID_3006,0.0
cat__Connection_Date_2017-08-22 00:00:00,0.0
cat__Circuit_ID_3001,0.0
cat__Circuit_ID_30-5-13,0.0
cat__Circuit_ID_30-3-13,0.0
cat__Circuit_ID_30-2-13,0.0
cat__Circuit_ID_3.71E+02,0.0
cat__Circuit_ID_3.69E+02,0.0
cat__Circuit_ID_3.23E+02,0.0
cat__Circuit_ID_3.06E+02,0.0
cat__Circuit_ID_304,0.0
cat__Circuit_ID_3036,0.0
cat__Connection_Date_2017-08-16 00:00:00,0.0
cat__Circuit_ID_3032,0.0
cat__Circuit_ID_3031,0.0
cat__Circuit_ID_3030,0.0
cat__Connection_Date_2017-08-15 00:00:00,0.0
cat__Circuit_ID_3027,0.0
cat__Circuit_ID_3026,0.0
cat__Connection_Date_2017-08-14 00:00:00,0.0
cat__Connection_Date_2017-08-12 00:00:00,0.0
cat__Circuit_ID_3022,0.0
cat__Circuit_ID_3021,0.0
cat__Connection_Date_2016-06-25 00:00:00,0.0
cat__Connection_Date_2016-06-23 00:00:00,0.0
cat__Circuit_ID_3018,0.0
cat__Circuit_ID_3056,0.0
cat__Circuit_ID_3055,0.0
cat__Circuit_ID_3054,0.0
cat__Circuit_ID_3053,0.0
cat__Circuit_ID_3052,0.0
cat__Circuit_ID_3050,0.0
cat__Connection_Date_2017-09-25 00:00:00,0.0
cat__Circuit_ID_3048,0.0
cat__Circuit_ID_3047,0.0
cat__Circuit_ID_3046,0.0
cat__Circuit_ID_3045,0.0
cat__Circuit_ID_3044,0.0
cat__Connection_Date_2017-09-22 00:00:00,0.0
cat__Circuit_ID_3042,0.0
cat__Connection_Date_2017-09-21 00:00:00,0.0
cat__Circuit_ID_3040,0.0
cat__Circuit_ID_30U2,0.0
cat__Circuit_ID_30U1,0.0
cat__Circuit_ID_3097,0.0
cat__Circuit_ID_3096,0.0
cat__Circuit_ID_3095,0.0
cat__Connection_Date_2017-09-20 00:00:00,0.0
cat__Circuit_ID_309,0.0
cat__Circuit_ID_3083,0.0
cat__Circuit_ID_3081,0.0
cat__Circuit_ID_308,0.0
cat__Circuit_ID_3078,0.0
cat__Circuit_ID_3076,0.0
cat__Circuit_ID_3072,0.0
cat__Circuit_ID_307,0.0
cat__Circuit_ID_306,0.0
cat__Circuit_ID_3057,0.0
cat__Circuit_ID_3100804,0.0
cat__Circuit_ID_3100802,0.0
cat__Circuit_ID_3100801,0.0
cat__Circuit_ID_3100701,0.0
cat__Circuit_ID_3100603,0.0
cat__Circuit_ID_3100602,0.0
cat__Circuit_ID_3100601,0.0
cat__Circuit_ID_3100502,0.0
cat__Circuit_ID_3100501,0.0
cat__Circuit_ID_3100401,0.0
cat__Circuit_ID_3100301,0.0
cat__Circuit_ID_3100201,0.0
cat__Circuit_ID_3100103,0.0
cat__Circuit_ID_3100102,0.0
cat__Circuit_ID_310,0.0
cat__Circuit_ID_30U3,0.0
cat__Circuit_ID_3101603,0.0
cat__Circuit_ID_3101602,0.0
cat__Circuit_ID_3101601,0.0
cat__Circuit_ID_3101203,0.0
cat__Circuit_ID_3101103,0.0
cat__Circuit_ID_3101102,0.0
cat__Circuit_ID_3101101,0.0
cat__Circuit_ID_3101004,0.0
cat__Circuit_ID_3101003,0.0
cat__Circuit_ID_3101002,0.0
cat__Connection_Date_2017-09-18 00:00:00,0.0
cat__Circuit_ID_3100901,0.0
cat__Connection_Date_2017-09-15 00:00:00,0.0
cat__Circuit_ID_3100808,0.0
cat__Circuit_ID_3100807,0.0
cat__Circuit_ID_3100806,0.0
cat__Circuit_ID_3102103,0.0
cat__Circuit_ID_3102102,0.0
cat__Circuit_ID_3102101,0.0
cat__Circuit_ID_3102005,0.0
cat__Circuit_ID_3102004,0.0
cat__Circuit_ID_3102003,0.0
cat__Circuit_ID_3102002,0.0
cat__Circuit_ID_3102001,0.0
cat__Circuit_ID_3101904,0.0
cat__Circuit_ID_3101903,0.0
cat__Connection_Date_2017-09-12 00:00:00,0.0
cat__Circuit_ID_3101901,0.0
cat__Circuit_ID_3101802,0.0
cat__Circuit_ID_3101801,0.0
cat__Circuit_ID_3101702,0.0
cat__Circuit_ID_3101701,0.0
cat__Circuit_ID_3102603,0.0
cat__Circuit_ID_3102602,0.0
cat__Circuit_ID_3102506,0.0
cat__Circuit_ID_3102505,0.0
cat__Circuit_ID_3102503,0.0
cat__Circuit_ID_3102502,0.0
cat__Circuit_ID_3102501,0.0
cat__Connection_Date_2017-09-08 00:00:00,0.0
cat__Circuit_ID_3102401,0.0
cat__Circuit_ID_3102303,0.0
cat__Circuit_ID_3102302,0.0
cat__Connection_Date_2017-09-07 00:00:00,0.0
cat__Circuit_ID_3102203,0.0
cat__Circuit_ID_3102202,0.0
cat__Circuit_ID_3102107,0.0
cat__Connection_Date_2017-09-06 00:00:00,0.0
cat__Connection_Date_2009-10-14 00:00:00,0.0
cat__Connection_Date_2009-10-13 00:00:00,0.0
cat__Connection_Date_2009-10-09 00:00:00,0.0
cat__Connection_Date_2009-10-08 00:00:00,0.0
cat__Connection_Date_2009-10-07 00:00:00,0.0
cat__Connection_Date_2009-10-05 00:00:00,0.0
cat__Connection_Date_2009-10-02 00:00:00,0.0
cat__Connection_Date_2009-10-01 00:00:00,0.0
cat__Connection_Date_2009-09-29 00:00:00,0.0
cat__Connection_Date_2009-09-25 00:00:00,0.0
cat__Connection_Date_2009-09-24 00:00:00,0.0
cat__Connection_Date_2009-09-23 00:00:00,0.0
cat__Connection_Date_2009-09-22 00:00:00,0.0
cat__Connection_Date_2009-09-21 00:00:00,0.0
cat__Circuit_ID_3102605,0.0
cat__Circuit_ID_3102604,0.0
cat__Circuit_ID_3103107,0.0
cat__Connection_Date_2017-09-05 00:00:00,0.0
cat__Circuit_ID_3103104,0.0
cat__Circuit_ID_3103103,0.0
cat__Circuit_ID_3103005,0.0
cat__Circuit_ID_3103004,0.0
cat__Circuit_ID_3103003,0.0
cat__Connection_Date_2017-10-24 00:00:00,0.0
cat__Circuit_ID_3103001,0.0
cat__Connection_Date_2017-10-23 00:00:00,0.0
cat__Circuit_ID_3102902,0.0
cat__Circuit_ID_3102901,0.0
cat__Circuit_ID_3102802,0.0
cat__Circuit_ID_3102801,0.0
cat__Circuit_ID_3102701,0.0
cat__Connection_Date_2009-10-15 00:00:00,0.0
cat__Circuit_ID_3103701,0.0
cat__Circuit_ID_3103605,0.0
cat__Circuit_ID_3103603,0.0
cat__Circuit_ID_3103601,0.0
cat__Circuit_ID_3103502,0.0
cat__Circuit_ID_3103501,0.0
cat__Circuit_ID_3103402,0.0
cat__Circuit_ID_3103401,0.0
cat__Circuit_ID_3103304,0.0
cat__Circuit_ID_3103303,0.0
cat__Circuit_ID_3103302,0.0
cat__Connection_Date_2017-10-21 00:00:00,0.0
cat__Circuit_ID_3103205,0.0
cat__Connection_Date_2017-10-16 00:00:00,0.0
cat__Circuit_ID_3103202,0.0
cat__Circuit_ID_3103201,0.0
cat__Connection_Date_2017-10-13 00:00:00,0.0
cat__Circuit_ID_3104201,0.0
cat__Circuit_ID_3104005,0.0
cat__Circuit_ID_3104004,0.0
cat__Circuit_ID_3104003,0.0
cat__Circuit_ID_3104002,0.0
cat__Circuit_ID_3104001,0.0
cat__Connection_Date_2017-10-12 00:00:00,0.0
cat__Circuit_ID_3103902,0.0
cat__Circuit_ID_3103901,0.0
cat__Circuit_ID_3103804,0.0
cat__Circuit_ID_3103803,0.0
cat__Circuit_ID_3103802,0.0
cat__Circuit_ID_3103801,0.0
cat__Circuit_ID_3103703,0.0
cat__Circuit_ID_3103702,0.0
cat__Circuit_ID_312,0.0
cat__Circuit_ID_311,0.0
cat__Connection_Date_2017-10-11 00:00:00,0.0
cat__Circuit_ID_3107501,0.0
cat__Circuit_ID_3106301,0.0
cat__Connection_Date_2017-10-09 00:00:00,0.0
cat__Connection_Date_2017-10-08 00:00:00,0.0
cat__Circuit_ID_3105204,0.0
cat__Circuit_ID_3105203,0.0
cat__Circuit_ID_3105202,0.0
cat__Circuit_ID_3105201,0.0
cat__Circuit_ID_3105003,0.0
cat__Circuit_ID_3105002,0.0
cat__Circuit_ID_3104902,0.0
cat__Circuit_ID_3104802,0.0
cat__Connection_Date_2017-10-02 00:00:00,0.0
cat__Circuit_ID_3200401,0.0
cat__Circuit_ID_3200302,0.0
cat__Circuit_ID_3200301,0.0
cat__Circuit_ID_3200206,0.0
cat__Circuit_ID_3200205,0.0
cat__Circuit_ID_3200204,0.0
cat__Circuit_ID_3200104,0.0
cat__Circuit_ID_3200103,0.0
cat__Circuit_ID_3200102,0.0
cat__Circuit_ID_3200101,0.0
cat__Circuit_ID_31U4,0.0
cat__Circuit_ID_31U3,0.0
cat__Circuit_ID_31U2,0.0
cat__Connection_Date_2017-11-17 00:00:00,0.0
cat__Circuit_ID_314,0.0
cat__Circuit_ID_313,0.0
cat__Circuit_ID_33R12,0.0
cat__Circuit_ID_32U2,0.0
cat__Circuit_ID_32U1,0.0
cat__Circuit_ID_323,0.0
cat__Circuit_ID_322,0.0
cat__Circuit_ID_321,0.0
cat__Circuit_ID_3201702,0.0
cat__Circuit_ID_3201701,0.0
cat__Connection_Date_2017-11-15 00:00:00,0.0
cat__Circuit_ID_3200505,0.0
cat__Circuit_ID_3200504,0.0
cat__Circuit_ID_3200503,0.0
cat__Connection_Date_2017-11-14 00:00:00,0.0
cat__Circuit_ID_3200501,0.0
cat__Circuit_ID_3200403,0.0
cat__Circuit_ID_3200402,0.0
cat__Connection_Date_2017-11-13 00:00:00,0.0
cat__Connection_Date_2017-11-09 00:00:00,0.0
cat__Circuit_ID_34U3,0.0
cat__Circuit_ID_34U2,0.0
cat__Circuit_ID_34U1,0.0
cat__Circuit_ID_34M32,0.0
cat__Connection_Date_2017-11-07 00:00:00,0.0
cat__Circuit_ID_33U3,0.0
cat__Connection_Date_2017-11-04 00:00:00,0.0
cat__Circuit_ID_33U1,0.0
cat__Circuit_ID_33R36,0.0
cat__Circuit_ID_33R34,0.0
cat__Circuit_ID_33R30,0.0
cat__Circuit_ID_33R29,0.0
cat__Circuit_ID_33R27,0.0
cat__Circuit_ID_33R14,0.0
cat__Circuit_ID_36_01_12462,0.0
cat__Circuit_ID_36U4,0.0
cat__Circuit_ID_36U3,0.0
cat__Circuit_ID_36U2,0.0
cat__Circuit_ID_36U1,0.0
cat__Connection_Date_2017-11-02 00:00:00,0.0
cat__Circuit_ID_368,0.0
cat__Circuit_ID_367,0.0
cat__Circuit_ID_366,0.0
cat__Circuit_ID_365,0.0
cat__Connection_Date_2017-10-31 00:00:00,0.0
cat__Circuit_ID_35U3,0.0
cat__Circuit_ID_35U2,0.0
cat__Circuit_ID_35U1,0.0
cat__Circuit_ID_354,0.0
cat__Circuit_ID_353,0.0
cat__Circuit_ID_36_01_13971,0.0
cat__Circuit_ID_36_01_13962,0.0
cat__Circuit_ID_36_01_13961,0.0
cat__Circuit_ID_36_01_13055,0.0
cat__Circuit_ID_36_01_13051,0.0
cat__Circuit_ID_36_01_12963,0.0
cat__Circuit_ID_36_01_12766,0.0
cat__Circuit_ID_36_01_12765,0.0
cat__Circuit_ID_36_01_12762,0.0
cat__Circuit_ID_36_01_12761,0.0
cat__Circuit_ID_36_01_12475,0.0
cat__Circuit_ID_36_01_12473,0.0
cat__Circuit_ID_36_01_12471,0.0
cat__Circuit_ID_36_01_12467,0.0
cat__Circuit_ID_36_01_12466,0.0
cat__Circuit_ID_36_01_12464,0.0
cat__Circuit_ID_36_01_16065,0.0
cat__Circuit_ID_36_01_16061,0.0
cat__Circuit_ID_36_01_15564,0.0
cat__Circuit_ID_36_01_15561,0.0
cat__Circuit_ID_36_01_15467,0.0
cat__Circuit_ID_36_01_15466,0.0
cat__Circuit_ID_36_01_14651,0.0
cat__Circuit_ID_36_01_14271,0.0
cat__Circuit_ID_36_01_14269,0.0
cat__Connection_Date_2017-10-28 00:00:00,0.0
cat__Circuit_ID_36_01_14057,0.0
cat__Circuit_ID_36_01_14056,0.0
cat__Connection_Date_2016-06-05 00:00:00,0.0
cat__Circuit_ID_36_01_14053,0.0
cat__Connection_Date_2016-06-04 00:00:00,0.0
cat__Circuit_ID_36_01_14051,0.0
cat__Circuit_ID_36_01_21258,0.0
cat__Circuit_ID_36_01_21253,0.0
cat__Circuit_ID_36_01_21252,0.0
cat__Circuit_ID_36_01_21157,0.0
cat__Circuit_ID_36_01_21155,0.0
cat__Circuit_ID_36_01_21153,0.0
cat__Circuit_ID_36_01_21151,0.0
cat__Circuit_ID_36_01_21150,0.0
cat__Circuit_ID_36_01_20870,0.0
cat__Circuit_ID_36_01_20867,0.0
cat__Circuit_ID_36_01_20655,0.0
cat__Circuit_ID_36_01_20653,0.0
cat__Circuit_ID_36_01_18E,0.0
cat__Circuit_ID_36_01_16168,0.0
cat__Circuit_ID_36_01_16161,0.0
cat__Circuit_ID_36_01_16069,0.0
cat__Circuit_ID_36_01_2262,0.0
cat__Circuit_ID_36_01_2261,0.0
cat__Circuit_ID_36_01_22453,0.0
cat__Circuit_ID_36_01_2173,0.0
cat__Circuit_ID_36_01_2171,0.0
cat__Circuit_ID_36_01_2169,0.0
cat__Circuit_ID_36_01_2168,0.0
cat__Circuit_ID_36_01_2167,0.0
cat__Circuit_ID_36_01_2166,0.0
cat__Circuit_ID_36_01_2165,0.0
cat__Circuit_ID_36_01_2164,0.0
cat__Circuit_ID_36_01_2163,0.0
cat__Circuit_ID_36_01_2161,0.0
cat__Circuit_ID_36_01_215452,0.0
cat__Circuit_ID_36_01_21462,0.0
cat__Circuit_ID_36_01_21351,0.0
cat__Circuit_ID_36_01_2362,0.0
cat__Circuit_ID_36_01_2361,0.0
cat__Circuit_ID_36_01_22957,0.0
cat__Circuit_ID_36_01_22956,0.0
cat__Circuit_ID_36_01_22955,0.0
cat__Circuit_ID_36_01_22954,0.0
cat__Circuit_ID_36_01_22953,0.0
cat__Circuit_ID_36_01_22952,0.0
cat__Circuit_ID_36_01_22951,0.0
cat__Circuit_ID_36_01_2273,0.0
cat__Connection_Date_2016-06-03 00:00:00,0.0
cat__Circuit_ID_36_01_2269,0.0
cat__Circuit_ID_36_01_2268,0.0
cat__Circuit_ID_36_01_2267,0.0
cat__Circuit_ID_36_01_2264,0.0
cat__Circuit_ID_36_01_2263,0.0
cat__Circuit_ID_36_01_2472,0.0
cat__Circuit_ID_36_01_2471,0.0
cat__Circuit_ID_36_01_2469,0.0
cat__Circuit_ID_36_01_2467,0.0
cat__Circuit_ID_36_01_2466,0.0
cat__Circuit_ID_36_01_2463,0.0
cat__Circuit_ID_36_01_2462,0.0
cat__Circuit_ID_36_01_2373,0.0
cat__Circuit_ID_36_01_2372,0.0
cat__Circuit_ID_36_01_2371,0.0
cat__Circuit_ID_36_01_2369,0.0
cat__Circuit_ID_36_01_2368,0.0
cat__Circuit_ID_36_01_2367,0.0
cat__Circuit_ID_36_01_2366,0.0
cat__Circuit_ID_36_01_2365,0.0
cat__Circuit_ID_36_01_2364,0.0
cat__Circuit_ID_36_01_2766,0.0
cat__Circuit_ID_36_01_2762,0.0
cat__Circuit_ID_36_01_2676,0.0
cat__Circuit_ID_36_01_2675,0.0
cat__Circuit_ID_36_01_2672,0.0
cat__Circuit_ID_36_01_2671,0.0
cat__Circuit_ID_36_01_2669,0.0
cat__Circuit_ID_36_01_2667,0.0
cat__Circuit_ID_36_01_2666,0.0
cat__Circuit_ID_36_01_2665,0.0
cat__Circuit_ID_36_01_2663,0.0
cat__Circuit_ID_36_01_2662,0.0
cat__Circuit_ID_36_01_2661,0.0
cat__Circuit_ID_36_01_2568,0.0
cat__Connection_Date_2016-05-30 00:00:00,0.0
cat__Circuit_ID_36_01_2473,0.0
cat__Circuit_ID_36_01_3064,0.0
cat__Circuit_ID_36_01_3063,0.0
cat__Circuit_ID_36_01_3062,0.0
cat__Circuit_ID_36_01_2971,0.0
cat__Circuit_ID_36_01_2969,0.0
cat__Circuit_ID_36_01_2968,0.0
cat__Circuit_ID_36_01_2967,0.0
cat__Circuit_ID_36_01_2966,0.0
cat__Circuit_ID_36_01_2964,0.0
cat__Circuit_ID_36_01_2961,0.0
cat__Circuit_ID_36_01_2869,0.0
cat__Circuit_ID_36_01_2868,0.0
cat__Circuit_ID_36_01_2867,0.0
cat__Circuit_ID_36_01_2861,0.0
cat__Circuit_ID_36_01_2769,0.0
cat__Circuit_ID_36_01_2768,0.0
cat__Circuit_ID_36_01_3371,0.0
cat__Circuit_ID_36_01_3369,0.0
cat__Circuit_ID_36_01_3366,0.0
cat__Circuit_ID_36_01_3365,0.0
cat__Circuit_ID_36_01_3363,0.0
cat__Connection_Date_2016-05-27 00:00:00,0.0
cat__Circuit_ID_36_01_3272,0.0
cat__Circuit_ID_36_01_3268,0.0
cat__Circuit_ID_36_01_3267,0.0
cat__Circuit_ID_36_01_3263,0.0
cat__Circuit_ID_36_01_3262,0.0
cat__Circuit_ID_36_01_3261,0.0
cat__Circuit_ID_36_01_3171,0.0
cat__Circuit_ID_36_01_3071,0.0
cat__Circuit_ID_36_01_3069,0.0
cat__Circuit_ID_36_01_3067,0.0
cat__Circuit_ID_36_01_3672,0.0
cat__Circuit_ID_36_01_3671,0.0
cat__Circuit_ID_36_01_3668,0.0
cat__Circuit_ID_36_01_3664,0.0
cat__Circuit_ID_36_01_3663,0.0
cat__Circuit_ID_36_01_3662,0.0
cat__Circuit_ID_36_01_3573,0.0
cat__Circuit_ID_36_01_3568,0.0
cat__Circuit_ID_36_01_3567,0.0
cat__Circuit_ID_36_01_3469,0.0
cat__Circuit_ID_36_01_3468,0.0
cat__Circuit_ID_36_01_3466,0.0
cat__Circuit_ID_36_01_3463,0.0
cat__Connection_Date_2016-05-23 00:00:00,0.0
cat__Circuit_ID_36_01_3461,0.0
cat__Circuit_ID_36_01_3372,0.0
cat__Circuit_ID_36_01_3972,0.0
cat__Circuit_ID_36_01_3971,0.0
cat__Circuit_ID_36_01_3967,0.0
cat__Circuit_ID_36_01_3966,0.0
cat__Circuit_ID_36_01_3963,0.0
cat__Circuit_ID_36_01_3961,0.0
cat__Circuit_ID_36_01_3873,0.0
cat__Circuit_ID_36_01_3871,0.0
cat__Circuit_ID_36_01_3869,0.0
cat__Circuit_ID_36_01_3864,0.0
cat__Circuit_ID_36_01_3773,0.0
cat__Circuit_ID_36_01_3771,0.0
cat__Circuit_ID_36_01_3768,0.0
cat__Circuit_ID_36_01_3766,0.0
cat__Circuit_ID_36_01_3762,0.0
cat__Circuit_ID_36_01_3761,0.0
cat__Circuit_ID_36_01_4372,0.0
cat__Circuit_ID_36_01_4368,0.0
cat__Circuit_ID_36_01_4365,0.0
cat__Connection_Date_2017-11-27 00:00:00,0.0
cat__Circuit_ID_36_01_4361,0.0
cat__Circuit_ID_36_01_4168,0.0
cat__Circuit_ID_36_01_4167,0.0
cat__Circuit_ID_36_01_4163,0.0
cat__Circuit_ID_36_01_4161,0.0
cat__Circuit_ID_36_01_4075,0.0
cat__Circuit_ID_36_01_4069,0.0
cat__Circuit_ID_36_01_4066,0.0
cat__Circuit_ID_36_01_4065,0.0
cat__Circuit_ID_36_01_4062,0.0
cat__Circuit_ID_36_01_4061,0.0
cat__Circuit_ID_36_01_3973,0.0
cat__Circuit_ID_36_01_4668,0.0
cat__Circuit_ID_36_01_4667,0.0
cat__Circuit_ID_36_01_4666,0.0
cat__Circuit_ID_36_01_4664,0.0
cat__Circuit_ID_36_01_4663,0.0
cat__Circuit_ID_36_01_4662,0.0
cat__Circuit_ID_36_01_4565,0.0
cat__Circuit_ID_36_01_4563,0.0
cat__Circuit_ID_36_01_4561,0.0
cat__Circuit_ID_36_01_4473,0.0
cat__Circuit_ID_36_01_4472,0.0
cat__Circuit_ID_36_01_4468,0.0
cat__Circuit_ID_36_01_4467,0.0
cat__Circuit_ID_36_01_4466,0.0
cat__Circuit_ID_36_01_4464,0.0
cat__Circuit_ID_36_01_4461,0.0
cat__Connection_Date_2009-09-17 00:00:00,0.0
cat__Connection_Date_2009-09-16 00:00:00,0.0
cat__Connection_Date_2009-09-15 00:00:00,0.0
cat__Connection_Date_2017-11-25 00:00:00,0.0
cat__Connection_Date_2009-09-11 00:00:00,0.0
cat__Connection_Date_2009-09-10 00:00:00,0.0
cat__Connection_Date_2009-09-09 00:00:00,0.0
cat__Connection_Date_2017-11-22 00:00:00,0.0
cat__Connection_Date_2009-09-03 00:00:00,0.0
cat__Connection_Date_2009-09-02 00:00:00,0.0
cat__Connection_Date_2009-09-01 00:00:00,0.0
cat__Connection_Date_2009-08-31 00:00:00,0.0
cat__Connection_Date_2009-08-28 00:00:00,0.0
cat__Connection_Date_2009-08-27 00:00:00,0.0
cat__Connection_Date_2009-08-25 00:00:00,0.0
cat__Circuit_ID_36_01_4671,0.0
cat__Circuit_ID_36_01_5363,0.0
cat__Circuit_ID_36_01_5362,0.0
cat__Circuit_ID_36_01_5361,0.0
cat__Circuit_ID_36_01_5268,0.0
cat__Circuit_ID_36_01_5267,0.0
cat__Circuit_ID_36_01_4968,0.0
cat__Circuit_ID_36_01_4967,0.0
cat__Circuit_ID_36_01_4965,0.0
cat__Circuit_ID_36_01_4868,0.0
cat__Circuit_ID_36_01_4864,0.0
cat__Circuit_ID_36_01_4863,0.0
cat__Circuit_ID_36_01_4768,0.0
cat__Circuit_ID_36_01_4767,0.0
cat__Circuit_ID_36_01_4763,0.0
cat__Circuit_ID_36_01_4761,0.0
cat__Circuit_ID_36_01_4672,0.0
cat__Circuit_ID_36_01_5669,0.0
cat__Circuit_ID_36_01_5668,0.0
cat__Circuit_ID_36_01_5665,0.0
cat__Circuit_ID_36_01_5663,0.0
cat__Circuit_ID_36_01_5662,0.0
cat__Circuit_ID_36_01_5565,0.0
cat__Circuit_ID_36_01_5563,0.0
cat__Circuit_ID_36_01_5561,0.0
cat__Circuit_ID_36_01_5473,0.0
cat__Circuit_ID_36_01_5472,0.0
cat__Circuit_ID_36_01_5469,0.0
cat__Circuit_ID_36_01_5468,0.0
cat__Circuit_ID_36_01_5464,0.0
cat__Circuit_ID_36_01_5462,0.0
cat__Circuit_ID_36_01_5461,0.0
cat__Circuit_ID_36_01_5366,0.0
cat__Connection_Date_2017-12-30 00:00:00,0.0
cat__Circuit_ID_36_01_6051,0.0
cat__Circuit_ID_36_01_5965,0.0
cat__Circuit_ID_36_01_5882,0.0
cat__Circuit_ID_36_01_5881,0.0
cat__Circuit_ID_36_01_5872,0.0
cat__Circuit_ID_36_01_5871,0.0
cat__Circuit_ID_36_01_5864,0.0
cat__Circuit_ID_36_01_5862,0.0
cat__Circuit_ID_36_01_5861,0.0
cat__Circuit_ID_36_01_5769,0.0
cat__Circuit_ID_36_01_5766,0.0
cat__Circuit_ID_36_01_5764,0.0
cat__Circuit_ID_36_01_5762,0.0
cat__Circuit_ID_36_01_5761,0.0
cat__Circuit_ID_36_01_5670,0.0
cat__Circuit_ID_36_01_6661,0.0
cat__Circuit_ID_36_01_6366,0.0
cat__Circuit_ID_36_01_6365,0.0
cat__Circuit_ID_36_01_6364,0.0
cat__Circuit_ID_36_01_6363,0.0
cat__Circuit_ID_36_01_6362,0.0
cat__Connection_Date_2017-12-24 00:00:00,0.0
cat__Circuit_ID_36_01_6167,0.0
cat__Connection_Date_2017-12-23 00:00:00,0.0
cat__Circuit_ID_36_01_6165,0.0
cat__Circuit_ID_36_01_6164,0.0
cat__Circuit_ID_36_01_6057,0.0
cat__Circuit_ID_36_01_6056,0.0
cat__Circuit_ID_36_01_6055,0.0
cat__Circuit_ID_36_01_6054,0.0
cat__Circuit_ID_36_01_6053,0.0
cat__Circuit_ID_36_01_99554,0.0
cat__Circuit_ID_36_01_99552,0.0
cat__Circuit_ID_36_01_99551,0.0
cat__Circuit_ID_36_01_7861,0.0
cat__Circuit_ID_36_01_7462,0.0
cat__Circuit_ID_36_01_6873,0.0
cat__Circuit_ID_36_01_6871,0.0
cat__Circuit_ID_36_01_6867,0.0
cat__Circuit_ID_36_01_6866,0.0
cat__Circuit_ID_36_01_6865,0.0
cat__Circuit_ID_36_01_6864,0.0
cat__Circuit_ID_36_01_6863,0.0
cat__Circuit_ID_36_01_6861,0.0
cat__Circuit_ID_36_01_68451,0.0
cat__Circuit_ID_36_01_6762,0.0
cat__Circuit_ID_36_01_6761,0.0
cat__Circuit_ID_36_03_13051,0.0
cat__Circuit_ID_36_03_12976,0.0
cat__Circuit_ID_36_03_12975,0.0
cat__Circuit_ID_36_03_12974,0.0
cat__Circuit_ID_36_03_12964,0.0
cat__Circuit_ID_36_03_12963,0.0
cat__Circuit_ID_36_03_12962,0.0
cat__Circuit_ID_36_03_12664,0.0
cat__Circuit_ID_36_03_12662,0.0
cat__Circuit_ID_36_03_12661,0.0
cat__Circuit_ID_36_03_12268,0.0
cat__Circuit_ID_36_03_10557,0.0
cat__Circuit_ID_36_03_10552,0.0
cat__Circuit_ID_36_03_10551,0.0
cat__Connection_Date_2017-12-22 00:00:00,0.0
cat__Circuit_ID_36_01_99555,0.0
cat__Circuit_ID_36_03_20656,0.0
cat__Circuit_ID_36_03_20655,0.0
cat__Circuit_ID_36_03_20654,0.0
cat__Circuit_ID_36_03_20653,0.0
cat__Circuit_ID_36_03_20652,0.0
cat__Circuit_ID_36_03_20651,0.0
cat__Circuit_ID_36_03_17164,0.0
cat__Circuit_ID_36_03_17163,0.0
cat__Circuit_ID_36_03_17161,0.0
cat__Circuit_ID_36_03_17064,0.0
cat__Circuit_ID_36_03_17063,0.0
cat__Circuit_ID_36_03_17061,0.0
cat__Circuit_ID_36_03_13058,0.0
cat__Circuit_ID_36_03_13055,0.0
cat__Circuit_ID_36_03_13053,0.0
cat__Circuit_ID_36_03_13052,0.0
cat__Circuit_ID_36_03_21754,0.0
cat__Circuit_ID_36_03_21753,0.0
cat__Circuit_ID_36_03_21752,0.0
cat__Circuit_ID_36_03_21751,0.0
cat__Circuit_ID_36_03_21653,0.0
cat__Circuit_ID_36_03_21652,0.0
cat__Circuit_ID_36_03_21651,0.0
cat__Circuit_ID_36_03_21553,0.0
cat__Circuit_ID_36_03_21465,0.0
cat__Circuit_ID_36_03_21464,0.0
cat__Circuit_ID_36_03_21462,0.0
cat__Circuit_ID_36_03_21053,0.0
cat__Circuit_ID_36_03_21052,0.0
cat__Circuit_ID_36_03_21051,0.0
cat__Circuit_ID_36_03_20954,0.0
cat__Circuit_ID_36_03_20953,0.0
cat__Circuit_ID_36_03_7461,0.0
cat__Circuit_ID_36_03_7162,0.0
cat__Circuit_ID_36_03_7161,0.0
cat__Circuit_ID_36_03_6458,0.0
cat__Circuit_ID_36_03_6457,0.0
cat__Connection_Date_2017-12-06 00:00:00,0.0
cat__Connection_Date_2017-11-30 00:00:00,0.0
cat__Circuit_ID_36_03_6452,0.0
cat__Circuit_ID_36_03_6451,0.0
cat__Circuit_ID_36_03_23256,0.0
cat__Circuit_ID_36_03_23255,0.0
cat__Circuit_ID_36_03_23252,0.0
cat__Circuit_ID_36_03_23251,0.0
cat__Circuit_ID_36_03_22458,0.0
cat__Circuit_ID_36_03_22457,0.0
cat__Circuit_ID_36_03_22453,0.0
cat__Circuit_ID_36_03_7863,0.0
cat__Circuit_ID_36_03_7861,0.0
cat__Connection_Date_2017-11-29 00:00:00,0.0
cat__Circuit_ID_36_03_7765,0.0
cat__Circuit_ID_36_03_7763,0.0
cat__Circuit_ID_36_03_7761,0.0
cat__Circuit_ID_36_03_7656,0.0
cat__Circuit_ID_36_03_7655,0.0
cat__Circuit_ID_36_03_7654,0.0
cat__Circuit_ID_36_03_7652,0.0
cat__Circuit_ID_36_03_7651,0.0
cat__Circuit_ID_36_03_7466,0.0
cat__Circuit_ID_36_03_7465,0.0
cat__Circuit_ID_36_03_7464,0.0
cat__Circuit_ID_36_03_7463,0.0
cat__Connection_Date_2016-05-19 00:00:00,0.0
cat__Circuit_ID_36_03_8563,0.0
cat__Circuit_ID_36_03_8562,0.0
cat__Circuit_ID_36_03_8364,0.0
cat__Circuit_ID_36_03_8363,0.0
cat__Circuit_ID_36_03_8167,0.0
cat__Circuit_ID_36_03_8164,0.0
cat__Circuit_ID_36_03_8068,0.0
cat__Circuit_ID_36_03_8065,0.0
cat__Circuit_ID_36_03_7966,0.0
cat__Circuit_ID_36_03_7963,0.0
cat__Circuit_ID_36_03_7962,0.0
cat__Circuit_ID_36_03_7961,0.0
cat__Circuit_ID_36_03_7868,0.0
cat__Circuit_ID_36_03_7867,0.0
cat__Circuit_ID_36_03_7865,0.0
cat__Circuit_ID_36_03_7864,0.0
cat__Circuit_ID_36_03_9758,0.0
cat__Circuit_ID_36_03_9757,0.0
cat__Circuit_ID_36_03_9756,0.0
cat__Circuit_ID_36_03_9754,0.0
cat__Circuit_ID_36_03_9753,0.0
cat__Circuit_ID_36_03_9363,0.0
cat__Circuit_ID_36_03_9362,0.0
cat__Circuit_ID_36_03_9361,0.0
cat__Circuit_ID_36_03_8964,0.0
cat__Circuit_ID_36_03_8963,0.0
cat__Circuit_ID_36_03_8863,0.0
cat__Circuit_ID_36_03_8764,0.0
cat__Circuit_ID_36_03_8663,0.0
cat__Circuit_ID_36_03_8567,0.0
cat__Circuit_ID_36_03_8566,0.0
cat__Circuit_ID_36_03_8564,0.0
cat__Circuit_ID_36_04_1561,0.0
cat__Connection_Date_2016-05-18 00:00:00,0.0
cat__Circuit_ID_36_04_1262,0.0
cat__Circuit_ID_36_04_1261,0.0
cat__Connection_Date_2016-05-14 00:00:00,0.0
cat__Circuit_ID_36_04_0456,0.0
cat__Circuit_ID_36_04_0455,0.0
cat__Circuit_ID_36_04_0363,0.0
cat__Circuit_ID_36_04_0362,0.0
cat__Circuit_ID_36_04_0158,0.0
cat__Circuit_ID_36_04_0157,0.0
cat__Circuit_ID_36_04_0156,0.0
cat__Circuit_ID_36_04_0155,0.0
cat__Circuit_ID_36_04_0153,0.0
cat__Circuit_ID_36_04_0152,0.0
cat__Circuit_ID_36_03_SEG64,0.0
cat__Circuit_ID_36_04_2852,0.0
cat__Circuit_ID_36_04_2851,0.0
cat__Circuit_ID_36_04_2362,0.0
cat__Circuit_ID_36_04_2361,0.0
cat__Circuit_ID_36_04_22653,0.0
cat__Connection_Date_2016-05-13 00:00:00,0.0
cat__Circuit_ID_36_04_22651,0.0
cat__Circuit_ID_36_04_2262,0.0
cat__Circuit_ID_36_04_2261,0.0
cat__Circuit_ID_36_04_2161,0.0
cat__Circuit_ID_36_04_2062,0.0
cat__Connection_Date_2016-05-11 00:00:00,0.0
cat__Connection_Date_2016-05-08 00:00:00,0.0
cat__Circuit_ID_36_04_1861,0.0
cat__Connection_Date_2016-05-07 00:00:00,0.0
cat__Connection_Date_2018-01-08 00:00:00,0.0
cat__Circuit_ID_36_05_4363,0.0
cat__Circuit_ID_36_05_4362,0.0
cat__Circuit_ID_36_05_4062,0.0
cat__Circuit_ID_36_05_4061,0.0
cat__Circuit_ID_36_05_3851,0.0
cat__Circuit_ID_36_05_3763,0.0
cat__Circuit_ID_36_05_3762,0.0
cat__Circuit_ID_36_05_3761,0.0
cat__Connection_Date_2018-01-05 00:00:00,0.0
cat__Circuit_ID_36_05_3253,0.0
cat__Circuit_ID_36_05_3252,0.0
cat__Circuit_ID_36_05_3251,0.0
cat__Circuit_ID_36_04_2952,0.0
cat__Circuit_ID_36_04_2951,0.0
cat__Circuit_ID_36_04_2856,0.0
cat__Circuit_ID_36_04_2855,0.0
cat__Circuit_ID_36_05_RGE05,0.0
cat__Circuit_ID_36_05_RGE04,0.0
cat__Circuit_ID_36_05_5552,0.0
cat__Circuit_ID_36_05_5551,0.0
cat__Circuit_ID_36_05_5352,0.0
cat__Circuit_ID_36_05_5351,0.0
cat__Circuit_ID_36_05_5262,0.0
cat__Circuit_ID_36_05_5261,0.0
cat__Circuit_ID_36_05_5157,0.0
cat__Connection_Date_2018-01-04 00:00:00,0.0
cat__Circuit_ID_36_05_5155,0.0
cat__Circuit_ID_36_05_5153,0.0
cat__Circuit_ID_36_05_5152,0.0
cat__Circuit_ID_36_05_5052,0.0
cat__Circuit_ID_36_05_5051,0.0
cat__Connection_Date_2018-01-03 00:00:00,0.0
cat__Circuit_ID_36_06_7761,0.0
cat__Circuit_ID_36_06_7656,0.0
cat__Circuit_ID_36_06_7655,0.0
cat__Circuit_ID_36_06_7654,0.0
cat__Circuit_ID_36_06_7653,0.0
cat__Circuit_ID_36_06_7459,0.0
cat__Connection_Date_2018-01-31 00:00:00,0.0
cat__Circuit_ID_36_06_7457,0.0
cat__Connection_Date_2018-01-30 00:00:00,0.0
cat__Connection_Date_2018-01-26 00:00:00,0.0
cat__Circuit_ID_36_06_7363,0.0
cat__Circuit_ID_36_06_7362,0.0
cat__Circuit_ID_36_06_7361,0.0
cat__Circuit_ID_36_06_7251,0.0
cat__Circuit_ID_36_05_SEG63,0.0
cat__Circuit_ID_36_05_SEG62,0.0
cat__Connection_Date_2009-08-24 00:00:00,0.0
cat__Connection_Date_2018-01-25 00:00:00,0.0
cat__Connection_Date_2009-08-21 00:00:00,0.0
cat__Connection_Date_2009-08-20 00:00:00,0.0
cat__Connection_Date_2009-08-19 00:00:00,0.0
cat__Connection_Date_2009-08-18 00:00:00,0.0
cat__Connection_Date_2009-08-17 00:00:00,0.0
cat__Connection_Date_2009-08-14 00:00:00,0.0
cat__Connection_Date_2009-08-13 00:00:00,0.0
cat__Connection_Date_2009-08-12 00:00:00,0.0
cat__Connection_Date_2009-08-11 00:00:00,0.0
cat__Connection_Date_2009-08-10 00:00:00,0.0
cat__Connection_Date_2009-08-07 00:00:00,0.0
cat__Connection_Date_2009-08-06 00:00:00,0.0
cat__Connection_Date_2009-08-05 00:00:00,0.0
cat__Circuit_ID_36_06_7765,0.0
cat__Circuit_ID_36_06_9261,0.0
cat__Circuit_ID_36_06_9063,0.0
cat__Circuit_ID_36_06_9061,0.0
cat__Circuit_ID_36_06_8462,0.0
cat__Circuit_ID_36_06_8256,0.0
cat__Connection_Date_2018-01-23 00:00:00,0.0
cat__Circuit_ID_36_06_8253,0.0
cat__Circuit_ID_36_06_8252,0.0
cat__Circuit_ID_36_06_8251,0.0
cat__Circuit_ID_36_06_8151,0.0
cat__Circuit_ID_36_06_8064,0.0
cat__Circuit_ID_36_06_8063,0.0
cat__Circuit_ID_36_06_7952,0.0
cat__Circuit_ID_36_06_7951,0.0
cat__Connection_Date_2018-01-20 00:00:00,0.0
cat__Connection_Date_2018-01-15 00:00:00,0.0
cat__Circuit_ID_36_07_8861,0.0
cat__Circuit_ID_36_07_8362,0.0
cat__Circuit_ID_36_07_8361,0.0
cat__Circuit_ID_36_07_8251,0.0
cat__Circuit_ID_36_07_18254,0.0
cat__Circuit_ID_36_07_18253,0.0
cat__Circuit_ID_36_07_18252,0.0
cat__Circuit_ID_36_07_18251,0.0
cat__Circuit_ID_36_07_18151,0.0
cat__Circuit_ID_36_07_18061,0.0
cat__Circuit_ID_36_06_9863,0.0
cat__Circuit_ID_36_06_9861,0.0
cat__Circuit_ID_36_06_9563,0.0
cat__Circuit_ID_36_06_9562,0.0
cat__Circuit_ID_36_06_9561,0.0
cat__Circuit_ID_36_06_9263,0.0
cat__Circuit_ID_36_08_15454,0.0
cat__Circuit_ID_36_08_15452,0.0
cat__Circuit_ID_36_08_15353,0.0
cat__Circuit_ID_36_08_15351,0.0
cat__Circuit_ID_36_07_SEG66,0.0
cat__Circuit_ID_36_07_SEG46,0.0
cat__Circuit_ID_36_07_SEG40,0.0
cat__Connection_Date_2018-01-13 00:00:00,0.0
cat__Circuit_ID_36_07_9352,0.0
cat__Circuit_ID_36_07_9351,0.0
cat__Circuit_ID_36_07_9262,0.0
cat__Circuit_ID_36_07_9154,0.0
cat__Circuit_ID_36_07_9153,0.0
cat__Circuit_ID_36_07_9152,0.0
cat__Circuit_ID_36_07_9151,0.0
cat__Circuit_ID_36_07_8862,0.0
cat__Connection_Date_2016-05-21 00:00:00,0.0
cat__Circuit_ID_36_09_15962,0.0
cat__Circuit_ID_36_09_15961,0.0
cat__Circuit_ID_36_09_15056,0.0
cat__Circuit_ID_36_09_15055,0.0
cat__Circuit_ID_36_09_15054,0.0
cat__Circuit_ID_36_08_9956,0.0
cat__Circuit_ID_36_08_9955,0.0
cat__Circuit_ID_36_08_9954,0.0
cat__Circuit_ID_36_08_9953,0.0
cat__Circuit_ID_36_08_7261,0.0
cat__Circuit_ID_36_08_6353,0.0
cat__Circuit_ID_36_08_6162,0.0
cat__Circuit_ID_36_08_6161,0.0
cat__Circuit_ID_36_08_5362,0.0
cat__Circuit_ID_36_08_5361,0.0
cat__Circuit_ID_36_09_6963,0.0
cat__Circuit_ID_36_09_6962,0.0
cat__Circuit_ID_36_09_6961,0.0
cat__Circuit_ID_36_09_6861,0.0
cat__Circuit_ID_36_09_6662,0.0
cat__Circuit_ID_36_09_6661,0.0
cat__Connection_Date_2018-02-21 00:00:00,0.0
cat__Circuit_ID_36_09_6063,0.0
cat__Circuit_ID_36_09_6061,0.0
cat__Circuit_ID_36_09_5762,0.0
cat__Circuit_ID_36_09_5761,0.0
cat__Circuit_ID_36_09_5651,0.0
cat__Circuit_ID_36_09_5562,0.0
cat__Circuit_ID_36_09_5462,0.0
cat__Circuit_ID_36_09_5461,0.0
cat__Circuit_ID_36_09_5261,0.0
cat__Circuit_ID_36_10_1161,0.0
cat__Circuit_ID_36_10_10451,0.0
cat__Circuit_ID_36_10_10161,0.0
cat__Circuit_ID_36_10_0962,0.0
cat__Circuit_ID_36_10_0662,0.0
cat__Circuit_ID_36_10_0661,0.0
cat__Circuit_ID_36_10_0563,0.0
cat__Circuit_ID_36_10_0561,0.0
cat__Circuit_ID_36_10_0461,0.0
cat__Circuit_ID_36_09_9861,0.0
cat__Circuit_ID_36_09_7958,0.0
cat__Circuit_ID_36_09_7955,0.0
cat__Circuit_ID_36_09_7861,0.0
cat__Circuit_ID_36_09_7162,0.0
cat__Circuit_ID_36_09_7161,0.0
cat__Circuit_ID_36_09_7061,0.0
cat__Circuit_ID_36_10_2362,0.0
cat__Circuit_ID_36_10_2361,0.0
cat__Circuit_ID_36_10_2257,0.0
cat__Circuit_ID_36_10_2256,0.0
cat__Circuit_ID_36_10_2255,0.0
cat__Circuit_ID_36_10_2254,0.0
cat__Circuit_ID_36_10_2253,0.0
cat__Circuit_ID_36_10_2252,0.0
cat__Circuit_ID_36_10_1961,0.0
cat__Circuit_ID_36_10_1661,0.0
cat__Connection_Date_2018-02-19 00:00:00,0.0
cat__Circuit_ID_36_10_1561,0.0
cat__Circuit_ID_36_10_1452,0.0
cat__Circuit_ID_36_10_1362,0.0
cat__Circuit_ID_36_10_1361,0.0
cat__Circuit_ID_36_10_1162,0.0
cat__Circuit_ID_36_10_3355,0.0
cat__Circuit_ID_36_10_3354,0.0
cat__Circuit_ID_36_10_3353,0.0
cat__Circuit_ID_36_10_3352,0.0
cat__Circuit_ID_36_10_3261,0.0
cat__Circuit_ID_36_10_3062,0.0
cat__Circuit_ID_36_10_3061,0.0
cat__Circuit_ID_36_10_2862,0.0
cat__Circuit_ID_36_10_2861,0.0
cat__Circuit_ID_36_10_2762,0.0
cat__Circuit_ID_36_10_2761,0.0
cat__Circuit_ID_36_10_2562,0.0
cat__Circuit_ID_36_10_2561,0.0
cat__Circuit_ID_36_10_2463,0.0
cat__Circuit_ID_36_10_2461,0.0
cat__Circuit_ID_36_10_2363,0.0
cat__Circuit_ID_36_11_13163,0.0
cat__Circuit_ID_36_11_12861,0.0
cat__Circuit_ID_36_11_12081,0.0
cat__Circuit_ID_36_11_12062,0.0
cat__Circuit_ID_36_11_1066,0.0
cat__Circuit_ID_36_11_0763,0.0
cat__Circuit_ID_36_10_RGE12,0.0
cat__Circuit_ID_36_10_RGE10,0.0
cat__Circuit_ID_36_10_4458,0.0
cat__Circuit_ID_36_10_4457,0.0
cat__Circuit_ID_36_10_4455,0.0
cat__Circuit_ID_36_10_4451,0.0
cat__Circuit_ID_36_10_3762,0.0
cat__Circuit_ID_36_10_3761,0.0
cat__Circuit_ID_36_10_3661,0.0
cat__Circuit_ID_36_10_3356,0.0
cat__Circuit_ID_36_11_1672,0.0
cat__Circuit_ID_36_11_1562,0.0
cat__Circuit_ID_36_11_15154,0.0
cat__Circuit_ID_36_11_15153,0.0
cat__Circuit_ID_36_11_15151,0.0
cat__Circuit_ID_36_11_151151,0.0
cat__Circuit_ID_36_11_15067,0.0
cat__Circuit_ID_36_11_15066,0.0
cat__Circuit_ID_36_11_14468,0.0
cat__Circuit_ID_36_11_14467,0.0
cat__Circuit_ID_36_11_14158,0.0
cat__Circuit_ID_36_11_13772,0.0
cat__Circuit_ID_36_11_13374,0.0
cat__Circuit_ID_36_11_13373,0.0
cat__Circuit_ID_36_11_13371,0.0
cat__Circuit_ID_36_11_1324,0.0
cat__Circuit_ID_36_11_22076,0.0
cat__Circuit_ID_36_11_21964,0.0
cat__Circuit_ID_36_11_21864,0.0
cat__Circuit_ID_36_11_21862,0.0
cat__Circuit_ID_36_11_21861,0.0
cat__Circuit_ID_36_11_21373,0.0
cat__Circuit_ID_36_11_21371,0.0
cat__Circuit_ID_36_11_1923,0.0
cat__Circuit_ID_36_11_16854,0.0
cat__Circuit_ID_36_11_16853,0.0
cat__Connection_Date_2018-02-17 00:00:00,0.0
cat__Circuit_ID_36_11_16768,0.0
cat__Circuit_ID_36_11_16767,0.0
cat__Circuit_ID_36_11_16766,0.0
cat__Circuit_ID_36_11_16765,0.0
cat__Connection_Date_2018-02-16 00:00:00,0.0
cat__Circuit_ID_36_11_23556,0.0
cat__Circuit_ID_36_11_23554,0.0
cat__Connection_Date_2018-02-15 00:00:00,0.0
cat__Circuit_ID_36_11_23551,0.0
cat__Circuit_ID_36_11_23550,0.0
cat__Circuit_ID_36_11_22769,0.0
cat__Connection_Date_2018-02-14 00:00:00,0.0
cat__Connection_Date_2018-02-13 00:00:00,0.0
cat__Circuit_ID_36_11_22357,0.0
cat__Circuit_ID_36_11_22356,0.0
cat__Circuit_ID_36_11_22351,0.0
cat__Circuit_ID_36_11_22326,0.0
cat__Circuit_ID_36_11_22305,0.0
cat__Circuit_ID_36_11_22151,0.0
cat__Circuit_ID_36_11_22078,0.0
cat__Circuit_ID_36_11_22077,0.0
cat__Circuit_ID_36_11_25351,0.0
cat__Circuit_ID_36_11_25054,0.0
cat__Circuit_ID_36_11_25053,0.0
cat__Circuit_ID_36_11_25052,0.0
cat__Connection_Date_2018-02-12 00:00:00,0.0
cat__Circuit_ID_36_11_24752,0.0
cat__Connection_Date_2018-02-09 00:00:00,0.0
cat__Circuit_ID_36_11_24454,0.0
cat__Circuit_ID_36_11_24451,0.0
cat__Circuit_ID_36_11_24351,0.0
cat__Circuit_ID_36_11_24350,0.0
cat__Circuit_ID_36_11_24347,0.0
cat__Circuit_ID_36_11_24346,0.0
cat__Circuit_ID_36_11_24345,0.0
cat__Circuit_ID_36_11_24343,0.0
cat__Circuit_ID_36_11_24340,0.0
cat__Circuit_ID_36_11_26153,0.0
cat__Circuit_ID_36_11_26152,0.0
cat__Circuit_ID_36_11_26151,0.0
cat__Circuit_ID_36_11_26056,0.0
cat__Circuit_ID_36_11_26055,0.0
cat__Circuit_ID_36_11_26053,0.0
cat__Circuit_ID_36_11_26052,0.0
cat__Circuit_ID_36_11_26051,0.0
cat__Circuit_ID_36_11_25556,0.0
cat__Circuit_ID_36_11_25555,0.0
cat__Circuit_ID_36_11_25554,0.0
cat__Circuit_ID_36_11_25358,0.0
cat__Circuit_ID_36_11_25356,0.0
cat__Circuit_ID_36_11_25355,0.0
cat__Connection_Date_2018-02-08 00:00:00,0.0
cat__Circuit_ID_36_11_25352,0.0
cat__Circuit_ID_36_11_26755,0.0
cat__Circuit_ID_36_11_26754,0.0
cat__Circuit_ID_36_11_26753,0.0
cat__Circuit_ID_36_11_26752,0.0
cat__Connection_Date_2018-02-06 00:00:00,0.0
cat__Circuit_ID_36_11_26658,0.0
cat__Circuit_ID_36_11_26655,0.0
cat__Circuit_ID_36_11_26653,0.0
cat__Connection_Date_2018-02-03 00:00:00,0.0
cat__Connection_Date_2018-02-02 00:00:00,0.0
cat__Circuit_ID_36_11_26554,0.0
cat__Circuit_ID_36_11_26553,0.0
cat__Circuit_ID_36_11_26552,0.0
cat__Circuit_ID_36_11_26253,0.0
cat__Connection_Date_2018-02-01 00:00:00,0.0
cat__Circuit_ID_36_11_26251,0.0
cat__Circuit_ID_36_11_2873,0.0
cat__Circuit_ID_36_11_2868,0.0
cat__Circuit_ID_36_11_28658,0.0
cat__Circuit_ID_36_11_28657,0.0
cat__Circuit_ID_36_11_28656,0.0
cat__Circuit_ID_36_11_28652,0.0
cat__Circuit_ID_36_11_28651,0.0
cat__Circuit_ID_36_11_2862,0.0
cat__Circuit_ID_36_11_27451,0.0
cat__Circuit_ID_36_11_26954,0.0
cat__Connection_Date_2018-03-17 00:00:00,0.0
cat__Connection_Date_2018-03-16 00:00:00,0.0
cat__Connection_Date_2018-03-14 00:00:00,0.0
cat__Circuit_ID_36_11_2677,0.0
cat__Circuit_ID_36_11_2676,0.0
cat__Circuit_ID_36_11_26756,0.0
cat__Connection_Date_2009-07-31 00:00:00,0.0
cat__Connection_Date_2009-07-30 00:00:00,0.0
cat__Connection_Date_2009-07-29 00:00:00,0.0
cat__Connection_Date_2009-07-28 00:00:00,0.0
cat__Connection_Date_2009-07-25 00:00:00,0.0
cat__Connection_Date_2009-07-24 00:00:00,0.0
cat__Connection_Date_2009-07-23 00:00:00,0.0
cat__Connection_Date_2009-07-22 00:00:00,0.0
cat__Connection_Date_2009-07-21 00:00:00,0.0
cat__Connection_Date_2009-07-18 00:00:00,0.0
cat__Connection_Date_2009-07-17 00:00:00,0.0
cat__Connection_Date_2009-07-16 00:00:00,0.0
cat__Connection_Date_2009-07-15 00:00:00,0.0
cat__Connection_Date_2009-07-14 00:00:00,0.0
cat__Connection_Date_2009-07-13 00:00:00,0.0
cat__Circuit_ID_36_11_2874,0.0
cat__Circuit_ID_36_11_4463,0.0
cat__Circuit_ID_36_11_4430,0.0
cat__Connection_Date_2018-03-10 00:00:00,0.0
cat__Circuit_ID_36_11_32555,0.0
cat__Connection_Date_2018-03-09 00:00:00,0.0
cat__Circuit_ID_36_11_29755,0.0
cat__Circuit_ID_36_11_29754,0.0
cat__Circuit_ID_36_11_29753,0.0
cat__Circuit_ID_36_11_29553,0.0
cat__Circuit_ID_36_11_29156,0.0
cat__Circuit_ID_36_11_29154,0.0
cat__Circuit_ID_36_11_29058,0.0
cat__Circuit_ID_36_11_29057,0.0
cat__Circuit_ID_36_11_29056,0.0
cat__Circuit_ID_36_11_29055,0.0
cat__Connection_Date_2009-08-01 00:00:00,0.0
cat__Circuit_ID_36_11_690055,0.0
cat__Circuit_ID_36_11_690053,0.0
cat__Circuit_ID_36_11_690052,0.0
cat__Circuit_ID_36_11_690051,0.0
cat__Circuit_ID_36_11_5958,0.0
cat__Circuit_ID_36_11_5957,0.0
cat__Circuit_ID_36_11_5956,0.0
cat__Circuit_ID_36_11_5955,0.0
cat__Circuit_ID_36_11_5953,0.0
cat__Circuit_ID_36_11_5952,0.0
cat__Circuit_ID_36_11_5951,0.0
cat__Circuit_ID_36_11_5866,0.0
cat__Circuit_ID_36_11_5561,0.0
cat__Circuit_ID_36_11_5165,0.0
cat__Circuit_ID_36_11_5164,0.0
cat__Circuit_ID_36_11_5027,0.0
cat__Circuit_ID_36_12_27853,0.0
cat__Connection_Date_2018-03-07 00:00:00,0.0
cat__Circuit_ID_36_12_27052,0.0
cat__Circuit_ID_36_12_27051,0.0
cat__Circuit_ID_36_12_24651,0.0
cat__Circuit_ID_36_12_2425,0.0
cat__Circuit_ID_36_12_22869,0.0
cat__Circuit_ID_36_12_12962,0.0
cat__Circuit_ID_36_12_11706,0.0
cat__Circuit_ID_36_12_11705,0.0
cat__Circuit_ID_36_11_7258,0.0
cat__Circuit_ID_36_11_7255,0.0
cat__Circuit_ID_36_11_7254,0.0
cat__Circuit_ID_36_11_7253,0.0
cat__Circuit_ID_36_11_690057,0.0
cat__Circuit_ID_36_11_690056,0.0
cat__Circuit_ID_36_13_74866,0.0
cat__Circuit_ID_36_13_73353,0.0
cat__Circuit_ID_36_13_73352,0.0
cat__Circuit_ID_36_13_72661,0.0
cat__Circuit_ID_36_13_32358,0.0
cat__Circuit_ID_36_13_32356,0.0
cat__Circuit_ID_36_13_32355,0.0
cat__Circuit_ID_36_12_SEG09,0.0
cat__Circuit_ID_36_12_SEG01,0.0
cat__Circuit_ID_36_12_7473,0.0
cat__Circuit_ID_36_12_50204,0.0
cat__Circuit_ID_36_12_50203,0.0
cat__Circuit_ID_36_12_50201,0.0
cat__Circuit_ID_36_12_33454,0.0
cat__Circuit_ID_36_12_33453,0.0
cat__Circuit_ID_36_12_33451,0.0
cat__Circuit_ID_36_14_10061,0.0
cat__Circuit_ID_36_13_87554,0.0
cat__Circuit_ID_36_13_87553,0.0
cat__Circuit_ID_36_13_87552,0.0
cat__Circuit_ID_36_13_81758,0.0
cat__Circuit_ID_36_13_81757,0.0
cat__Circuit_ID_36_13_81361,0.0
cat__Circuit_ID_36_13_76677,0.0
cat__Connection_Date_2018-03-05 00:00:00,0.0
cat__Circuit_ID_36_13_76056,0.0
cat__Circuit_ID_36_13_76055,0.0
cat__Circuit_ID_36_13_76053,0.0
cat__Circuit_ID_36_13_76052,0.0
cat__Circuit_ID_36_13_76051,0.0
cat__Connection_Date_2018-03-02 00:00:00,0.0
cat__Circuit_ID_36_13_74868,0.0
cat__Circuit_ID_36_14_29652,0.0
cat__Circuit_ID_36_14_29651,0.0
cat__Circuit_ID_36_14_29351,0.0
cat__Circuit_ID_36_14_28354,0.0
cat__Circuit_ID_36_14_28353,0.0
cat__Circuit_ID_36_14_28352,0.0
cat__Circuit_ID_36_14_25653,0.0
cat__Circuit_ID_36_14_25457,0.0
cat__Connection_Date_2018-04-14 00:00:00,0.0
cat__Circuit_ID_36_14_25455,0.0
cat__Circuit_ID_36_14_25453,0.0
cat__Connection_Date_2018-04-09 00:00:00,0.0
cat__Circuit_ID_36_14_21672,0.0
cat__Connection_Date_2018-04-06 00:00:00,0.0
cat__Circuit_ID_36_14_13565,0.0
cat__Circuit_ID_36_14_13564,0.0
cat__Circuit_ID_36_17_33352,0.0
cat__Circuit_ID_36_17_33351,0.0
cat__Circuit_ID_36_17_33153,0.0
cat__Connection_Date_2018-04-04 00:00:00,0.0
cat__Circuit_ID_36_16_6652,0.0
cat__Circuit_ID_36_16_6651,0.0
cat__Circuit_ID_36_16_6144,0.0
cat__Circuit_ID_36_16_4964,0.0
cat__Circuit_ID_36_16_32452,0.0
cat__Connection_Date_2018-03-30 00:00:00,0.0
cat__Circuit_ID_36_16_32151,0.0
cat__Circuit_ID_36_14_5166,0.0
cat__Circuit_ID_36_14_4362,0.0
cat__Circuit_ID_36_14_4361,0.0
cat__Circuit_ID_36_14_29951,0.0
cat__Circuit_ID_36_14_29653,0.0
cat__Circuit_ID_36_17_62258,0.0
cat__Circuit_ID_36_17_61654,0.0
cat__Circuit_ID_36_17_61653,0.0
cat__Circuit_ID_36_17_61651,0.0
cat__Circuit_ID_36_17_60658,0.0
cat__Circuit_ID_36_17_60657,0.0
cat__Connection_Date_2018-03-24 00:00:00,0.0
cat__Circuit_ID_36_17_60453,0.0
cat__Circuit_ID_36_17_60451,0.0
cat__Circuit_ID_36_17_39963,0.0
cat__Circuit_ID_36_17_39861,0.0
cat__Circuit_ID_36_17_38364,0.0
cat__Circuit_ID_36_17_38362,0.0
cat__Circuit_ID_36_17_38361,0.0
cat__Circuit_ID_36_17_38272,0.0
cat__Circuit_ID_36_17_38271,0.0
cat__Connection_Date_2009-07-11 00:00:00,0.0
cat__Connection_Date_2009-07-10 00:00:00,0.0
cat__Connection_Date_2009-07-09 00:00:00,0.0
cat__Connection_Date_2009-07-08 00:00:00,0.0
cat__Connection_Date_2009-07-07 00:00:00,0.0
cat__Connection_Date_2009-07-06 00:00:00,0.0
cat__Connection_Date_2009-07-02 00:00:00,0.0
cat__Connection_Date_2009-07-01 00:00:00,0.0
cat__Connection_Date_2009-06-30 00:00:00,0.0
cat__Connection_Date_2009-06-29 00:00:00,0.0
cat__Connection_Date_2009-06-27 00:00:00,0.0
cat__Connection_Date_2009-06-26 00:00:00,0.0
cat__Connection_Date_2009-06-25 00:00:00,0.0
cat__Connection_Date_2009-06-24 00:00:00,0.0
cat__Connection_Date_2009-06-23 00:00:00,0.0
cat__Connection_Date_2009-06-22 00:00:00,0.0
cat__Circuit_ID_36_17_65671,0.0
cat__Circuit_ID_36_17_65651,0.0
cat__Circuit_ID_36_17_65274,0.0
cat__Circuit_ID_36_17_65273,0.0
cat__Circuit_ID_36_17_65271,0.0
cat__Circuit_ID_36_17_65151,0.0
cat__Circuit_ID_36_17_65150,0.0
cat__Circuit_ID_36_17_65148,0.0
cat__Circuit_ID_36_17_65141,0.0
cat__Circuit_ID_36_17_65140,0.0
cat__Circuit_ID_36_17_64658,0.0
cat__Circuit_ID_36_17_64657,0.0
cat__Circuit_ID_36_17_64656,0.0
cat__Circuit_ID_36_17_64655,0.0
cat__Circuit_ID_36_17_63266,0.0
cat__Circuit_ID_36_17_63264,0.0
cat__Circuit_ID_36_17_66854,0.0
cat__Circuit_ID_36_17_66853,0.0
cat__Circuit_ID_36_17_66852,0.0
cat__Connection_Date_2018-03-23 00:00:00,0.0
cat__Circuit_ID_36_17_66475,0.0
cat__Circuit_ID_36_17_66474,0.0
cat__Circuit_ID_36_17_66473,0.0
cat__Circuit_ID_36_17_66472,0.0
cat__Circuit_ID_36_17_66471,0.0
cat__Circuit_ID_36_17_66468,0.0
cat__Circuit_ID_36_17_66356,0.0
cat__Circuit_ID_36_17_66355,0.0
cat__Circuit_ID_36_17_66354,0.0
cat__Circuit_ID_36_17_66352,0.0
cat__Circuit_ID_36_17_66351,0.0
cat__Circuit_ID_36_17_65673,0.0
cat__Circuit_ID_36_18_65473,0.0
cat__Circuit_ID_36_18_65472,0.0
cat__Circuit_ID_36_18_65471,0.0
cat__Circuit_ID_36_18_65358,0.0
cat__Circuit_ID_36_18_65357,0.0
cat__Connection_Date_2018-03-20 00:00:00,0.0
cat__Circuit_ID_36_18_65355,0.0
cat__Circuit_ID_36_18_32651,0.0
cat__Circuit_ID_36_18_1166,0.0
cat__Circuit_ID_36_17_70161,0.0
cat__Circuit_ID_36_17_70152,0.0
cat__Circuit_ID_36_17_68453,0.0
cat__Connection_Date_2018-03-19 00:00:00,0.0
cat__Circuit_ID_36_17_68451,0.0
cat__Connection_Date_2018-05-04 00:00:00,0.0
cat__Circuit_ID_36_17_67052,0.0
cat__Circuit_ID_36_19_59476,0.0
cat__Circuit_ID_36_19_59472,0.0
cat__Circuit_ID_36_19_59471,0.0
cat__Circuit_ID_36_18_76257,0.0
cat__Circuit_ID_36_18_76256,0.0
cat__Circuit_ID_36_18_76255,0.0
cat__Circuit_ID_36_18_76254,0.0
cat__Circuit_ID_36_18_76253,0.0
cat__Circuit_ID_36_18_76252,0.0
cat__Circuit_ID_36_18_66954,0.0
cat__Connection_Date_2018-05-03 00:00:00,0.0
cat__Circuit_ID_36_18_66951,0.0
cat__Circuit_ID_36_18_66586,0.0
cat__Circuit_ID_36_18_66583,0.0
cat__Circuit_ID_36_18_66582,0.0
cat__Circuit_ID_36_18_66581,0.0
cat__Circuit_ID_36_20_50153,0.0
cat__Circuit_ID_36_20_50152,0.0
cat__Circuit_ID_36_20_50151,0.0
cat__Circuit_ID_36_20_50150,0.0
cat__Circuit_ID_36_19_67857,0.0
cat__Circuit_ID_36_19_67856,0.0
cat__Circuit_ID_36_19_67853,0.0
cat__Circuit_ID_36_19_67852,0.0
cat__Circuit_ID_36_19_67761,0.0
cat__Connection_Date_2018-05-02 00:00:00,0.0
cat__Circuit_ID_36_19_66671,0.0
cat__Connection_Date_2018-05-01 00:00:00,0.0
cat__Circuit_ID_36_19_62372,0.0
cat__Circuit_ID_36_19_62370,0.0
cat__Circuit_ID_36_19_61452,0.0
cat__Circuit_ID_36_19_59477,0.0
cat__Circuit_ID_36_23_77351,0.0
cat__Circuit_ID_36_23_75563,0.0
cat__Circuit_ID_36_23_71761,0.0
cat__Circuit_ID_36_23_71663,0.0
cat__Circuit_ID_36_23_71662,0.0
cat__Circuit_ID_36_23_71661,0.0
cat__Circuit_ID_36_20_51458,0.0
cat__Circuit_ID_36_20_51456,0.0
cat__Circuit_ID_36_20_51455,0.0
cat__Circuit_ID_36_20_51454,0.0
cat__Circuit_ID_36_20_51453,0.0
cat__Circuit_ID_36_20_51451,0.0
cat__Circuit_ID_36_20_50157,0.0
cat__Circuit_ID_36_20_50156,0.0
cat__Circuit_ID_36_20_50155,0.0
cat__Circuit_ID_36_20_50154,0.0
cat__Circuit_ID_36_24_92758,0.0
cat__Circuit_ID_36_24_84661,0.0
cat__Circuit_ID_36_24_84561,0.0
cat__Circuit_ID_36_24_84361,0.0
cat__Circuit_ID_36_24_84162,0.0
cat__Circuit_ID_36_24_83951,0.0
cat__Circuit_ID_36_24_83861,0.0
cat__Circuit_ID_36_24_83561,0.0
cat__Circuit_ID_36_24_83462,0.0
cat__Circuit_ID_36_24_83461,0.0
cat__Circuit_ID_36_24_82961,0.0
cat__Circuit_ID_36_23_81654,0.0
cat__Circuit_ID_36_23_81652,0.0
cat__Circuit_ID_36_23_81556,0.0
cat__Connection_Date_2018-04-29 00:00:00,0.0
cat__Circuit_ID_36_23_77353,0.0
cat__Circuit_ID_36_25_95756,0.0
cat__Circuit_ID_36_25_95755,0.0
cat__Circuit_ID_36_25_95556,0.0
cat__Circuit_ID_36_25_95555,0.0
cat__Circuit_ID_36_25_95554,0.0
cat__Circuit_ID_36_25_93961,0.0
cat__Circuit_ID_36_25_93662,0.0
cat__Circuit_ID_36_25_93661,0.0
cat__Circuit_ID_36_25_92452,0.0
cat__Circuit_ID_36_25_92451,0.0
cat__Circuit_ID_36_25_91362,0.0
cat__Circuit_ID_36_25_91361,0.0
cat__Circuit_ID_36_25_85162,0.0
cat__Circuit_ID_36_25_82562,0.0
cat__Circuit_ID_36_24_95661,0.0
cat__Circuit_ID_36_24_92759,0.0
cat__Circuit_ID_36_27_86061,0.0
cat__Circuit_ID_36_27_85962,0.0
cat__Circuit_ID_36_27_85961,0.0
cat__Circuit_ID_36_27_85251,0.0
cat__Circuit_ID_36_26_81458,0.0
cat__Circuit_ID_36_26_81456,0.0
cat__Circuit_ID_36_26_81455,0.0
cat__Circuit_ID_36_26_81453,0.0
cat__Circuit_ID_36_26_81452,0.0
cat__Circuit_ID_36_25_97772,0.0
cat__Circuit_ID_36_25_97771,0.0
cat__Circuit_ID_36_25_97655,0.0
cat__Circuit_ID_36_25_97653,0.0
cat__Circuit_ID_36_25_97652,0.0
cat__Circuit_ID_36_25_95758,0.0
cat__Circuit_ID_36_25_95757,0.0
cat__Circuit_ID_36_28_93361,0.0
cat__Connection_Date_2018-04-25 00:00:00,0.0
cat__Circuit_ID_36_28_91451,0.0
cat__Circuit_ID_36_28_37062,0.0
cat__Circuit_ID_36_28_37061,0.0
cat__Circuit_ID_36_27_89867,0.0
cat__Circuit_ID_36_27_89866,0.0
cat__Circuit_ID_36_27_89865,0.0
cat__Circuit_ID_36_27_89761,0.0
cat__Circuit_ID_36_27_89642,0.0
cat__Circuit_ID_36_27_89553,0.0
cat__Circuit_ID_36_27_89552,0.0
cat__Circuit_ID_36_27_88561,0.0
cat__Circuit_ID_36_27_86461,0.0
cat__Circuit_ID_36_27_86161,0.0
cat__Circuit_ID_36_27_86062,0.0
cat__Circuit_ID_36_29_98454,0.0
cat__Circuit_ID_36_29_98352,0.0
cat__Circuit_ID_36_29_98351,0.0
cat__Circuit_ID_36_29_97866,0.0
cat__Circuit_ID_36_29_91671,0.0
cat__Circuit_ID_36_29_90461,0.0
cat__Circuit_ID_36_29_80161,0.0
cat__Circuit_ID_36_29_72762,0.0
cat__Circuit_ID_36_29_72761,0.0
cat__Circuit_ID_36_28_97966,0.0
cat__Circuit_ID_36_28_96361,0.0
cat__Circuit_ID_36_28_95361,0.0
cat__Circuit_ID_36_28_93854,0.0
cat__Circuit_ID_36_28_93853,0.0
cat__Circuit_ID_36_28_93852,0.0
cat__Circuit_ID_36_28_93851,0.0
cat__Connection_Date_2009-06-18 00:00:00,0.0
cat__Connection_Date_2009-06-17 00:00:00,0.0
cat__Connection_Date_2009-06-16 00:00:00,0.0
cat__Connection_Date_2009-06-12 00:00:00,0.0
cat__Connection_Date_2009-06-11 00:00:00,0.0
cat__Connection_Date_2009-06-10 00:00:00,0.0
cat__Connection_Date_2009-06-09 00:00:00,0.0
cat__Connection_Date_2009-06-08 00:00:00,0.0
cat__Connection_Date_2009-06-06 00:00:00,0.0
cat__Connection_Date_2009-06-05 00:00:00,0.0
cat__Connection_Date_2009-06-04 00:00:00,0.0
cat__Connection_Date_2009-06-03 00:00:00,0.0
cat__Connection_Date_2009-06-02 00:00:00,0.0
cat__Connection_Date_2018-04-24 00:00:00,0.0
cat__Connection_Date_2018-04-23 00:00:00,0.0
cat__Connection_Date_2018-04-21 00:00:00,0.0
cat__Circuit_ID_36_30_10171,0.0
cat__Circuit_ID_36_30_10158,0.0
cat__Circuit_ID_36_30_10157,0.0
cat__Circuit_ID_36_30_10156,0.0
cat__Circuit_ID_36_30_10155,0.0
cat__Circuit_ID_36_30_10153,0.0
cat__Circuit_ID_36_30_10152,0.0
cat__Circuit_ID_36_30_10151,0.0
cat__Connection_Date_2018-04-20 00:00:00,0.0
cat__Circuit_ID_36_30_07856,0.0
cat__Circuit_ID_36_30_07855,0.0
cat__Connection_Date_2018-04-18 00:00:00,0.0
cat__Connection_Date_2018-04-17 00:00:00,0.0
cat__Circuit_ID_36_30_07852,0.0
cat__Circuit_ID_36_30_07851,0.0
cat__Connection_Date_2009-06-19 00:00:00,0.0
cat__Connection_Date_2018-04-16 00:00:00,0.0
cat__Circuit_ID_36_30_13256,0.0
cat__Circuit_ID_36_30_13254,0.0
cat__Circuit_ID_36_30_12868,0.0
cat__Circuit_ID_36_30_12866,0.0
cat__Circuit_ID_36_30_12864,0.0
cat__Circuit_ID_36_30_12863,0.0
cat__Circuit_ID_36_30_12862,0.0
cat__Circuit_ID_36_30_12861,0.0
cat__Circuit_ID_36_30_12860,0.0
cat__Connection_Date_2018-05-24 00:00:00,0.0
cat__Connection_Date_2018-05-23 00:00:00,0.0
cat__Circuit_ID_36_30_11338,0.0
cat__Circuit_ID_36_30_10179,0.0
cat__Circuit_ID_36_30_10176,0.0
cat__Circuit_ID_36_30_10175,0.0
cat__Connection_Date_2018-05-22 00:00:00,0.0
cat__Circuit_ID_36_30_26060,0.0
cat__Circuit_ID_36_30_26059,0.0
cat__Circuit_ID_36_30_26053,0.0
cat__Circuit_ID_36_30_22851,0.0
cat__Connection_Date_2018-05-19 00:00:00,0.0
cat__Connection_Date_2018-05-18 00:00:00,0.0
cat__Circuit_ID_36_30_16458,0.0
cat__Circuit_ID_36_30_16456,0.0
cat__Circuit_ID_36_30_16454,0.0
cat__Circuit_ID_36_30_16452,0.0
cat__Circuit_ID_36_30_16451,0.0
cat__Circuit_ID_36_30_16448,0.0
cat__Circuit_ID_36_30_16446,0.0
cat__Circuit_ID_36_30_16443,0.0
cat__Connection_Date_2018-05-16 00:00:00,0.0
cat__Circuit_ID_36_30_29112,0.0
cat__Circuit_ID_36_30_29111,0.0
cat__Circuit_ID_36_30_29110,0.0
cat__Circuit_ID_36_30_29109,0.0
cat__Circuit_ID_36_30_28858,0.0
cat__Circuit_ID_36_30_28855,0.0
cat__Connection_Date_2018-05-15 00:00:00,0.0
cat__Circuit_ID_36_30_28355,0.0
cat__Circuit_ID_36_30_28354,0.0
cat__Circuit_ID_36_30_28252,0.0
cat__Circuit_ID_36_30_27999,0.0
cat__Circuit_ID_36_30_27998,0.0
cat__Circuit_ID_36_30_27943,0.0
cat__Circuit_ID_36_30_27942,0.0
cat__Circuit_ID_36_30_27941,0.0
cat__Circuit_ID_36_30_27940,0.0
cat__Connection_Date_2018-05-12 00:00:00,0.0
cat__Circuit_ID_36_30_32351,0.0
cat__Circuit_ID_36_30_31719,0.0
cat__Circuit_ID_36_30_31718,0.0
cat__Circuit_ID_36_30_31717,0.0
cat__Connection_Date_2018-05-10 00:00:00,0.0
cat__Circuit_ID_36_30_31715,0.0
cat__Circuit_ID_36_30_31707,0.0
cat__Circuit_ID_36_30_31394,0.0
cat__Circuit_ID_36_30_31387,0.0
cat__Connection_Date_2018-05-09 00:00:00,0.0
cat__Circuit_ID_36_30_30584,0.0
cat__Circuit_ID_36_30_30583,0.0
cat__Circuit_ID_36_30_30567,0.0
cat__Connection_Date_2018-05-07 00:00:00,0.0
cat__Circuit_ID_36_30_29113,0.0
cat__Circuit_ID_36_30_34453,0.0
cat__Circuit_ID_36_30_34451,0.0
cat__Circuit_ID_36_30_33906,0.0
cat__Circuit_ID_36_30_33905,0.0
cat__Circuit_ID_36_30_33904,0.0
cat__Connection_Date_2018-05-05 00:00:00,0.0
cat__Circuit_ID_36_30_33051,0.0
cat__Circuit_ID_36_30_33035,0.0
cat__Circuit_ID_36_30_33034,0.0
cat__Circuit_ID_36_30_33033,0.0
cat__Circuit_ID_36_30_32757,0.0
cat__Circuit_ID_36_30_32756,0.0
cat__Circuit_ID_36_30_32754,0.0
cat__Circuit_ID_36_30_32752,0.0
cat__Connection_Date_2016-05-04 00:00:00,0.0
cat__Circuit_ID_36_30_32353,0.0
cat__Circuit_ID_36_30_42053,0.0
cat__Circuit_ID_36_30_42052,0.0
cat__Connection_Date_2016-05-03 00:00:00,0.0
cat__Circuit_ID_36_30_40772,0.0
cat__Connection_Date_2016-05-01 00:00:00,0.0
cat__Connection_Date_2016-04-30 00:00:00,0.0
cat__Circuit_ID_36_30_40252,0.0
cat__Circuit_ID_36_30_40251,0.0
cat__Circuit_ID_36_30_37158,0.0
cat__Circuit_ID_36_30_37156,0.0
cat__Circuit_ID_36_30_37155,0.0
cat__Circuit_ID_36_30_37154,0.0
cat__Circuit_ID_36_30_37153,0.0
cat__Connection_Date_2016-04-29 00:00:00,0.0
cat__Circuit_ID_36_30_37151,0.0
cat__Circuit_ID_36_30_34456,0.0
cat__Circuit_ID_36_30_45253,0.0
cat__Connection_Date_2016-04-27 00:00:00,0.0
cat__Connection_Date_2016-04-26 00:00:00,0.0
cat__Connection_Date_2016-04-25 00:00:00,0.0
cat__Connection_Date_2016-04-24 00:00:00,0.0
cat__Circuit_ID_36_30_44730,0.0
cat__Circuit_ID_36_30_43452,0.0
cat__Circuit_ID_36_30_43451,0.0
cat__Circuit_ID_36_30_42552,0.0
cat__Circuit_ID_36_30_42551,0.0
cat__Circuit_ID_36_30_42153,0.0
cat__Circuit_ID_36_30_42152,0.0
cat__Circuit_ID_36_30_42151,0.0
cat__Circuit_ID_36_30_42127,0.0
cat__Connection_Date_2016-04-22 00:00:00,0.0
cat__Connection_Date_2016-04-21 00:00:00,0.0
cat__Circuit_ID_36_31_09456,0.0
cat__Circuit_ID_36_31_09453,0.0
cat__Circuit_ID_36_31_09451,0.0
cat__Circuit_ID_36_31_09450,0.0
cat__Circuit_ID_36_31_09431,0.0
cat__Circuit_ID_36_31_09351,0.0
cat__Circuit_ID_36_31_09313,0.0
cat__Circuit_ID_36_31_09312,0.0
cat__Circuit_ID_36_30_SEG36,0.0
cat__Circuit_ID_36_30_SEG35,0.0
cat__Circuit_ID_36_30_45953,0.0
cat__Circuit_ID_36_30_45952,0.0
cat__Connection_Date_2016-04-20 00:00:00,0.0
cat__Circuit_ID_36_30_45852,0.0
cat__Circuit_ID_36_30_45851,0.0
cat__Circuit_ID_36_30_45731,0.0
cat__Connection_Date_2018-05-25 00:00:00,0.0
cat__Circuit_ID_36_31_30751,0.0
cat__Connection_Date_2018-06-21 00:00:00,0.0
cat__Circuit_ID_36_31_30052,0.0
cat__Circuit_ID_36_31_30051,0.0
cat__Circuit_ID_36_31_29255,0.0
cat__Circuit_ID_36_31_29252,0.0
cat__Circuit_ID_36_31_26452,0.0
cat__Circuit_ID_36_31_24483,0.0
cat__Circuit_ID_36_31_24481,0.0
cat__Circuit_ID_36_31_24480,0.0
cat__Circuit_ID_36_31_12354,0.0
cat__Circuit_ID_36_31_12352,0.0
cat__Connection_Date_2018-06-18 00:00:00,0.0
cat__Circuit_ID_36_31_09491,0.0
cat__Circuit_ID_36_31_09457,0.0
cat__Circuit_ID_36_31_35252,0.0
cat__Circuit_ID_36_31_35251,0.0
cat__Circuit_ID_36_31_33817,0.0
cat__Circuit_ID_36_31_33816,0.0
cat__Connection_Date_2018-06-16 00:00:00,0.0
cat__Circuit_ID_36_31_33457,0.0
cat__Circuit_ID_36_31_33456,0.0
cat__Circuit_ID_36_31_33455,0.0
cat__Circuit_ID_36_31_33453,0.0
cat__Circuit_ID_36_31_33452,0.0
cat__Circuit_ID_36_31_33351,0.0
cat__Circuit_ID_36_31_32852,0.0
cat__Connection_Date_2018-06-15 00:00:00,0.0
cat__Circuit_ID_36_31_31452,0.0
cat__Connection_Date_2018-06-13 00:00:00,0.0
cat__Circuit_ID_36_31_30754,0.0
cat__Circuit_ID_36_32_13757,0.0
cat__Circuit_ID_36_32_13756,0.0
cat__Connection_Date_2018-06-11 00:00:00,0.0
cat__Circuit_ID_36_31_SEG34,0.0
cat__Circuit_ID_36_31_44953,0.0
cat__Connection_Date_2018-06-09 00:00:00,0.0
cat__Circuit_ID_36_31_41353,0.0
cat__Connection_Date_2018-06-02 00:00:00,0.0
cat__Connection_Date_2018-05-31 00:00:00,0.0
cat__Circuit_ID_36_31_37254,0.0
cat__Circuit_ID_36_31_37253,0.0
cat__Connection_Date_2018-05-29 00:00:00,0.0
cat__Circuit_ID_36_31_37251,0.0
cat__Connection_Date_2018-05-26 00:00:00,0.0
cat__Circuit_ID_36_31_35254,0.0
cat__Circuit_ID_36_31_35253,0.0
cat__Connection_Date_2009-05-27 00:00:00,0.0
cat__Connection_Date_2009-05-22 00:00:00,0.0
cat__Connection_Date_2009-05-20 00:00:00,0.0
cat__Connection_Date_2009-05-18 00:00:00,0.0
cat__Connection_Date_2009-05-16 00:00:00,0.0
cat__Connection_Date_2009-05-15 00:00:00,0.0
cat__Connection_Date_2009-05-14 00:00:00,0.0
cat__Connection_Date_2009-05-13 00:00:00,0.0
cat__Connection_Date_2018-07-10 00:00:00,0.0
cat__Connection_Date_2009-05-11 00:00:00,0.0
cat__Connection_Date_2009-05-08 00:00:00,0.0
cat__Connection_Date_2009-05-07 00:00:00,0.0
cat__Connection_Date_2009-05-06 00:00:00,0.0
cat__Connection_Date_2009-05-05 00:00:00,0.0
cat__Circuit_ID_36_32_13851,0.0
cat__Circuit_ID_36_32_13850,0.0
cat__Circuit_ID_36_32_25737,0.0
cat__Circuit_ID_36_32_25735,0.0
cat__Circuit_ID_36_32_25607,0.0
cat__Circuit_ID_36_32_25605,0.0
cat__Circuit_ID_36_32_25602,0.0
cat__Circuit_ID_36_32_25578,0.0
cat__Connection_Date_2018-07-07 00:00:00,0.0
cat__Circuit_ID_36_32_25573,0.0
cat__Circuit_ID_36_32_25572,0.0
cat__Circuit_ID_36_32_25571,0.0
cat__Circuit_ID_36_32_24552,0.0
cat__Circuit_ID_36_32_23052,0.0
cat__Circuit_ID_36_32_23051,0.0
cat__Circuit_ID_36_32_13852,0.0
cat__Connection_Date_2009-05-29 00:00:00,0.0
cat__Connection_Date_2009-05-28 00:00:00,0.0
cat__Connection_Date_2018-07-05 00:00:00,0.0
cat__Circuit_ID_36_32_34552,0.0
cat__Circuit_ID_36_32_34551,0.0
cat__Connection_Date_2018-07-04 00:00:00,0.0
cat__Circuit_ID_36_32_322152,0.0
cat__Connection_Date_2018-07-02 00:00:00,0.0
cat__Circuit_ID_36_32_32057,0.0
cat__Circuit_ID_36_32_32056,0.0
cat__Circuit_ID_36_32_32055,0.0
cat__Circuit_ID_36_32_30452,0.0
cat__Circuit_ID_36_32_30451,0.0
cat__Circuit_ID_36_32_28187,0.0
cat__Connection_Date_2018-06-30 00:00:00,0.0
cat__Connection_Date_2018-06-29 00:00:00,0.0
cat__Circuit_ID_36_32_26552,0.0
cat__Connection_Date_2018-06-28 00:00:00,0.0
cat__Circuit_ID_36_32_37055,0.0
cat__Connection_Date_2018-06-27 00:00:00,0.0
cat__Connection_Date_2018-06-26 00:00:00,0.0
cat__Connection_Date_2018-06-23 00:00:00,0.0
cat__Circuit_ID_36_32_36555,0.0
cat__Connection_Date_2018-07-30 00:00:00,0.0
cat__Connection_Date_2018-07-28 00:00:00,0.0
cat__Connection_Date_2018-07-26 00:00:00,0.0
cat__Connection_Date_2018-07-25 00:00:00,0.0
cat__Circuit_ID_36_32_36451,0.0
cat__Circuit_ID_36_32_36055,0.0
cat__Circuit_ID_36_32_36054,0.0
cat__Circuit_ID_36_32_36052,0.0
cat__Connection_Date_2018-07-24 00:00:00,0.0
cat__Circuit_ID_36_32_34556,0.0
cat__Connection_Date_2018-07-21 00:00:00,0.0
cat__Circuit_ID_36_33_08752,0.0
cat__Circuit_ID_36_33_08751,0.0
cat__Circuit_ID_36_33_03552,0.0
cat__Connection_Date_2018-07-19 00:00:00,0.0
cat__Circuit_ID_36_32_46357,0.0
cat__Circuit_ID_36_32_46356,0.0
cat__Connection_Date_2018-07-17 00:00:00,0.0
cat__Connection_Date_2018-07-16 00:00:00,0.0
cat__Connection_Date_2018-07-14 00:00:00,0.0
cat__Circuit_ID_36_32_38154,0.0
cat__Connection_Date_2018-08-22 00:00:00,0.0
cat__Circuit_ID_36_32_38152,0.0
cat__Circuit_ID_36_32_38151,0.0
cat__Circuit_ID_36_32_37058,0.0
cat__Circuit_ID_36_32_37057,0.0
cat__Connection_Date_2018-08-18 00:00:00,0.0
cat__Connection_Date_2009-04-27 00:00:00,0.0
cat__Connection_Date_2009-04-24 00:00:00,0.0
cat__Connection_Date_2009-04-23 00:00:00,0.0
cat__Connection_Date_2009-04-22 00:00:00,0.0
cat__Connection_Date_2009-04-21 00:00:00,0.0
cat__Connection_Date_2009-04-20 00:00:00,0.0
cat__Connection_Date_2009-04-17 00:00:00,0.0
cat__Connection_Date_2009-04-16 00:00:00,0.0
cat__Connection_Date_2009-04-15 00:00:00,0.0
cat__Connection_Date_2009-04-14 00:00:00,0.0
cat__Connection_Date_2009-04-13 00:00:00,0.0
cat__Connection_Date_2018-08-17 00:00:00,0.0
cat__Circuit_ID_36_33_08756,0.0
cat__Circuit_ID_36_33_08755,0.0
cat__Circuit_ID_36_33_08754,0.0
cat__Connection_Date_2018-08-11 00:00:00,0.0
cat__Circuit_ID_36_35_06121,0.0
cat__Circuit_ID_36_35_06120,0.0
cat__Circuit_ID_36_35_04358,0.0
cat__Circuit_ID_36_35_04357,0.0
cat__Circuit_ID_36_35_04355,0.0
cat__Circuit_ID_36_35_04352,0.0
cat__Circuit_ID_36_35_04351,0.0
cat__Circuit_ID_36_35_03851,0.0
cat__Circuit_ID_36_35_01831,0.0
cat__Connection_Date_2018-08-10 00:00:00,0.0
cat__Circuit_ID_36_33_42753,0.0
cat__Connection_Date_2018-08-09 00:00:00,0.0
cat__Connection_Date_2009-05-04 00:00:00,0.0
cat__Connection_Date_2009-05-02 00:00:00,0.0
cat__Connection_Date_2009-04-30 00:00:00,0.0
cat__Connection_Date_2009-04-29 00:00:00,0.0
cat__Circuit_ID_36_35_32412,0.0
cat__Circuit_ID_36_35_31117,0.0
cat__Circuit_ID_36_35_31116,0.0
cat__Circuit_ID_36_35_31115,0.0
cat__Circuit_ID_36_35_31114,0.0
cat__Circuit_ID_36_35_21932,0.0
cat__Circuit_ID_36_35_20881,0.0
cat__Circuit_ID_36_35_15451,0.0
cat__Circuit_ID_36_35_07252,0.0
cat__Circuit_ID_36_35_07251,0.0
cat__Circuit_ID_36_35_07207,0.0
cat__Circuit_ID_36_35_07204,0.0
cat__Circuit_ID_36_35_07201,0.0
cat__Circuit_ID_36_35_06125,0.0
cat__Circuit_ID_36_35_06124,0.0
cat__Circuit_ID_36_35_06123,0.0
cat__Connection_Date_2018-08-08 00:00:00,0.0
cat__Connection_Date_2018-08-07 00:00:00,0.0
cat__Connection_Date_2018-08-06 00:00:00,0.0
cat__Circuit_ID_36_35_37953,0.0
cat__Circuit_ID_36_35_37952,0.0
cat__Circuit_ID_36_35_36654,0.0
cat__Connection_Date_2018-08-04 00:00:00,0.0
cat__Circuit_ID_36_35_35854,0.0
cat__Circuit_ID_36_35_35853,0.0
cat__Circuit_ID_36_35_35851,0.0
cat__Circuit_ID_36_35_35651,0.0
cat__Circuit_ID_36_35_33252,0.0
cat__Connection_Date_2018-08-03 00:00:00,0.0
cat__Circuit_ID_36_35_32423,0.0
cat__Circuit_ID_36_35_32422,0.0
cat__Circuit_ID_36_35_32415,0.0
cat__Connection_Date_2018-07-31 00:00:00,0.0
cat__Circuit_ID_36_37_36351,0.0
cat__Circuit_ID_36_37_34733,0.0
cat__Connection_Date_2016-04-14 00:00:00,0.0
cat__Circuit_ID_36_37_26127,0.0
cat__Circuit_ID_36_37_23452,0.0
cat__Circuit_ID_36_37_23451,0.0
cat__Circuit_ID_36_37_21413,0.0
cat__Connection_Date_2016-04-13 00:00:00,0.0
cat__Circuit_ID_36_37_21411,0.0
cat__Connection_Date_2016-04-12 00:00:00,0.0
cat__Circuit_ID_36_37_06021,0.0
cat__Circuit_ID_36_35_50252,0.0
cat__Circuit_ID_36_35_50153,0.0
cat__Circuit_ID_36_35_50151,0.0
cat__Circuit_ID_36_35_47951,0.0
cat__Connection_Date_2016-04-10 00:00:00,0.0
cat__Circuit_ID_36_38_29554,0.0
cat__Circuit_ID_36_38_29553,0.0
cat__Circuit_ID_36_38_29552,0.0
cat__Circuit_ID_36_38_29551,0.0
cat__Circuit_ID_36_38_27226,0.0
cat__Circuit_ID_36_38_18752,0.0
cat__Circuit_ID_36_38_18751,0.0
cat__Circuit_ID_36_38_08851,0.0
cat__Circuit_ID_36_38_07506,0.0
cat__Circuit_ID_36_38_04808,0.0
cat__Circuit_ID_36_37_RIC01,0.0
cat__Connection_Date_2016-04-08 00:00:00,0.0
cat__Connection_Date_2016-04-06 00:00:00,0.0
cat__Connection_Date_2016-04-04 00:00:00,0.0
cat__Circuit_ID_36_37_39051,0.0
cat__Connection_Date_2016-04-03 00:00:00,0.0
cat__Connection_Date_2018-08-25 00:00:00,0.0
cat__Circuit_ID_36_38_36251,0.0
cat__Circuit_ID_36_38_33754,0.0
cat__Circuit_ID_36_38_33753,0.0
cat__Circuit_ID_36_38_33752,0.0
cat__Circuit_ID_36_38_33751,0.0
cat__Circuit_ID_36_38_33151,0.0
cat__Circuit_ID_36_38_32952,0.0
cat__Circuit_ID_36_38_31639,0.0
cat__Circuit_ID_36_38_31637,0.0
cat__Circuit_ID_36_38_31636,0.0
cat__Circuit_ID_36_38_31635,0.0
cat__Circuit_ID_36_38_31634,0.0
cat__Circuit_ID_36_38_29558,0.0
cat__Circuit_ID_36_38_29556,0.0
cat__Connection_Date_2018-08-24 00:00:00,0.0
cat__Circuit_ID_36_39_03912,0.0
cat__Connection_Date_2018-08-23 00:00:00,0.0
cat__Connection_Date_2018-09-15 00:00:00,0.0
cat__Circuit_ID_36_39_01252,0.0
cat__Circuit_ID_36_38_SEG49,0.0
cat__Circuit_ID_36_38_47851,0.0
cat__Circuit_ID_36_38_47651,0.0
cat__Circuit_ID_36_38_45353,0.0
cat__Circuit_ID_36_38_45351,0.0
cat__Circuit_ID_36_38_45053,0.0
cat__Connection_Date_2018-09-13 00:00:00,0.0
cat__Connection_Date_2018-09-12 00:00:00,0.0
cat__Circuit_ID_36_38_42355,0.0
cat__Circuit_ID_36_38_42354,0.0
cat__Circuit_ID_36_38_42351,0.0
cat__Connection_Date_2009-04-08 00:00:00,0.0
cat__Connection_Date_2009-04-07 00:00:00,0.0
cat__Connection_Date_2009-04-06 00:00:00,0.0
cat__Connection_Date_2009-04-04 00:00:00,0.0
cat__Connection_Date_2009-04-03 00:00:00,0.0
cat__Connection_Date_2009-04-02 00:00:00,0.0
cat__Connection_Date_2009-04-01 00:00:00,0.0
cat__Connection_Date_2009-03-31 00:00:00,0.0
cat__Connection_Date_2009-03-30 00:00:00,0.0
cat__Connection_Date_2009-03-29 00:00:00,0.0
cat__Connection_Date_2009-03-28 00:00:00,0.0
cat__Connection_Date_2018-09-10 00:00:00,0.0
cat__Connection_Date_2009-03-26 00:00:00,0.0
cat__Connection_Date_2009-03-25 00:00:00,0.0
cat__Circuit_ID_36_39_14202,0.0
cat__Circuit_ID_36_39_130154,0.0
cat__Circuit_ID_36_39_36955,0.0
cat__Circuit_ID_36_39_36953,0.0
cat__Circuit_ID_36_39_36952,0.0
cat__Connection_Date_2018-09-08 00:00:00,0.0
cat__Circuit_ID_36_39_34256,0.0
cat__Circuit_ID_36_39_32951,0.0
cat__Circuit_ID_36_39_29753,0.0
cat__Circuit_ID_36_39_29752,0.0
cat__Circuit_ID_36_39_29751,0.0
cat__Connection_Date_2018-09-07 00:00:00,0.0
cat__Circuit_ID_36_39_28551,0.0
cat__Circuit_ID_36_39_14251,0.0
cat__Connection_Date_2018-09-05 00:00:00,0.0
cat__Circuit_ID_36_39_14203,0.0
cat__Connection_Date_2009-04-10 00:00:00,0.0
cat__Connection_Date_2009-04-09 00:00:00,0.0
cat__Circuit_ID_36_39_46452,0.0
cat__Circuit_ID_36_39_46451,0.0
cat__Connection_Date_2018-09-02 00:00:00,0.0
cat__Connection_Date_2018-09-01 00:00:00,0.0
cat__Connection_Date_2018-08-27 00:00:00,0.0
cat__Circuit_ID_36_39_41556,0.0
cat__Connection_Date_2016-04-16 00:00:00,0.0
cat__Connection_Date_2018-10-08 00:00:00,0.0
cat__Circuit_ID_36_39_41553,0.0
cat__Circuit_ID_36_39_41552,0.0
cat__Circuit_ID_36_39_40415,0.0
cat__Connection_Date_2018-10-05 00:00:00,0.0
cat__Circuit_ID_36_39_37652,0.0
cat__Circuit_ID_36_39_36958,0.0
cat__Circuit_ID_36_39_36957,0.0
cat__Circuit_ID_36_39_36956,0.0
cat__Circuit_ID_36_40_SEG48,0.0
cat__Circuit_ID_36_40_42451,0.0
cat__Circuit_ID_36_40_32251,0.0
cat__Circuit_ID_36_40_32152,0.0
cat__Connection_Date_2018-10-02 00:00:00,0.0
cat__Circuit_ID_36_40_31954,0.0
cat__Circuit_ID_36_40_31076,0.0
cat__Circuit_ID_36_40_31075,0.0
cat__Circuit_ID_36_40_29395,0.0
cat__Circuit_ID_36_40_28453,0.0
cat__Connection_Date_2018-10-01 00:00:00,0.0
cat__Circuit_ID_36_40_28451,0.0
cat__Circuit_ID_36_40_12252,0.0
cat__Connection_Date_2018-09-29 00:00:00,0.0
cat__Connection_Date_2018-09-26 00:00:00,0.0
cat__Circuit_ID_36_40_04251,0.0
cat__Connection_Date_2018-09-25 00:00:00,0.0
cat__Circuit_ID_38U2,0.0
cat__Circuit_ID_382,0.0
cat__Connection_Date_2018-09-22 00:00:00,0.0
cat__Circuit_ID_380,0.0
cat__Connection_Date_2018-09-21 00:00:00,0.0
cat__Circuit_ID_371,0.0
cat__Circuit_ID_370,0.0
cat__Connection_Date_2018-09-20 00:00:00,0.0
cat__Circuit_ID_36_41_41853,0.0
cat__Circuit_ID_36_41_41852,0.0
cat__Connection_Date_2018-09-18 00:00:00,0.0
cat__Circuit_ID_36_41_41213,0.0
cat__Circuit_ID_36_41_38552,0.0
cat__Circuit_ID_36_41_38551,0.0
cat__Circuit_ID_36_41_24951,0.0
cat__Connection_Date_2018-10-27 00:00:00,0.0
cat__Connection_Date_2018-10-26 00:00:00,0.0
cat__Circuit_ID_3A353,0.0
cat__Circuit_ID_3A149,0.0
cat__Circuit_ID_3A148,0.0
cat__Circuit_ID_3A147,0.0
cat__Circuit_ID_3A145,0.0
cat__Circuit_ID_39U4,0.0
cat__Circuit_ID_39U3,0.0
cat__Circuit_ID_39U1,0.0
cat__Circuit_ID_39M54,0.0
cat__Connection_Date_2018-10-25 00:00:00,0.0
cat__Connection_Date_2018-10-24 00:00:00,0.0
cat__Circuit_ID_394,0.0
cat__Circuit_ID_392,0.0
cat__Connection_Date_2018-10-22 00:00:00,0.0
cat__Circuit_ID_3B82,0.0
cat__Connection_Date_2018-10-20 00:00:00,0.0
cat__Circuit_ID_3B057,0.0
cat__Circuit_ID_3B056,0.0
cat__Circuit_ID_3B054,0.0
cat__Circuit_ID_3B053,0.0
cat__Circuit_ID_3AG228,0.0
cat__Circuit_ID_3AG069,0.0
cat__Connection_Date_2018-10-17 00:00:00,0.0
cat__Circuit_ID_3AG065,0.0
cat__Connection_Date_2018-10-16 00:00:00,0.0
cat__Circuit_ID_3A5N3,0.0
cat__Connection_Date_2018-10-15 00:00:00,0.0
cat__Circuit_ID_3A5N1,0.0
cat__Circuit_ID_3A358,0.0
cat__Circuit_ID_3A356,0.0
cat__Circuit_ID_3BG067,0.0
cat__Circuit_ID_3BE7L9,0.0
cat__Connection_Date_2018-10-13 00:00:00,0.0
cat__Circuit_ID_3B95,0.0
cat__Connection_Date_2018-10-11 00:00:00,0.0
cat__Circuit_ID_3B93,0.0
cat__Circuit_ID_3B92,0.0
cat__Circuit_ID_3B91,0.0
cat__Circuit_ID_3B90,0.0
cat__Circuit_ID_3B89,0.0
cat__Circuit_ID_3B88,0.0
cat__Circuit_ID_3B87,0.0
cat__Circuit_ID_3B86,0.0
cat__Circuit_ID_3B85,0.0
cat__Circuit_ID_3B84,0.0
cat__Circuit_ID_3B83,0.0
cat__Connection_Date_2018-10-10 00:00:00,0.0
cat__Connection_Date_2018-11-17 00:00:00,0.0
cat__Connection_Date_2018-11-16 00:00:00,0.0
cat__Connection_Date_2018-11-15 00:00:00,0.0
cat__Connection_Date_2018-11-14 00:00:00,0.0
cat__Circuit_ID_3H158,0.0
cat__Circuit_ID_3H157,0.0
cat__Connection_Date_2018-11-12 00:00:00,0.0
cat__Circuit_ID_3G324,0.0
cat__Circuit_ID_3G036,0.0
cat__Circuit_ID_3G005,0.0
cat__Circuit_ID_3D388,0.0
cat__Circuit_ID_3D387,0.0
cat__Circuit_ID_3D386,0.0
cat__Circuit_ID_3D385,0.0
cat__Circuit_ID_3D384,0.0
cat__Connection_Date_2009-03-20 00:00:00,0.0
cat__Connection_Date_2009-03-19 00:00:00,0.0
cat__Connection_Date_2009-03-18 00:00:00,0.0
cat__Connection_Date_2009-03-17 00:00:00,0.0
cat__Connection_Date_2009-03-16 00:00:00,0.0
cat__Connection_Date_2009-03-13 00:00:00,0.0
cat__Connection_Date_2009-03-12 00:00:00,0.0
cat__Connection_Date_2009-03-11 00:00:00,0.0
cat__Connection_Date_2009-03-10 00:00:00,0.0
cat__Connection_Date_2009-03-09 00:00:00,0.0
cat__Connection_Date_2009-03-06 00:00:00,0.0
cat__Connection_Date_2009-03-05 00:00:00,0.0
cat__Connection_Date_2009-03-04 00:00:00,0.0
cat__Connection_Date_2009-03-03 00:00:00,0.0
cat__Circuit_ID_3J5P1,0.0
cat__Circuit_ID_3J295,0.0
cat__Circuit_ID_3MG334,0.0
cat__Circuit_ID_3MG042,0.0
cat__Circuit_ID_3MG041,0.0
cat__Circuit_ID_3M66,0.0
cat__Circuit_ID_3M50,0.0
cat__Circuit_ID_3LG409,0.0
cat__Circuit_ID_3LG3K1,0.0
cat__Circuit_ID_3LG314,0.0
cat__Circuit_ID_3LG313,0.0
cat__Connection_Date_2018-11-10 00:00:00,0.0
cat__Circuit_ID_3KG301,0.0
cat__Circuit_ID_3KG297,0.0
cat__Connection_Date_2018-11-08 00:00:00,0.0
cat__Circuit_ID_3J5P2,0.0
cat__Connection_Date_2009-03-24 00:00:00,0.0
cat__Connection_Date_2009-03-23 00:00:00,0.0
cat__Circuit_ID_3Q93,0.0
cat__Circuit_ID_3Q92,0.0
cat__Circuit_ID_3Q91,0.0
cat__Connection_Date_2018-11-05 00:00:00,0.0
cat__Circuit_ID_3Q89,0.0
cat__Circuit_ID_3Q88,0.0
cat__Circuit_ID_3Q87,0.0
cat__Circuit_ID_3Q86,0.0
cat__Circuit_ID_3Q85,0.0
cat__Circuit_ID_3Q84,0.0
cat__Circuit_ID_3Q83,0.0
cat__Connection_Date_2018-11-03 00:00:00,0.0
cat__Circuit_ID_3Q81,0.0
cat__Connection_Date_2018-11-02 00:00:00,0.0
cat__Circuit_ID_3MG337,0.0
cat__Circuit_ID_3MG336,0.0
cat__Connection_Date_2018-12-10 00:00:00,0.0
cat__Circuit_ID_3W002,0.0
cat__Connection_Date_2018-12-08 00:00:00,0.0
cat__Connection_Date_2018-12-06 00:00:00,0.0
cat__Circuit_ID_3R36,0.0
cat__Circuit_ID_3R35,0.0
cat__Circuit_ID_3R34,0.0
cat__Connection_Date_2018-12-05 00:00:00,0.0
cat__Connection_Date_2018-12-04 00:00:00,0.0
cat__Circuit_ID_3R189,0.0
cat__Circuit_ID_3R050,0.0
cat__Circuit_ID_3R046,0.0
cat__Circuit_ID_3Q98,0.0
cat__Circuit_ID_3Q97,0.0
cat__Circuit_ID_3Q95,0.0
cat__Circuit_ID_3Q94,0.0
cat__Connection_Date_2009-02-26 00:00:00,0.0
cat__Connection_Date_2009-02-25 00:00:00,0.0
cat__Connection_Date_2009-02-24 00:00:00,0.0
cat__Connection_Date_2009-02-23 00:00:00,0.0
cat__Connection_Date_2009-02-20 00:00:00,0.0
cat__Connection_Date_2009-02-18 00:00:00,0.0
cat__Connection_Date_2009-02-17 00:00:00,0.0
cat__Connection_Date_2009-02-13 00:00:00,0.0
cat__Connection_Date_2009-02-12 00:00:00,0.0
cat__Connection_Date_2009-02-11 00:00:00,0.0
cat__Connection_Date_2009-02-10 00:00:00,0.0
cat__Connection_Date_2009-02-09 00:00:00,0.0
cat__Connection_Date_2009-02-07 00:00:00,0.0
cat__Circuit_ID_3X60,0.0
cat__Circuit_ID_3X59,0.0
cat__Circuit_ID_3X58,0.0
cat__Connection_Date_2018-12-03 00:00:00,0.0
cat__Circuit_ID_3X78,0.0
cat__Circuit_ID_3X77,0.0
cat__Circuit_ID_3X76,0.0
cat__Circuit_ID_3X75,0.0
cat__Circuit_ID_3X74,0.0
cat__Circuit_ID_3X73,0.0
cat__Connection_Date_2018-12-01 00:00:00,0.0
cat__Circuit_ID_3X71,0.0
cat__Circuit_ID_3X68,0.0
cat__Circuit_ID_3X67,0.0
cat__Connection_Date_2018-11-29 00:00:00,0.0
cat__Circuit_ID_3X63,0.0
cat__Circuit_ID_3X62,0.0
cat__Connection_Date_2009-03-02 00:00:00,0.0
cat__Connection_Date_2009-02-28 00:00:00,0.0
cat__Circuit_ID_402,0.0
cat__Connection_Date_2018-11-28 00:00:00,0.0
cat__Connection_Date_2018-11-26 00:00:00,0.0
cat__Circuit_ID_4012,0.0
cat__Circuit_ID_4003,0.0
cat__Circuit_ID_4002,0.0
cat__Circuit_ID_4.63E+03,0.0
cat__Circuit_ID_4.28E+03,0.0
cat__Circuit_ID_4.00E+289,0.0
cat__Circuit_ID_4.00E+288,0.0
cat__Circuit_ID_4.00E+287,0.0
cat__Circuit_ID_4.00E+286,0.0
cat__Circuit_ID_4.00E+285,0.0
cat__Circuit_ID_4.00E+284,0.0
cat__Circuit_ID_3j196,0.0
cat__Circuit_ID_3h157,0.0
cat__Connection_Date_2018-11-22 00:00:00,0.0
cat__Circuit_ID_4092,0.0
cat__Circuit_ID_406,0.0
cat__Circuit_ID_4053,0.0
cat__Connection_Date_2018-11-21 00:00:00,0.0
cat__Circuit_ID_405,0.0
cat__Connection_Date_2018-11-20 00:00:00,0.0
cat__Circuit_ID_4045,0.0
cat__Connection_Date_2016-03-31 00:00:00,0.0
cat__Connection_Date_2016-03-29 00:00:00,0.0
cat__Connection_Date_2016-03-26 00:00:00,0.0
cat__Circuit_ID_4040,0.0
cat__Circuit_ID_403,0.0
cat__Circuit_ID_4024,0.0
cat__Connection_Date_2016-03-24 00:00:00,0.0
cat__Circuit_ID_4021,0.0
cat__Connection_Date_2016-03-21 00:00:00,0.0
cat__Circuit_ID_41456,0.0
cat__Circuit_ID_41434,0.0
cat__Circuit_ID_41433,0.0
cat__Connection_Date_2018-12-15 00:00:00,0.0
cat__Circuit_ID_41429,0.0
cat__Circuit_ID_41427,0.0
cat__Circuit_ID_41426,0.0
cat__Circuit_ID_411,0.0
cat__Circuit_ID_410,0.0
cat__Circuit_ID_40U4,0.0
cat__Circuit_ID_40U3,0.0
cat__Circuit_ID_40U2,0.0
cat__Circuit_ID_40U1,0.0
cat__Circuit_ID_4095,0.0
cat__Connection_Date_2018-12-12 00:00:00,0.0
cat__Connection_Date_2009-02-06 00:00:00,0.0
cat__Connection_Date_2009-02-03 00:00:00,0.0
cat__Connection_Date_2009-02-02 00:00:00,0.0
cat__Connection_Date_2009-02-01 00:00:00,0.0
cat__Connection_Date_2009-01-31 00:00:00,0.0
cat__Connection_Date_2009-01-30 00:00:00,0.0
cat__Connection_Date_2009-01-29 00:00:00,0.0
cat__Connection_Date_2009-01-28 00:00:00,0.0
cat__Connection_Date_2009-01-22 00:00:00,0.0
cat__Connection_Date_2009-01-21 00:00:00,0.0
cat__Connection_Date_2009-01-20 00:00:00,0.0
cat__Connection_Date_2009-01-19 00:00:00,0.0
cat__Connection_Date_2009-01-16 00:00:00,0.0
cat__Connection_Date_2009-01-15 00:00:00,0.0
cat__Connection_Date_2009-01-14 00:00:00,0.0
cat__Connection_Date_2009-01-12 00:00:00,0.0
cat__Circuit_ID_4200103,0.0
cat__Connection_Date_2019-01-09 00:00:00,0.0
cat__Connection_Date_2019-01-08 00:00:00,0.0
cat__Connection_Date_2019-01-03 00:00:00,0.0
cat__Connection_Date_2019-01-02 00:00:00,0.0
cat__Circuit_ID_42-1-13,0.0
cat__Circuit_ID_41U3,0.0
cat__Circuit_ID_41U2,0.0
cat__Circuit_ID_41U1,0.0
cat__Connection_Date_2019-01-01 00:00:00,0.0
cat__Circuit_ID_41609,0.0
cat__Connection_Date_2018-12-29 00:00:00,0.0
cat__Connection_Date_2018-12-28 00:00:00,0.0
cat__Connection_Date_2018-12-24 00:00:00,0.0
cat__Circuit_ID_41549,0.0
cat__Circuit_ID_41458,0.0
cat__Circuit_ID_4201101,0.0
cat__Circuit_ID_4201004,0.0
cat__Connection_Date_2018-12-22 00:00:00,0.0
cat__Circuit_ID_4201001,0.0
cat__Circuit_ID_4200902,0.0
cat__Circuit_ID_4200901,0.0
cat__Circuit_ID_4200801,0.0
cat__Connection_Date_2018-12-20 00:00:00,0.0
cat__Circuit_ID_4200602,0.0
cat__Circuit_ID_4200503,0.0
cat__Circuit_ID_4200502,0.0
cat__Circuit_ID_4200406,0.0
cat__Circuit_ID_4200405,0.0
cat__Circuit_ID_4200404,0.0
cat__Circuit_ID_4200202,0.0
cat__Circuit_ID_4200201,0.0
cat__Circuit_ID_4202701,0.0
cat__Connection_Date_2019-02-02 00:00:00,0.0
cat__Circuit_ID_4202401,0.0
cat__Circuit_ID_4202201,0.0
cat__Circuit_ID_4202102,0.0
cat__Circuit_ID_4202101,0.0
cat__Connection_Date_2019-01-31 00:00:00,0.0
cat__Circuit_ID_4201801,0.0
cat__Circuit_ID_4201702,0.0
cat__Circuit_ID_4201701,0.0
cat__Circuit_ID_4201602,0.0
cat__Circuit_ID_4201601,0.0
cat__Circuit_ID_4201503,0.0
cat__Circuit_ID_4201501,0.0
cat__Circuit_ID_4201103,0.0
cat__Circuit_ID_4201102,0.0
cat__Circuit_ID_422,0.0
cat__Circuit_ID_4208401,0.0
cat__Connection_Date_2019-01-29 00:00:00,0.0
cat__Circuit_ID_4207769,0.0
cat__Circuit_ID_4204789,0.0
cat__Circuit_ID_4204686,0.0
cat__Circuit_ID_4204389,0.0
cat__Circuit_ID_4204001,0.0
cat__Circuit_ID_4203989,0.0
cat__Circuit_ID_4203899,0.0
cat__Circuit_ID_4203507,0.0
cat__Circuit_ID_4203501,0.0
cat__Circuit_ID_4203303,0.0
cat__Circuit_ID_4203302,0.0
cat__Circuit_ID_4203301,0.0
cat__Circuit_ID_4203105,0.0
cat__Circuit_ID_4300302,0.0
cat__Circuit_ID_4300205,0.0
cat__Connection_Date_2019-01-28 00:00:00,0.0
cat__Connection_Date_2019-01-26 00:00:00,0.0
cat__Connection_Date_2019-01-25 00:00:00,0.0
cat__Circuit_ID_4300105,0.0
cat__Circuit_ID_4300104,0.0
cat__Circuit_ID_4300103,0.0
cat__Circuit_ID_4300101,0.0
cat__Circuit_ID_42U3,0.0
cat__Circuit_ID_42U2,0.0
cat__Connection_Date_2019-01-24 00:00:00,0.0
cat__Connection_Date_2019-01-23 00:00:00,0.0
cat__Connection_Date_2019-01-22 00:00:00,0.0
cat__Circuit_ID_4256,0.0
cat__Circuit_ID_424,0.0
cat__Connection_Date_2019-01-21 00:00:00,0.0
cat__Circuit_ID_4301501,0.0
cat__Connection_Date_2019-01-19 00:00:00,0.0
cat__Circuit_ID_4301202,0.0
cat__Circuit_ID_4301201,0.0
cat__Connection_Date_2019-01-18 00:00:00,0.0
cat__Connection_Date_2019-01-17 00:00:00,0.0
cat__Connection_Date_2019-01-15 00:00:00,0.0
cat__Circuit_ID_4300802,0.0
cat__Circuit_ID_4300701,0.0
cat__Connection_Date_2019-01-14 00:00:00,0.0
cat__Circuit_ID_4300602,0.0
cat__Circuit_ID_4300601,0.0
cat__Connection_Date_2019-02-25 00:00:00,0.0
cat__Circuit_ID_4300501,0.0
cat__Circuit_ID_4300303,0.0
cat__Connection_Date_2009-01-08 00:00:00,0.0
cat__Connection_Date_2009-01-07 00:00:00,0.0
cat__Connection_Date_2009-01-06 00:00:00,0.0
cat__Connection_Date_2009-01-05 00:00:00,0.0
cat__Connection_Date_2009-01-03 00:00:00,0.0
cat__Connection_Date_2008-12-29 00:00:00,0.0
cat__Connection_Date_2008-12-23 00:00:00,0.0
cat__Connection_Date_2008-12-22 00:00:00,0.0
cat__Connection_Date_2008-12-20 00:00:00,0.0
cat__Connection_Date_2008-12-19 00:00:00,0.0
cat__Connection_Date_2008-12-18 00:00:00,0.0
cat__Connection_Date_2008-12-17 00:00:00,0.0
cat__Connection_Date_2008-12-16 00:00:00,0.0
cat__Connection_Date_2008-12-15 00:00:00,0.0
cat__Connection_Date_2019-02-23 00:00:00,0.0
cat__Connection_Date_2019-02-22 00:00:00,0.0
cat__Circuit_ID_4302601,0.0
cat__Connection_Date_2019-02-20 00:00:00,0.0
cat__Circuit_ID_4302305,0.0
cat__Circuit_ID_4302304,0.0
cat__Connection_Date_2019-02-19 00:00:00,0.0
cat__Connection_Date_2019-02-18 00:00:00,0.0
cat__Circuit_ID_4302301,0.0
cat__Circuit_ID_4302205,0.0
cat__Circuit_ID_4302204,0.0
cat__Connection_Date_2019-02-16 00:00:00,0.0
cat__Circuit_ID_4302103,0.0
cat__Circuit_ID_4302102,0.0
cat__Circuit_ID_4302002,0.0
cat__Connection_Date_2019-02-13 00:00:00,0.0
cat__Circuit_ID_4301901,0.0
cat__Connection_Date_2019-02-11 00:00:00,0.0
cat__Circuit_ID_4309001,0.0
cat__Circuit_ID_4306201,0.0
cat__Circuit_ID_4306001,0.0
cat__Circuit_ID_4305901,0.0
cat__Circuit_ID_4305801,0.0
cat__Circuit_ID_4305701,0.0
cat__Circuit_ID_4305101,0.0
cat__Connection_Date_2019-02-08 00:00:00,0.0
cat__Circuit_ID_4304201,0.0
cat__Circuit_ID_4304001,0.0
cat__Connection_Date_2019-02-06 00:00:00,0.0
cat__Circuit_ID_4303501,0.0
cat__Circuit_ID_4303401,0.0
cat__Circuit_ID_4303101,0.0
cat__Circuit_ID_4302901,0.0
cat__Circuit_ID_4302701,0.0
cat__Circuit_ID_44-4-13,0.0
cat__Circuit_ID_44-3-13,0.0
cat__Circuit_ID_44-2-13,0.0
cat__Circuit_ID_44-1-13,0.0
cat__Circuit_ID_43U6,0.0
cat__Circuit_ID_43U5,0.0
cat__Circuit_ID_43U4,0.0
cat__Connection_Date_2016-03-07 00:00:00,0.0
cat__Circuit_ID_43U2,0.0
cat__Circuit_ID_43U1,0.0
cat__Circuit_ID_43M61,0.0
cat__Connection_Date_2016-03-06 00:00:00,0.0
cat__Connection_Date_2016-03-05 00:00:00,0.0
cat__Connection_Date_2016-03-04 00:00:00,0.0
cat__Circuit_ID_434,0.0
cat__Circuit_ID_433,0.0
cat__Circuit_ID_4400702,0.0
cat__Circuit_ID_4400701,0.0
cat__Circuit_ID_4400603,0.0
cat__Circuit_ID_4400602,0.0
cat__Connection_Date_2016-03-03 00:00:00,0.0
cat__Circuit_ID_4400502,0.0
cat__Circuit_ID_4400305,0.0
cat__Circuit_ID_4400303,0.0
cat__Circuit_ID_4400301,0.0
cat__Circuit_ID_4400211,0.0
cat__Connection_Date_2016-02-29 00:00:00,0.0
cat__Circuit_ID_4400202,0.0
cat__Circuit_ID_4400102,0.0
cat__Connection_Date_2016-02-28 00:00:00,0.0
cat__Connection_Date_2016-02-27 00:00:00,0.0
cat__Circuit_ID_44-5-13,0.0
cat__Circuit_ID_4402102,0.0
cat__Circuit_ID_4402101,0.0
cat__Circuit_ID_4401802,0.0
cat__Circuit_ID_4401801,0.0
cat__Circuit_ID_4401702,0.0
cat__Circuit_ID_4401701,0.0
cat__Connection_Date_2019-03-08 00:00:00,0.0
cat__Circuit_ID_4401503,0.0
cat__Circuit_ID_4401501,0.0
cat__Circuit_ID_4401402,0.0
cat__Connection_Date_2019-03-07 00:00:00,0.0
cat__Circuit_ID_4401302,0.0
cat__Circuit_ID_4401301,0.0
cat__Circuit_ID_4401202,0.0
cat__Connection_Date_2019-03-06 00:00:00,0.0
cat__Circuit_ID_4401101,0.0
cat__Circuit_ID_44M15,0.0
cat__Circuit_ID_44M14,0.0
cat__Circuit_ID_44M13,0.0
cat__Circuit_ID_44M12,0.0
cat__Circuit_ID_44M11,0.0
cat__Circuit_ID_44M10,0.0
cat__Circuit_ID_44M1,0.0
cat__Circuit_ID_44M07,0.0
cat__Circuit_ID_44M05,0.0
cat__Circuit_ID_44M04,0.0
cat__Connection_Date_2019-03-01 00:00:00,0.0
cat__Circuit_ID_4409028,0.0
cat__Circuit_ID_4403401,0.0
cat__Circuit_ID_4403201,0.0
cat__Circuit_ID_4402901,0.0
cat__Circuit_ID_4402401,0.0
cat__Circuit_ID_45-4-13,0.0
cat__Circuit_ID_45-3-13,0.0
cat__Connection_Date_2019-03-25 00:00:00,0.0
cat__Connection_Date_2019-03-23 00:00:00,0.0
cat__Connection_Date_2019-03-22 00:00:00,0.0
cat__Circuit_ID_44U4,0.0
cat__Circuit_ID_44U3,0.0
cat__Circuit_ID_44U2,0.0
cat__Circuit_ID_44U1,0.0
cat__Circuit_ID_44M23,0.0
cat__Circuit_ID_44M21,0.0
cat__Circuit_ID_44M20,0.0
cat__Circuit_ID_44M19,0.0
cat__Circuit_ID_44M18,0.0
cat__Circuit_ID_44M17,0.0
cat__Circuit_ID_44M16,0.0
cat__Circuit_ID_47U1,0.0
cat__Circuit_ID_4787,0.0
cat__Circuit_ID_4762,0.0
cat__Connection_Date_2019-03-21 00:00:00,0.0
cat__Circuit_ID_4726,0.0
cat__Circuit_ID_4684,0.0
cat__Connection_Date_2019-03-19 00:00:00,0.0
cat__Circuit_ID_4633,0.0
cat__Circuit_ID_45U3,0.0
cat__Circuit_ID_45U2,0.0
cat__Circuit_ID_45U1,0.0
cat__Connection_Date_2019-03-16 00:00:00,0.0
cat__Connection_Date_2019-03-12 00:00:00,0.0
cat__Circuit_ID_45-7-13,0.0
cat__Circuit_ID_45-6-13,0.0
cat__Circuit_ID_45-5-13,0.0
cat__Connection_Date_2008-12-10 00:00:00,0.0
cat__Connection_Date_2008-12-09 00:00:00,0.0
cat__Connection_Date_2008-12-08 00:00:00,0.0
cat__Connection_Date_2008-12-05 00:00:00,0.0
cat__Connection_Date_2008-12-04 00:00:00,0.0
cat__Connection_Date_2008-12-03 00:00:00,0.0
cat__Connection_Date_2008-12-02 00:00:00,0.0
cat__Connection_Date_2008-12-01 00:00:00,0.0
cat__Connection_Date_2008-11-19 00:00:00,0.0
cat__Connection_Date_2008-11-18 00:00:00,0.0
cat__Connection_Date_2008-11-15 00:00:00,0.0
cat__Connection_Date_2008-11-14 00:00:00,0.0
cat__Connection_Date_2008-11-11 00:00:00,0.0
cat__Connection_Date_2008-11-10 00:00:00,0.0
cat__Circuit_ID_47U4,0.0
cat__Circuit_ID_47U2,0.0
cat__Connection_Date_2019-03-11 00:00:00,0.0
cat__Circuit_ID_4AH344,0.0
cat__Circuit_ID_4AH152,0.0
cat__Circuit_ID_4AH139,0.0
cat__Connection_Date_2019-03-09 00:00:00,0.0
cat__Circuit_ID_4AH137,0.0
cat__Circuit_ID_4AH136,0.0
cat__Circuit_ID_49U3,0.0
cat__Circuit_ID_49U2,0.0
cat__Circuit_ID_49-9-13,0.0
cat__Circuit_ID_49-7-13,0.0
cat__Circuit_ID_48U4,0.0
cat__Connection_Date_2016-03-13 00:00:00,0.0
cat__Circuit_ID_48U2,0.0
cat__Circuit_ID_48U1,0.0
cat__Connection_Date_2008-12-11 00:00:00,0.0
cat__Connection_Date_2019-04-27 00:00:00,0.0
cat__Connection_Date_2019-04-26 00:00:00,0.0
cat__Circuit_ID_4B115,0.0
cat__Connection_Date_2019-04-24 00:00:00,0.0
cat__Connection_Date_2019-04-23 00:00:00,0.0
cat__Connection_Date_2019-04-22 00:00:00,0.0
cat__Circuit_ID_4B10,0.0
cat__Circuit_ID_4B09,0.0
cat__Connection_Date_2019-04-20 00:00:00,0.0
cat__Circuit_ID_4B07,0.0
cat__Circuit_ID_4B06,0.0
cat__Connection_Date_2019-04-19 00:00:00,0.0
cat__Circuit_ID_4B03,0.0
cat__Circuit_ID_4B02,0.0
cat__Circuit_ID_4B01,0.0
cat__Circuit_ID_4AH364,0.0
cat__Circuit_ID_4D122,0.0
cat__Circuit_ID_4D121,0.0
cat__Circuit_ID_4B91,0.0
cat__Circuit_ID_4B5P9,0.0
cat__Circuit_ID_4B5L8,0.0
cat__Circuit_ID_4B5L7,0.0
cat__Circuit_ID_4B19,0.0
cat__Circuit_ID_4B18,0.0
cat__Circuit_ID_4B17,0.0
cat__Circuit_ID_4B16,0.0
cat__Circuit_ID_4B15,0.0
cat__Circuit_ID_4B14,0.0
cat__Circuit_ID_4B13,0.0
cat__Circuit_ID_4B12,0.0
cat__Circuit_ID_4B119,0.0
cat__Circuit_ID_4B118,0.0
cat__Circuit_ID_4K017,0.0
cat__Circuit_ID_4K016,0.0
cat__Circuit_ID_4K015,0.0
cat__Circuit_ID_4J398,0.0
cat__Circuit_ID_4J397,0.0
cat__Connection_Date_2019-04-16 00:00:00,0.0
cat__Circuit_ID_4H383,0.0
cat__Circuit_ID_4H381,0.0
cat__Circuit_ID_4H257,0.0
cat__Circuit_ID_4GH853,0.0
cat__Circuit_ID_4GH852,0.0
cat__Connection_Date_2019-04-12 00:00:00,0.0
cat__Circuit_ID_4GH4P8,0.0
cat__Circuit_ID_4GH188,0.0
cat__Circuit_ID_4GH187,0.0
cat__Circuit_ID_4D124,0.0
cat__Connection_Date_2019-04-08 00:00:00,0.0
cat__Circuit_ID_4M9H5,0.0
cat__Connection_Date_2019-04-05 00:00:00,0.0
cat__Connection_Date_2019-04-04 00:00:00,0.0
cat__Circuit_ID_4M162,0.0
cat__Circuit_ID_4M161,0.0
cat__Circuit_ID_4M043,0.0
cat__Circuit_ID_4LB1R3,0.0
cat__Circuit_ID_4LB1R2,0.0
cat__Circuit_ID_4KH194,0.0
cat__Circuit_ID_4KH193,0.0
cat__Circuit_ID_4KH192,0.0
cat__Circuit_ID_4K023,0.0
cat__Circuit_ID_4K021,0.0
cat__Circuit_ID_4K020,0.0
cat__Circuit_ID_4K019,0.0
cat__Circuit_ID_4RH319,0.0
cat__Circuit_ID_4RH318,0.0
cat__Connection_Date_2019-04-02 00:00:00,0.0
cat__Circuit_ID_4RH309,0.0
cat__Connection_Date_2019-04-01 00:00:00,0.0
cat__Connection_Date_2019-05-17 00:00:00,0.0
cat__Connection_Date_2019-05-15 00:00:00,0.0
cat__Connection_Date_2019-05-13 00:00:00,0.0
cat__Circuit_ID_4R66,0.0
cat__Circuit_ID_4MG4L9,0.0
cat__Circuit_ID_4MG435,0.0
cat__Connection_Date_2019-05-12 00:00:00,0.0
cat__Circuit_ID_4MG293,0.0
cat__Circuit_ID_4MG292,0.0
cat__Connection_Date_2019-05-11 00:00:00,0.0
cat__Circuit_ID_4MG207,0.0
cat__Circuit_ID_4UH367,0.0
cat__Circuit_ID_4UH338,0.0
cat__Circuit_ID_4UH331,0.0
cat__Connection_Date_2019-05-08 00:00:00,0.0
cat__Circuit_ID_4U3,0.0
cat__Circuit_ID_4U2,0.0
cat__Circuit_ID_4U1,0.0
cat__Circuit_ID_4S307,0.0
cat__Circuit_ID_4S306,0.0
cat__Circuit_ID_4S305,0.0
cat__Circuit_ID_4S132,0.0
cat__Circuit_ID_4S131,0.0
cat__Circuit_ID_4RH3N2,0.0
cat__Circuit_ID_4RH3N1,0.0
cat__Circuit_ID_4RH322,0.0
cat__Circuit_ID_4RH321,0.0
cat__Connection_Date_2008-11-07 00:00:00,0.0
cat__Connection_Date_2019-05-07 00:00:00,0.0
cat__Connection_Date_2008-11-04 00:00:00,0.0
cat__Connection_Date_2008-11-01 00:00:00,0.0
cat__Connection_Date_2008-10-31 00:00:00,0.0
cat__Connection_Date_2008-10-30 00:00:00,0.0
cat__Connection_Date_2008-10-29 00:00:00,0.0
cat__Connection_Date_2008-10-28 00:00:00,0.0
cat__Connection_Date_2008-10-27 00:00:00,0.0
cat__Connection_Date_2008-10-24 00:00:00,0.0
cat__Connection_Date_2008-10-23 00:00:00,0.0
cat__Connection_Date_2019-05-06 00:00:00,0.0
cat__Connection_Date_2019-05-04 00:00:00,0.0
cat__Connection_Date_2008-10-20 00:00:00,0.0
cat__Connection_Date_2008-10-17 00:00:00,0.0
cat__Circuit_ID_4UH368,0.0
cat__Circuit_ID_4X55,0.0
cat__Circuit_ID_4X52,0.0
cat__Circuit_ID_4X51,0.0
cat__Circuit_ID_4X50,0.0
cat__Circuit_ID_4X48,0.0
cat__Circuit_ID_4X47,0.0
cat__Circuit_ID_4X46,0.0
cat__Circuit_ID_4X45,0.0
cat__Circuit_ID_4X42,0.0
cat__Circuit_ID_4X41,0.0
cat__Circuit_ID_4X40,0.0
cat__Connection_Date_2019-05-03 00:00:00,0.0
cat__Connection_Date_2019-05-01 00:00:00,0.0
cat__Circuit_ID_4W234,0.0
cat__Circuit_ID_4UH369,0.0
cat__Connection_Date_2008-11-08 00:00:00,0.0
cat__Circuit_ID_5.48E+03,0.0
cat__Circuit_ID_5.47E+03,0.0
cat__Circuit_ID_5.46E+03,0.0
cat__Circuit_ID_5.32E+03,0.0
cat__Circuit_ID_5.20E+03,0.0
cat__Circuit_ID_4mg208,0.0
cat__Circuit_ID_4m161,0.0
cat__Circuit_ID_4m043,0.0
cat__Circuit_ID_4gh188,0.0
cat__Connection_Date_2019-04-30 00:00:00,0.0
cat__Circuit_ID_4X65,0.0
cat__Circuit_ID_4X64,0.0
cat__Circuit_ID_4X63,0.0
cat__Circuit_ID_4X61,0.0
cat__Connection_Date_2019-06-06 00:00:00,0.0
cat__Circuit_ID_4X56,0.0
cat__Circuit_ID_5030,0.0
cat__Circuit_ID_5025,0.0
cat__Connection_Date_2019-06-05 00:00:00,0.0
cat__Circuit_ID_5022,0.0
cat__Connection_Date_2019-06-03 00:00:00,0.0
cat__Circuit_ID_5004,0.0
cat__Circuit_ID_5002,0.0
cat__Connection_Date_2019-06-02 00:00:00,0.0
cat__Connection_Date_2019-06-01 00:00:00,0.0
cat__Circuit_ID_50-3-13,0.0
cat__Circuit_ID_50-2-13,0.0
cat__Circuit_ID_50-1-13,0.0
cat__Circuit_ID_5/3/1934,0.0
cat__Circuit_ID_5/10/1934,0.0
cat__Circuit_ID_5.61E+03,0.0
cat__Circuit_ID_5.60E+03,0.0
cat__Circuit_ID_50U1,0.0
cat__Connection_Date_2019-05-30 00:00:00,0.0
cat__Connection_Date_2019-05-29 00:00:00,0.0
cat__Connection_Date_2019-05-28 00:00:00,0.0
cat__Circuit_ID_5081,0.0
cat__Connection_Date_2019-05-25 00:00:00,0.0
cat__Circuit_ID_5072,0.0
cat__Circuit_ID_5071,0.0
cat__Connection_Date_2019-05-21 00:00:00,0.0
cat__Circuit_ID_5054,0.0
cat__Circuit_ID_5053,0.0
cat__Circuit_ID_5052,0.0
cat__Circuit_ID_5051,0.0
cat__Circuit_ID_5041,0.0
cat__Circuit_ID_5034,0.0
cat__Connection_Date_2019-05-20 00:00:00,0.0
cat__Connection_Date_2019-05-18 00:00:00,0.0
cat__Circuit_ID_51U3,0.0
cat__Circuit_ID_51U2,0.0
cat__Circuit_ID_51U1,0.0
cat__Connection_Date_2016-02-23 00:00:00,0.0
cat__Circuit_ID_5151,0.0
cat__Connection_Date_2016-02-22 00:00:00,0.0
cat__Circuit_ID_5131,0.0
cat__Circuit_ID_51-8-13,0.0
cat__Connection_Date_2016-02-21 00:00:00,0.0
cat__Connection_Date_2016-02-19 00:00:00,0.0
cat__Connection_Date_2016-02-18 00:00:00,0.0
cat__Circuit_ID_51-4-13,0.0
cat__Connection_Date_2016-02-15 00:00:00,0.0
cat__Circuit_ID_50U3,0.0
cat__Circuit_ID_50U2,0.0
cat__Circuit_ID_5201022,0.0
cat__Circuit_ID_5201021,0.0
cat__Circuit_ID_5200989,0.0
cat__Circuit_ID_5200926,0.0
cat__Circuit_ID_5200925,0.0
cat__Circuit_ID_5200619,0.0
cat__Circuit_ID_5200618,0.0
cat__Circuit_ID_5200583,0.0
cat__Circuit_ID_5200549,0.0
cat__Circuit_ID_5200416,0.0
cat__Connection_Date_2016-02-14 00:00:00,0.0
cat__Circuit_ID_5200286,0.0
cat__Circuit_ID_5200285,0.0
cat__Circuit_ID_5200111,0.0
cat__Circuit_ID_5200105,0.0
cat__Circuit_ID_5200104,0.0
cat__Connection_Date_2008-10-16 00:00:00,0.0
cat__Connection_Date_2008-10-15 00:00:00,0.0
cat__Connection_Date_2008-10-14 00:00:00,0.0
cat__Connection_Date_2016-02-13 00:00:00,0.0
cat__Connection_Date_2019-06-11 00:00:00,0.0
cat__Connection_Date_2008-10-08 00:00:00,0.0
cat__Connection_Date_2008-10-07 00:00:00,0.0
cat__Connection_Date_2008-10-06 00:00:00,0.0
cat__Connection_Date_2008-10-02 00:00:00,0.0
cat__Connection_Date_2008-09-30 00:00:00,0.0
cat__Connection_Date_2008-09-29 00:00:00,0.0
cat__Connection_Date_2008-09-26 00:00:00,0.0
cat__Connection_Date_2019-06-10 00:00:00,0.0
cat__Connection_Date_2008-09-24 00:00:00,0.0
cat__Connection_Date_2008-09-23 00:00:00,0.0
cat__Connection_Date_2008-09-22 00:00:00,0.0
cat__Circuit_ID_5202139,0.0
cat__Circuit_ID_5202033,0.0
cat__Circuit_ID_5202011,0.0
cat__Circuit_ID_5201712,0.0
cat__Circuit_ID_5201711,0.0
cat__Circuit_ID_5201607,0.0
cat__Circuit_ID_5201606,0.0
cat__Circuit_ID_5201605,0.0
cat__Circuit_ID_5201419,0.0
cat__Circuit_ID_5201418,0.0
cat__Circuit_ID_5201202,0.0
cat__Circuit_ID_5201201,0.0
cat__Circuit_ID_5201200,0.0
cat__Circuit_ID_5201143,0.0
cat__Circuit_ID_5201141,0.0
cat__Circuit_ID_5201023,0.0
cat__Connection_Date_2019-06-08 00:00:00,0.0
cat__Connection_Date_2019-06-07 00:00:00,0.0
cat__Circuit_ID_5203908,0.0
cat__Circuit_ID_5203907,0.0
cat__Circuit_ID_5203834,0.0
cat__Circuit_ID_5203833,0.0
cat__Circuit_ID_5203722,0.0
cat__Circuit_ID_5203721,0.0
cat__Circuit_ID_5203662,0.0
cat__Connection_Date_2019-07-04 00:00:00,0.0
cat__Circuit_ID_5203464,0.0
cat__Circuit_ID_5203352,0.0
cat__Circuit_ID_5203351,0.0
cat__Circuit_ID_5203139,0.0
cat__Circuit_ID_5203,0.0
cat__Circuit_ID_5202528,0.0
cat__Circuit_ID_5206631,0.0
cat__Circuit_ID_5206528,0.0
cat__Circuit_ID_5206335,0.0
cat__Circuit_ID_5205591,0.0
cat__Circuit_ID_5204782,0.0
cat__Circuit_ID_5204637,0.0
cat__Circuit_ID_5204636,0.0
cat__Circuit_ID_5204545,0.0
cat__Circuit_ID_5204544,0.0
cat__Circuit_ID_5204446,0.0
cat__Circuit_ID_5204398,0.0
cat__Circuit_ID_5204242,0.0
cat__Circuit_ID_5204241,0.0
cat__Circuit_ID_5204141,0.0
cat__Circuit_ID_5204140,0.0
cat__Connection_Date_2019-07-02 00:00:00,0.0
cat__Circuit_ID_5300280,0.0
cat__Circuit_ID_5300176,0.0
cat__Circuit_ID_5300170,0.0
cat__Connection_Date_2019-06-30 00:00:00,0.0
cat__Connection_Date_2019-06-29 00:00:00,0.0
cat__Circuit_ID_53-3-13,0.0
cat__Connection_Date_2019-06-28 00:00:00,0.0
cat__Circuit_ID_52U4,0.0
cat__Circuit_ID_52U3,0.0
cat__Circuit_ID_52U2,0.0
cat__Circuit_ID_52U1,0.0
cat__Circuit_ID_5252,0.0
cat__Connection_Date_2019-06-27 00:00:00,0.0
cat__Circuit_ID_5208163,0.0
cat__Circuit_ID_5206901,0.0
cat__Circuit_ID_5206898,0.0
cat__Connection_Date_2019-06-26 00:00:00,0.0
cat__Circuit_ID_5301431,0.0
cat__Circuit_ID_5301430,0.0
cat__Circuit_ID_5301352,0.0
cat__Connection_Date_2019-06-22 00:00:00,0.0
cat__Circuit_ID_5301343,0.0
cat__Circuit_ID_5301266,0.0
cat__Circuit_ID_5301220,0.0
cat__Circuit_ID_5301111,0.0
cat__Circuit_ID_5301110,0.0
cat__Circuit_ID_5300816,0.0
cat__Circuit_ID_5300641,0.0
cat__Circuit_ID_5300600,0.0
cat__Circuit_ID_5300458,0.0
cat__Circuit_ID_5300320,0.0
cat__Circuit_ID_5300281,0.0
cat__Circuit_ID_5302430,0.0
cat__Circuit_ID_5302381,0.0
cat__Circuit_ID_5302380,0.0
cat__Circuit_ID_5302240,0.0
cat__Circuit_ID_5302163,0.0
cat__Circuit_ID_5302068,0.0
cat__Circuit_ID_5302067,0.0
cat__Circuit_ID_5302,0.0
cat__Circuit_ID_5301955,0.0
cat__Circuit_ID_5301861,0.0
cat__Circuit_ID_5301752,0.0
cat__Circuit_ID_5301615,0.0
cat__Circuit_ID_5301614,0.0
cat__Circuit_ID_5301573,0.0
cat__Circuit_ID_5301572,0.0
cat__Circuit_ID_5301570,0.0
cat__Connection_Date_2008-09-18 00:00:00,0.0
cat__Connection_Date_2008-09-16 00:00:00,0.0
cat__Connection_Date_2008-09-15 00:00:00,0.0
cat__Connection_Date_2008-09-13 00:00:00,0.0
cat__Connection_Date_2008-09-12 00:00:00,0.0
cat__Connection_Date_2008-09-10 00:00:00,0.0
cat__Connection_Date_2008-09-09 00:00:00,0.0
cat__Connection_Date_2008-09-08 00:00:00,0.0
cat__Connection_Date_2008-09-06 00:00:00,0.0
cat__Connection_Date_2008-09-05 00:00:00,0.0
cat__Connection_Date_2008-09-04 00:00:00,0.0
cat__Connection_Date_2008-09-03 00:00:00,0.0
cat__Connection_Date_2008-09-02 00:00:00,0.0
cat__Connection_Date_2008-08-31 00:00:00,0.0
cat__Circuit_ID_5302528,0.0
cat__Circuit_ID_5302431,0.0
cat__Connection_Date_2019-06-20 00:00:00,0.0
cat__Connection_Date_2019-06-18 00:00:00,0.0
cat__Circuit_ID_54-2-13,0.0
cat__Connection_Date_2019-06-15 00:00:00,0.0
cat__Circuit_ID_53U3,0.0
cat__Circuit_ID_53U2,0.0
cat__Circuit_ID_53U1,0.0
cat__Circuit_ID_5361,0.0
cat__Connection_Date_2019-06-14 00:00:00,0.0
cat__Circuit_ID_5307601,0.0
cat__Circuit_ID_5307080,0.0
cat__Circuit_ID_5307043,0.0
cat__Connection_Date_2016-02-24 00:00:00,0.0
cat__Circuit_ID_5303894,0.0
cat__Circuit_ID_5303,0.0
cat__Connection_Date_2019-07-26 00:00:00,0.0
cat__Circuit_ID_55U4,0.0
cat__Circuit_ID_55U3,0.0
cat__Connection_Date_2019-07-25 00:00:00,0.0
cat__Circuit_ID_55U1,0.0
cat__Connection_Date_2019-07-20 00:00:00,0.0
cat__Circuit_ID_54U5,0.0
cat__Circuit_ID_54U4,0.0
cat__Circuit_ID_54U3,0.0
cat__Circuit_ID_54U2,0.0
cat__Circuit_ID_54U1,0.0
cat__Connection_Date_2019-07-19 00:00:00,0.0
cat__Connection_Date_2019-07-18 00:00:00,0.0
cat__Connection_Date_2019-07-15 00:00:00,0.0
cat__Connection_Date_2019-07-13 00:00:00,0.0
cat__Connection_Date_2019-07-09 00:00:00,0.0
cat__Connection_Date_2019-07-08 00:00:00,0.0
cat__Connection_Date_2019-07-06 00:00:00,0.0
cat__Circuit_ID_5702,0.0
cat__Connection_Date_2016-02-06 00:00:00,0.0
cat__Circuit_ID_56U4,0.0
cat__Circuit_ID_56U3,0.0
cat__Connection_Date_2016-02-04 00:00:00,0.0
cat__Connection_Date_2016-02-03 00:00:00,0.0
cat__Connection_Date_2016-02-01 00:00:00,0.0
cat__Connection_Date_2016-01-30 00:00:00,0.0
cat__Circuit_ID_5607,0.0
cat__Connection_Date_2016-01-29 00:00:00,0.0
cat__Connection_Date_2016-01-26 00:00:00,0.0
cat__Connection_Date_2016-01-25 00:00:00,0.0
cat__Circuit_ID_5603,0.0
cat__Connection_Date_2019-07-31 00:00:00,0.0
cat__Circuit_ID_5601,0.0
cat__Circuit_ID_5B26,0.0
cat__Connection_Date_2019-07-29 00:00:00,0.0
cat__Circuit_ID_5B23,0.0
cat__Connection_Date_2019-07-27 00:00:00,0.0
cat__Circuit_ID_5B219,0.0
cat__Circuit_ID_5B214,0.0
cat__Connection_Date_2019-08-24 00:00:00,0.0
cat__Circuit_ID_5B21,0.0
cat__Connection_Date_2019-08-23 00:00:00,0.0
cat__Connection_Date_2019-08-21 00:00:00,0.0
cat__Circuit_ID_58U1,0.0
cat__Circuit_ID_58-5-13,0.0
cat__Circuit_ID_57U3,0.0
cat__Circuit_ID_57U2,0.0
cat__Circuit_ID_57U1,0.0
cat__Connection_Date_2019-08-19 00:00:00,0.0
cat__Connection_Date_2019-08-17 00:00:00,0.0
cat__Circuit_ID_5BK9L1,0.0
cat__Circuit_ID_5BK8L9,0.0
cat__Circuit_ID_5B376,0.0
cat__Connection_Date_2019-08-13 00:00:00,0.0
cat__Connection_Date_2019-08-12 00:00:00,0.0
cat__Circuit_ID_5B372,0.0
cat__Circuit_ID_5B35,0.0
cat__Connection_Date_2019-08-11 00:00:00,0.0
cat__Circuit_ID_5B33,0.0
cat__Circuit_ID_5B32,0.0
cat__Connection_Date_2019-08-10 00:00:00,0.0
cat__Connection_Date_2019-08-09 00:00:00,0.0
cat__Circuit_ID_5B29,0.0
cat__Circuit_ID_5B28,0.0
cat__Circuit_ID_5B27,0.0
cat__Circuit_ID_5GK225,0.0
cat__Connection_Date_2019-08-08 00:00:00,0.0
cat__Circuit_ID_5GK223,0.0
cat__Circuit_ID_5GK222,0.0
cat__Circuit_ID_5GK221,0.0
cat__Circuit_ID_5G172,0.0
cat__Connection_Date_2019-08-07 00:00:00,0.0
cat__Circuit_ID_5G112,0.0
cat__Circuit_ID_5G111,0.0
cat__Circuit_ID_5G109,0.0
cat__Circuit_ID_5E38E,0.0
cat__Circuit_ID_5D281,0.0
cat__Circuit_ID_5D279,0.0
cat__Connection_Date_2016-02-10 00:00:00,0.0
cat__Circuit_ID_5D209,0.0
cat__Circuit_ID_5D084,0.0
cat__Connection_Date_2008-08-25 00:00:00,0.0
cat__Connection_Date_2019-09-18 00:00:00,0.0
cat__Connection_Date_2008-08-20 00:00:00,0.0
cat__Connection_Date_2008-08-19 00:00:00,0.0
cat__Connection_Date_2008-08-18 00:00:00,0.0
cat__Connection_Date_2008-08-14 00:00:00,0.0
cat__Connection_Date_2008-08-13 00:00:00,0.0
cat__Connection_Date_2008-08-12 00:00:00,0.0
cat__Connection_Date_2008-08-11 00:00:00,0.0
cat__Connection_Date_2008-08-08 00:00:00,0.0
cat__Connection_Date_2008-08-07 00:00:00,0.0
cat__Circuit_ID_5H077,0.0
cat__Circuit_ID_5H076,0.0
cat__Circuit_ID_5H075,0.0
cat__Circuit_ID_5H074,0.0
cat__Connection_Date_2019-09-16 00:00:00,0.0
cat__Circuit_ID_5M087,0.0
cat__Circuit_ID_5M085,0.0
cat__Circuit_ID_5L6H3,0.0
cat__Circuit_ID_5L6H1,0.0
cat__Circuit_ID_5L351,0.0
cat__Circuit_ID_5K8N2,0.0
cat__Circuit_ID_5K8N1,0.0
cat__Connection_Date_2019-09-14 00:00:00,0.0
cat__Circuit_ID_5K011,0.0
cat__Connection_Date_2019-09-13 00:00:00,0.0
cat__Connection_Date_2019-09-12 00:00:00,0.0
cat__Circuit_ID_5H078,0.0
cat__Connection_Date_2008-08-29 00:00:00,0.0
cat__Connection_Date_2008-08-28 00:00:00,0.0
cat__Connection_Date_2008-08-27 00:00:00,0.0
cat__Connection_Date_2008-08-26 00:00:00,0.0
cat__Connection_Date_2019-09-11 00:00:00,0.0
cat__Circuit_ID_5Q31,0.0
cat__Connection_Date_2019-09-10 00:00:00,0.0
cat__Circuit_ID_5MK316,0.0
cat__Circuit_ID_5MK248,0.0
cat__Connection_Date_2019-09-09 00:00:00,0.0
cat__Circuit_ID_5MK242,0.0
cat__Circuit_ID_5M108,0.0
cat__Connection_Date_2019-09-07 00:00:00,0.0
cat__Circuit_ID_5M105,0.0
cat__Circuit_ID_5M104,0.0
cat__Circuit_ID_5M103,0.0
cat__Connection_Date_2019-09-05 00:00:00,0.0
cat__Connection_Date_2019-09-03 00:00:00,0.0
cat__Circuit_ID_5M089,0.0
cat__Circuit_ID_5M088,0.0
cat__Circuit_ID_5Q49,0.0
cat__Circuit_ID_5Q48,0.0
cat__Circuit_ID_5Q47,0.0
cat__Circuit_ID_5Q46,0.0
cat__Connection_Date_2019-08-31 00:00:00,0.0
cat__Circuit_ID_5Q44,0.0
cat__Circuit_ID_5Q42,0.0
cat__Connection_Date_2019-08-30 00:00:00,0.0
cat__Connection_Date_2019-10-12 00:00:00,0.0
cat__Connection_Date_2019-10-10 00:00:00,0.0
cat__Circuit_ID_5Q38,0.0
cat__Connection_Date_2019-10-09 00:00:00,0.0
cat__Circuit_ID_5Q36,0.0
cat__Circuit_ID_5Q35,0.0
cat__Circuit_ID_5Q34,0.0
cat__Connection_Date_2019-10-08 00:00:00,0.0
cat__Connection_Date_2019-10-07 00:00:00,0.0
cat__Connection_Date_2019-10-05 00:00:00,0.0
cat__Connection_Date_2019-10-03 00:00:00,0.0
cat__Connection_Date_2019-09-30 00:00:00,0.0
cat__Connection_Date_2019-09-28 00:00:00,0.0
cat__Circuit_ID_5Q61,0.0
cat__Circuit_ID_5Q60,0.0
cat__Connection_Date_2019-09-27 00:00:00,0.0
cat__Circuit_ID_5Q58,0.0
cat__Connection_Date_2019-09-24 00:00:00,0.0
cat__Connection_Date_2019-09-23 00:00:00,0.0
cat__Circuit_ID_5Q55,0.0
cat__Circuit_ID_5Q54,0.0
cat__Connection_Date_2019-09-21 00:00:00,0.0
cat__Circuit_ID_5Q51,0.0
cat__Circuit_ID_5Q50,0.0
cat__Connection_Date_2016-01-23 00:00:00,0.0
cat__Circuit_ID_5R391,0.0
cat__Connection_Date_2016-01-22 00:00:00,0.0
cat__Circuit_ID_5R27,0.0
cat__Connection_Date_2016-01-20 00:00:00,0.0
cat__Connection_Date_2016-01-19 00:00:00,0.0
cat__Circuit_ID_5R22,0.0
cat__Circuit_ID_5R20,0.0
cat__Connection_Date_2016-01-18 00:00:00,0.0
cat__Circuit_ID_5R1N1,0.0
cat__Connection_Date_2016-01-17 00:00:00,0.0
cat__Connection_Date_2016-01-16 00:00:00,0.0
cat__Circuit_ID_5R169,0.0
cat__Circuit_ID_5R167,0.0
cat__Connection_Date_2016-01-11 00:00:00,0.0
cat__Circuit_ID_5R13,0.0
cat__Connection_Date_2008-08-05 00:00:00,0.0
cat__Connection_Date_2016-01-09 00:00:00,0.0
cat__Connection_Date_2008-08-01 00:00:00,0.0
cat__Connection_Date_2008-07-31 00:00:00,0.0
cat__Connection_Date_2008-07-30 00:00:00,0.0
cat__Connection_Date_2008-07-27 00:00:00,0.0
cat__Connection_Date_2008-07-25 00:00:00,0.0
cat__Connection_Date_2008-07-24 00:00:00,0.0
cat__Connection_Date_2008-07-23 00:00:00,0.0
cat__Connection_Date_2008-07-22 00:00:00,0.0
cat__Connection_Date_2008-07-21 00:00:00,0.0
cat__Connection_Date_2008-07-18 00:00:00,0.0
cat__Connection_Date_2008-07-17 00:00:00,0.0
cat__Connection_Date_2008-07-15 00:00:00,0.0
cat__Connection_Date_2008-07-14 00:00:00,0.0
cat__Circuit_ID_5R5N8,0.0
cat__Circuit_ID_5U099,0.0
cat__Circuit_ID_5SK345,0.0
cat__Connection_Date_2016-01-08 00:00:00,0.0
cat__Connection_Date_2019-10-21 00:00:00,0.0
cat__Circuit_ID_5SK1N4,0.0
cat__Connection_Date_2019-10-18 00:00:00,0.0
cat__Connection_Date_2019-10-16 00:00:00,0.0
cat__Circuit_ID_5RS3L3,0.0
cat__Circuit_ID_5RS3L2,0.0
cat__Circuit_ID_5RK266,0.0
cat__Circuit_ID_5RK265,0.0
cat__Circuit_ID_5RK264,0.0
cat__Circuit_ID_5RK263,0.0
cat__Connection_Date_2019-11-09 00:00:00,0.0
cat__Connection_Date_2019-11-08 00:00:00,0.0
cat__Connection_Date_2019-11-07 00:00:00,0.0
cat__Circuit_ID_5X269,0.0
cat__Circuit_ID_5X247,0.0
cat__Circuit_ID_5U8k5,0.0
cat__Connection_Date_2019-11-05 00:00:00,0.0
cat__Connection_Date_2019-11-04 00:00:00,0.0
cat__Circuit_ID_5U8K5,0.0
cat__Connection_Date_2019-11-03 00:00:00,0.0
cat__Circuit_ID_5U4,0.0
cat__Circuit_ID_5U3,0.0
cat__Circuit_ID_5U283,0.0
cat__Connection_Date_2019-11-02 00:00:00,0.0
cat__Connection_Date_2019-10-31 00:00:00,0.0
cat__Circuit_ID_5U275,0.0
cat__Connection_Date_2019-10-30 00:00:00,0.0
cat__Circuit_ID_5U2,0.0
cat__Connection_Date_2019-10-29 00:00:00,0.0
cat__Connection_Date_2019-10-26 00:00:00,0.0
cat__Connection_Date_2019-10-24 00:00:00,0.0
cat__Connection_Date_2019-10-22 00:00:00,0.0
cat__Connection_Date_2016-01-24 00:00:00,0.0
cat__Circuit_ID_5X62,0.0
cat__Connection_Date_2019-11-27 00:00:00,0.0
cat__Circuit_ID_5X41,0.0
cat__Circuit_ID_5X40,0.0
cat__Connection_Date_2019-11-26 00:00:00,0.0
cat__Connection_Date_2019-11-23 00:00:00,0.0
cat__Circuit_ID_5X37,0.0
cat__Circuit_ID_5X36,0.0
cat__Connection_Date_2019-11-21 00:00:00,0.0
cat__Circuit_ID_5X31,0.0
cat__Circuit_ID_5X273,0.0
cat__Connection_Date_2019-11-20 00:00:00,0.0
cat__Circuit_ID_6004,0.0
cat__Circuit_ID_6003,0.0
cat__Circuit_ID_6002,0.0
cat__Circuit_ID_60-3-13,0.0
cat__Circuit_ID_6/9/2013,0.0
cat__Circuit_ID_6/8/2013,0.0
cat__Circuit_ID_6/7/2013,0.0
cat__Circuit_ID_6.98E+03,0.0
cat__Circuit_ID_6.85E+03,0.0
cat__Circuit_ID_6.26E+03,0.0
cat__Circuit_ID_5x273,0.0
cat__Circuit_ID_5u097,0.0
cat__Circuit_ID_5sk061,0.0
cat__Circuit_ID_5m107,0.0
cat__Circuit_ID_5m089,0.0
cat__Connection_Date_2019-11-19 00:00:00,0.0
cat__Connection_Date_2008-07-08 00:00:00,0.0
cat__Connection_Date_2008-07-02 00:00:00,0.0
cat__Connection_Date_2008-07-01 00:00:00,0.0
cat__Connection_Date_2008-06-30 00:00:00,0.0
cat__Connection_Date_2008-06-27 00:00:00,0.0
cat__Connection_Date_2008-06-25 00:00:00,0.0
cat__Connection_Date_2008-06-24 00:00:00,0.0
cat__Connection_Date_2008-06-23 00:00:00,0.0
cat__Connection_Date_2008-06-20 00:00:00,0.0
cat__Connection_Date_2008-06-19 00:00:00,0.0
cat__Connection_Date_2008-06-18 00:00:00,0.0
cat__Connection_Date_2008-06-16 00:00:00,0.0
cat__Circuit_ID_6041,0.0
cat__Circuit_ID_6011,0.0
cat__Circuit_ID_6008,0.0
cat__Circuit_ID_6005,0.0
cat__Circuit_ID_6068,0.0
cat__Circuit_ID_6066,0.0
cat__Circuit_ID_6065,0.0
cat__Circuit_ID_6064,0.0
cat__Connection_Date_2019-11-17 00:00:00,0.0
cat__Circuit_ID_6062,0.0
cat__Circuit_ID_6061,0.0
cat__Connection_Date_2019-11-16 00:00:00,0.0
cat__Circuit_ID_6056,0.0
cat__Circuit_ID_6052,0.0
cat__Connection_Date_2019-11-15 00:00:00,0.0
cat__Connection_Date_2019-11-14 00:00:00,0.0
cat__Connection_Date_2008-07-12 00:00:00,0.0
cat__Connection_Date_2008-07-11 00:00:00,0.0
cat__Connection_Date_2008-07-10 00:00:00,0.0
cat__Connection_Date_2008-07-09 00:00:00,0.0
cat__Connection_Date_2019-11-13 00:00:00,0.0
cat__Circuit_ID_61-2-13,0.0
cat__Connection_Date_2019-11-12 00:00:00,0.0
cat__Connection_Date_2019-11-11 00:00:00,0.0
cat__Circuit_ID_60U4,0.0
cat__Circuit_ID_60U3,0.0
cat__Circuit_ID_60U2,0.0
cat__Circuit_ID_60U1,0.0
cat__Connection_Date_2015-12-27 00:00:00,0.0
cat__Circuit_ID_6095,0.0
cat__Circuit_ID_6094,0.0
cat__Connection_Date_2015-12-26 00:00:00,0.0
cat__Connection_Date_2015-12-23 00:00:00,0.0
cat__Circuit_ID_6091,0.0
cat__Connection_Date_2019-12-16 00:00:00,0.0
cat__Circuit_ID_6074,0.0
cat__Connection_Date_2019-12-15 00:00:00,0.0
cat__Circuit_ID_63-6-13,0.0
cat__Connection_Date_2019-12-14 00:00:00,0.0
cat__Connection_Date_2019-12-12 00:00:00,0.0
cat__Connection_Date_2019-12-10 00:00:00,0.0
cat__Circuit_ID_62U1,0.0
cat__Connection_Date_2019-12-09 00:00:00,0.0
cat__Circuit_ID_61U4,0.0
cat__Circuit_ID_61U2,0.0
cat__Circuit_ID_61U1,0.0
cat__Circuit_ID_6163,0.0
cat__Circuit_ID_61-9-13,0.0
cat__Connection_Date_2019-12-05 00:00:00,0.0
cat__Circuit_ID_61-7-13,0.0
cat__Circuit_ID_61-6-13,0.0
cat__Circuit_ID_61-4-13,0.0
cat__Circuit_ID_6613,0.0
cat__Circuit_ID_65U3,0.0
cat__Circuit_ID_65U2,0.0
cat__Circuit_ID_65U1,0.0
cat__Circuit_ID_6505,0.0
cat__Circuit_ID_65-2-48,0.0
cat__Circuit_ID_65-1-48,0.0
cat__Circuit_ID_64U3,0.0
cat__Connection_Date_2019-12-04 00:00:00,0.0
cat__Connection_Date_2019-12-02 00:00:00,0.0
cat__Connection_Date_2019-11-28 00:00:00,0.0
cat__Connection_Date_2020-01-10 00:00:00,0.0
cat__Circuit_ID_63U4,0.0
cat__Circuit_ID_63U3,0.0
cat__Circuit_ID_63U2,0.0
cat__Circuit_ID_63U1,0.0
cat__Connection_Date_2020-01-08 00:00:00,0.0
cat__Connection_Date_2020-01-07 00:00:00,0.0
cat__Circuit_ID_68-8-13,0.0
cat__Circuit_ID_68-4-13,0.0
cat__Circuit_ID_67U3,0.0
cat__Circuit_ID_67U1,0.0
cat__Connection_Date_2020-01-06 00:00:00,0.0
cat__Connection_Date_2020-01-04 00:00:00,0.0
cat__Circuit_ID_67-1-13,0.0
cat__Circuit_ID_66m6-1-13,0.0
cat__Circuit_ID_66U5,0.0
cat__Circuit_ID_66U4,0.0
cat__Connection_Date_2020-01-01 00:00:00,0.0
cat__Circuit_ID_66U2,0.0
cat__Circuit_ID_66U1,0.0
cat__Connection_Date_2019-12-26 00:00:00,0.0
cat__Circuit_ID_6B48,0.0
cat__Circuit_ID_6B47,0.0
cat__Circuit_ID_6B46,0.0
cat__Circuit_ID_6B45,0.0
cat__Circuit_ID_6B44,0.0
cat__Circuit_ID_6B43,0.0
cat__Circuit_ID_6B42,0.0
cat__Circuit_ID_6B41,0.0
cat__Circuit_ID_6B2P9,0.0
cat__Circuit_ID_6B2P8,0.0
cat__Circuit_ID_6B2P7,0.0
cat__Circuit_ID_69U3,0.0
cat__Connection_Date_2019-12-21 00:00:00,0.0
cat__Connection_Date_2019-12-18 00:00:00,0.0
cat__Circuit_ID_68U2,0.0
cat__Circuit_ID_68U1,0.0
cat__Connection_Date_2016-01-04 00:00:00,0.0
cat__Circuit_ID_6BL127,0.0
cat__Circuit_ID_6BL126,0.0
cat__Circuit_ID_6B99,0.0
cat__Circuit_ID_6B60,0.0
cat__Circuit_ID_6B59,0.0
cat__Circuit_ID_6B58,0.0
cat__Circuit_ID_6B57,0.0
cat__Connection_Date_2016-01-02 00:00:00,0.0
cat__Circuit_ID_6B55,0.0
cat__Circuit_ID_6B54,0.0
cat__Circuit_ID_6B53,0.0
cat__Circuit_ID_6B52,0.0
cat__Connection_Date_2016-01-01 00:00:00,0.0
cat__Circuit_ID_6B50,0.0
cat__Connection_Date_2015-12-28 00:00:00,0.0
cat__Circuit_ID_6DL842,0.0
cat__Circuit_ID_6DL841,0.0
cat__Circuit_ID_6DL839,0.0
cat__Circuit_ID_6DL837,0.0
cat__Connection_Date_2020-01-29 00:00:00,0.0
cat__Circuit_ID_6D636,0.0
cat__Circuit_ID_6D635,0.0
cat__Connection_Date_2020-01-28 00:00:00,0.0
cat__Connection_Date_2020-01-26 00:00:00,0.0
cat__Circuit_ID_6BR2n8,0.0
cat__Circuit_ID_6BR2n3,0.0
cat__Circuit_ID_6BR2N8,0.0
cat__Connection_Date_2020-01-25 00:00:00,0.0
cat__Circuit_ID_6BR2N2,0.0
cat__Connection_Date_2020-01-23 00:00:00,0.0
cat__Circuit_ID_6BL241,0.0
cat__Connection_Date_2008-06-13 00:00:00,0.0
cat__Connection_Date_2008-06-11 00:00:00,0.0
cat__Connection_Date_2008-06-10 00:00:00,0.0
cat__Connection_Date_2008-06-09 00:00:00,0.0
cat__Connection_Date_2008-06-07 00:00:00,0.0
cat__Connection_Date_2008-06-06 00:00:00,0.0
cat__Connection_Date_2008-06-05 00:00:00,0.0
cat__Connection_Date_2008-06-03 00:00:00,0.0
cat__Connection_Date_2008-05-30 00:00:00,0.0
cat__Connection_Date_2008-05-29 00:00:00,0.0
cat__Connection_Date_2008-05-23 00:00:00,0.0
cat__Connection_Date_2008-05-22 00:00:00,0.0
cat__Connection_Date_2008-05-21 00:00:00,0.0
cat__Connection_Date_2008-05-20 00:00:00,0.0
cat__Connection_Date_2008-05-16 00:00:00,0.0
cat__Connection_Date_2008-05-15 00:00:00,0.0
cat__Connection_Date_2008-05-05 00:00:00,0.0
cat__Connection_Date_2008-05-03 00:00:00,0.0
cat__Connection_Date_2008-05-02 00:00:00,0.0
cat__Connection_Date_2008-04-30 00:00:00,0.0
cat__Connection_Date_2008-04-29 00:00:00,0.0
cat__Connection_Date_2008-04-23 00:00:00,0.0
cat__Connection_Date_2008-04-22 00:00:00,0.0
cat__Connection_Date_2008-04-18 00:00:00,0.0
cat__Connection_Date_2008-04-15 00:00:00,0.0
cat__Connection_Date_2020-01-22 00:00:00,0.0
cat__Circuit_ID_6H543,0.0
cat__Connection_Date_2020-01-20 00:00:00,0.0
cat__Circuit_ID_6H2H5,0.0
cat__Connection_Date_2020-01-18 00:00:00,0.0
cat__Circuit_ID_6GL749,0.0
cat__Circuit_ID_6GL747,0.0
cat__Connection_Date_2020-01-15 00:00:00,0.0
cat__Circuit_ID_6K9P5,0.0
cat__Circuit_ID_6K9P3,0.0
cat__Circuit_ID_6K446,0.0
cat__Circuit_ID_6J896,0.0
cat__Connection_Date_2020-01-11 00:00:00,0.0
cat__Circuit_ID_6J1P2,0.0
cat__Connection_Date_2015-12-20 00:00:00,0.0
cat__Circuit_ID_6HL813,0.0
cat__Connection_Date_2008-05-14 00:00:00,0.0
cat__Connection_Date_2008-05-13 00:00:00,0.0
cat__Connection_Date_2008-05-12 00:00:00,0.0
cat__Connection_Date_2008-05-09 00:00:00,0.0
cat__Connection_Date_2008-05-08 00:00:00,0.0
cat__Connection_Date_2008-05-07 00:00:00,0.0
cat__Connection_Date_2008-05-06 00:00:00,0.0
cat__Connection_Date_2015-12-13 00:00:00,0.0
cat__Circuit_ID_6M36,0.0
cat__Circuit_ID_6M34,0.0
cat__Circuit_ID_6M1-2-13,0.0
cat__Circuit_ID_6M1-1-13,0.0
cat__Connection_Date_2015-12-12 00:00:00,0.0
cat__Circuit_ID_6L968,0.0
cat__Circuit_ID_6L966,0.0
cat__Circuit_ID_6L965,0.0
cat__Connection_Date_2015-12-11 00:00:00,0.0
cat__Connection_Date_2015-12-09 00:00:00,0.0
cat__Connection_Date_2015-12-07 00:00:00,0.0
cat__Connection_Date_2015-12-06 00:00:00,0.0
cat__Circuit_ID_6KL851,0.0
cat__Connection_Date_2015-12-03 00:00:00,0.0
cat__Circuit_ID_6KL7L2,0.0
cat__Circuit_ID_6Q33,0.0
cat__Circuit_ID_6Q32,0.0
cat__Circuit_ID_6Q31,0.0
cat__Circuit_ID_6Q30,0.0
cat__Circuit_ID_6Q29,0.0
cat__Circuit_ID_6Q28,0.0
cat__Circuit_ID_6Q27,0.0
cat__Connection_Date_2020-02-06 00:00:00,0.0
cat__Circuit_ID_6Q25,0.0
cat__Circuit_ID_6Q24,0.0
cat__Connection_Date_2020-02-05 00:00:00,0.0
cat__Connection_Date_2020-02-01 00:00:00,0.0
cat__Circuit_ID_6Q21,0.0
cat__Circuit_ID_6P5H7,0.0
cat__Connection_Date_2020-03-05 00:00:00,0.0
cat__Connection_Date_2020-03-03 00:00:00,0.0
cat__Circuit_ID_6Q667,0.0
cat__Connection_Date_2020-02-26 00:00:00,0.0
cat__Circuit_ID_6Q4K9,0.0
cat__Circuit_ID_6Q4K8,0.0
cat__Connection_Date_2020-02-25 00:00:00,0.0
cat__Circuit_ID_6Q45,0.0
cat__Connection_Date_2020-02-23 00:00:00,0.0
cat__Circuit_ID_6Q43,0.0
cat__Circuit_ID_6Q42,0.0
cat__Connection_Date_2020-02-22 00:00:00,0.0
cat__Connection_Date_2020-02-21 00:00:00,0.0
cat__Connection_Date_2020-02-18 00:00:00,0.0
cat__Circuit_ID_6Q37,0.0
cat__Circuit_ID_6Q36,0.0
cat__Circuit_ID_6Q35,0.0
cat__Circuit_ID_6Q34,0.0
cat__Connection_Date_2008-04-10 00:00:00,0.0
cat__Connection_Date_2008-04-09 00:00:00,0.0
cat__Connection_Date_2008-04-08 00:00:00,0.0
cat__Connection_Date_2008-04-04 00:00:00,0.0
cat__Connection_Date_2008-04-03 00:00:00,0.0
cat__Connection_Date_2008-04-02 00:00:00,0.0
cat__Connection_Date_2008-04-01 00:00:00,0.0
cat__Connection_Date_2008-03-31 00:00:00,0.0
cat__Connection_Date_2008-03-27 00:00:00,0.0
cat__Connection_Date_2008-03-26 00:00:00,0.0
cat__Connection_Date_2008-03-25 00:00:00,0.0
cat__Connection_Date_2008-03-24 00:00:00,0.0
cat__Connection_Date_2008-03-20 00:00:00,0.0
cat__Connection_Date_2008-03-19 00:00:00,0.0
cat__Circuit_ID_6Q84,0.0
cat__Connection_Date_2020-02-15 00:00:00,0.0
cat__Circuit_ID_6U604,0.0
cat__Circuit_ID_6U4,0.0
cat__Circuit_ID_6U3,0.0
cat__Circuit_ID_6U2,0.0
cat__Circuit_ID_6U1,0.0
cat__Connection_Date_2020-02-14 00:00:00,0.0
cat__Circuit_ID_6S1L9,0.0
cat__Connection_Date_2020-02-12 00:00:00,0.0
cat__Circuit_ID_6RL956,0.0
cat__Connection_Date_2020-03-26 00:00:00,0.0
cat__Circuit_ID_6RL954,0.0
cat__Connection_Date_2020-03-25 00:00:00,0.0
cat__Connection_Date_2020-03-20 00:00:00,0.0
cat__Circuit_ID_6RL765,0.0
cat__Connection_Date_2008-04-14 00:00:00,0.0
cat__Connection_Date_2008-04-11 00:00:00,0.0
cat__Connection_Date_2020-03-19 00:00:00,0.0
cat__Circuit_ID_6W65,0.0
cat__Circuit_ID_6W64,0.0
cat__Connection_Date_2020-03-18 00:00:00,0.0
cat__Connection_Date_2020-03-17 00:00:00,0.0
cat__Circuit_ID_6W02,0.0
cat__Circuit_ID_6UL874,0.0
cat__Circuit_ID_6UL873,0.0
cat__Circuit_ID_6UL857,0.0
cat__Circuit_ID_6UL848,0.0
cat__Circuit_ID_6UL4K5,0.0
cat__Circuit_ID_6UL4K4,0.0
cat__Circuit_ID_6UL4K3,0.0
cat__Circuit_ID_6UL4K2,0.0
cat__Circuit_ID_6U692,0.0
cat__Circuit_ID_6U606,0.0
cat__Circuit_ID_6rl956,0.0
cat__Circuit_ID_6rl954,0.0
cat__Circuit_ID_6p5H4,0.0
cat__Circuit_ID_6j898,0.0
cat__Circuit_ID_6hl813,0.0
cat__Circuit_ID_6d637,0.0
cat__Circuit_ID_6X799,0.0
cat__Circuit_ID_6X1P6,0.0
cat__Connection_Date_2020-03-16 00:00:00,0.0
cat__Circuit_ID_6W805,0.0
cat__Connection_Date_2020-03-15 00:00:00,0.0
cat__Circuit_ID_6W802,0.0
cat__Circuit_ID_6W801,0.0
cat__Circuit_ID_6W71,0.0
cat__Circuit_ID_6W70,0.0
cat__Connection_Date_2020-03-12 00:00:00,0.0
cat__Connection_Date_2008-03-13 00:00:00,0.0
cat__Connection_Date_2008-03-12 00:00:00,0.0
cat__Connection_Date_2008-03-11 00:00:00,0.0
cat__Connection_Date_2008-03-08 00:00:00,0.0
cat__Connection_Date_2020-03-11 00:00:00,0.0
cat__Connection_Date_2008-03-06 00:00:00,0.0
cat__Connection_Date_2008-03-04 00:00:00,0.0
cat__Connection_Date_2008-02-29 00:00:00,0.0
cat__Connection_Date_2008-02-28 00:00:00,0.0
cat__Connection_Date_2008-02-27 00:00:00,0.0
cat__Connection_Date_2008-02-26 00:00:00,0.0
cat__Connection_Date_2008-02-22 00:00:00,0.0
cat__Connection_Date_2008-02-21 00:00:00,0.0
cat__Connection_Date_2008-02-20 00:00:00,0.0
cat__Circuit_ID_7.59E+03,0.0
cat__Circuit_ID_7.26E+03,0.0
cat__Connection_Date_2020-03-10 00:00:00,0.0
cat__Connection_Date_2020-03-06 00:00:00,0.0
cat__Connection_Date_2015-11-26 00:00:00,0.0
cat__Circuit_ID_7058,0.0
cat__Circuit_ID_7056,0.0
cat__Connection_Date_2015-11-25 00:00:00,0.0
cat__Connection_Date_2015-11-24 00:00:00,0.0
cat__Circuit_ID_7025,0.0
cat__Circuit_ID_7023,0.0
cat__Circuit_ID_7013,0.0
cat__Connection_Date_2015-11-21 00:00:00,0.0
cat__Circuit_ID_7/3/2013,0.0
cat__Circuit_ID_7/2/2013,0.0
cat__Circuit_ID_7/1/2013,0.0
cat__Connection_Date_2008-03-17 00:00:00,0.0
cat__Connection_Date_2008-03-14 00:00:00,0.0
cat__Circuit_ID_7173,0.0
cat__Circuit_ID_7116,0.0
cat__Connection_Date_2015-11-18 00:00:00,0.0
cat__Connection_Date_2015-11-14 00:00:00,0.0
cat__Connection_Date_2020-04-09 00:00:00,0.0
cat__Connection_Date_2020-04-04 00:00:00,0.0
cat__Connection_Date_2020-04-03 00:00:00,0.0
cat__Circuit_ID_71-1-13,0.0
cat__Circuit_ID_70U4,0.0
cat__Circuit_ID_70U3,0.0
cat__Circuit_ID_70U2,0.0
cat__Circuit_ID_70U1,0.0
cat__Circuit_ID_7092,0.0
cat__Connection_Date_2020-04-02 00:00:00,0.0
cat__Connection_Date_2020-04-01 00:00:00,0.0
cat__Connection_Date_2020-03-31 00:00:00,0.0
cat__Circuit_ID_7321,0.0
cat__Circuit_ID_73-6-13,0.0
cat__Connection_Date_2020-03-30 00:00:00,0.0
cat__Circuit_ID_72U2,0.0
cat__Connection_Date_2020-03-27 00:00:00,0.0
cat__Connection_Date_2020-04-28 00:00:00,0.0
cat__Connection_Date_2020-04-27 00:00:00,0.0
cat__Circuit_ID_7273,0.0
cat__Circuit_ID_7258,0.0
cat__Circuit_ID_7207,0.0
cat__Circuit_ID_72-7-13,0.0
cat__Connection_Date_2020-04-25 00:00:00,0.0
cat__Circuit_ID_72-3-13,0.0
cat__Circuit_ID_72-2-13,0.0
cat__Circuit_ID_71U4,0.0
cat__Connection_Date_2020-04-22 00:00:00,0.0
cat__Connection_Date_2020-04-21 00:00:00,0.0
cat__Circuit_ID_7564,0.0
cat__Circuit_ID_74U4,0.0
cat__Circuit_ID_74U3,0.0
cat__Circuit_ID_74U2,0.0
cat__Circuit_ID_74U1,0.0
cat__Circuit_ID_7471,0.0
cat__Circuit_ID_7467,0.0
cat__Circuit_ID_7451,0.0
cat__Circuit_ID_7413,0.0
cat__Connection_Date_2020-04-20 00:00:00,0.0
cat__Connection_Date_2020-04-18 00:00:00,0.0
cat__Circuit_ID_7371,0.0
cat__Connection_Date_2020-04-17 00:00:00,0.0
cat__Connection_Date_2020-04-16 00:00:00,0.0
cat__Circuit_ID_7341,0.0
cat__Circuit_ID_76U2,0.0
cat__Circuit_ID_76U1,0.0
cat__Circuit_ID_7691,0.0
cat__Circuit_ID_7672,0.0
cat__Circuit_ID_7671,0.0
cat__Circuit_ID_7641,0.0
cat__Connection_Date_2020-04-14 00:00:00,0.0
cat__Circuit_ID_76-4-13,0.0
cat__Connection_Date_2020-04-13 00:00:00,0.0
cat__Connection_Date_2020-04-12 00:00:00,0.0
cat__Connection_Date_2020-04-11 00:00:00,0.0
cat__Circuit_ID_75U4,0.0
cat__Circuit_ID_75U2,0.0
cat__Circuit_ID_7591,0.0
cat__Connection_Date_2020-04-10 00:00:00,0.0
cat__Circuit_ID_7581,0.0
cat__Connection_Date_2020-05-26 00:00:00,0.0
cat__Circuit_ID_78U3,0.0
cat__Circuit_ID_78U2,0.0
cat__Circuit_ID_78U1,0.0
cat__Connection_Date_2020-05-21 00:00:00,0.0
cat__Connection_Date_2020-05-20 00:00:00,0.0
cat__Circuit_ID_78-1-13,0.0
cat__Circuit_ID_77U4,0.0
cat__Circuit_ID_77U3,0.0
cat__Circuit_ID_77U2,0.0
cat__Circuit_ID_77U1,0.0
cat__Connection_Date_2020-05-19 00:00:00,0.0
cat__Circuit_ID_7781,0.0
cat__Circuit_ID_7705,0.0
cat__Connection_Date_2020-05-18 00:00:00,0.0
cat__Circuit_ID_76U3,0.0
cat__Circuit_ID_7B05,0.0
cat__Circuit_ID_7B04,0.0
cat__Circuit_ID_7B03/GE,0.0
cat__Circuit_ID_7B03,0.0
cat__Connection_Date_2020-05-15 00:00:00,0.0
cat__Circuit_ID_7B01,0.0
cat__Circuit_ID_7AM676,0.0
cat__Circuit_ID_7AM629,0.0
cat__Circuit_ID_79U4,0.0
cat__Circuit_ID_79U3,0.0
cat__Circuit_ID_79U2,0.0
cat__Circuit_ID_79U1,0.0
cat__Circuit_ID_7956,0.0
cat__Circuit_ID_7934,0.0
cat__Circuit_ID_7907,0.0
cat__Circuit_ID_79-8-13,0.0
cat__Circuit_ID_7B52,0.0
cat__Circuit_ID_7B50,0.0
cat__Circuit_ID_7B49,0.0
cat__Circuit_ID_7B48,0.0
cat__Circuit_ID_7B47,0.0
cat__Circuit_ID_7B46,0.0
cat__Circuit_ID_7B45,0.0
cat__Circuit_ID_7B44,0.0
cat__Circuit_ID_7B43,0.0
cat__Circuit_ID_7B42,0.0
cat__Circuit_ID_7B40,0.0
cat__Circuit_ID_7B08/ML,0.0
cat__Connection_Date_2020-05-13 00:00:00,0.0
cat__Connection_Date_2020-05-12 00:00:00,0.0
cat__Circuit_ID_7B06/GE,0.0
cat__Circuit_ID_7B06,0.0
cat__Connection_Date_2008-02-15 00:00:00,0.0
cat__Connection_Date_2008-02-14 00:00:00,0.0
cat__Connection_Date_2008-02-13 00:00:00,0.0
cat__Connection_Date_2008-02-09 00:00:00,0.0
cat__Connection_Date_2008-02-08 00:00:00,0.0
cat__Connection_Date_2008-02-04 00:00:00,0.0
cat__Connection_Date_2008-02-01 00:00:00,0.0
cat__Connection_Date_2008-01-31 00:00:00,0.0
cat__Connection_Date_2008-01-30 00:00:00,0.0
cat__Connection_Date_2008-01-28 00:00:00,0.0
cat__Connection_Date_2020-05-11 00:00:00,0.0
cat__Connection_Date_2008-01-24 00:00:00,0.0
cat__Connection_Date_2008-01-21 00:00:00,0.0
cat__Connection_Date_2008-01-18 00:00:00,0.0
cat__Connection_Date_2008-01-17 00:00:00,0.0
cat__Connection_Date_2020-05-08 00:00:00,0.0
cat__Connection_Date_2020-05-07 00:00:00,0.0
cat__Connection_Date_2020-05-06 00:00:00,0.0
cat__Circuit_ID_7DM568,0.0
cat__Circuit_ID_7DM565,0.0
cat__Circuit_ID_7D9H9,0.0
cat__Circuit_ID_7D9H7,0.0
cat__Circuit_ID_7D8k1,0.0
cat__Connection_Date_2020-05-05 00:00:00,0.0
cat__Connection_Date_2020-05-04 00:00:00,0.0
cat__Circuit_ID_7D808,0.0
cat__Connection_Date_2020-05-01 00:00:00,0.0
cat__Circuit_ID_7D687,0.0
cat__Circuit_ID_7D686,0.0
cat__Connection_Date_2020-04-29 00:00:00,0.0
cat__Connection_Date_2020-06-13 00:00:00,0.0
cat__Connection_Date_2008-02-16 00:00:00,0.0
cat__Connection_Date_2008-01-08 00:00:00,0.0
cat__Connection_Date_2020-06-12 00:00:00,0.0
cat__Connection_Date_2008-01-04 00:00:00,0.0
cat__Connection_Date_2008-01-03 00:00:00,0.0
cat__Connection_Date_2007-12-29 00:00:00,0.0
cat__Connection_Date_2007-12-27 00:00:00,0.0
cat__Connection_Date_2007-12-26 00:00:00,0.0
cat__Connection_Date_2007-12-20 00:00:00,0.0
cat__Connection_Date_2007-12-19 00:00:00,0.0
cat__Connection_Date_2007-12-18 00:00:00,0.0
cat__Connection_Date_2007-12-14 00:00:00,0.0
cat__Connection_Date_2007-12-13 00:00:00,0.0
cat__Connection_Date_2007-12-12 00:00:00,0.0
cat__Circuit_ID_7EM7H3,0.0
cat__Circuit_ID_7DM794,0.0
cat__Connection_Date_2020-06-11 00:00:00,0.0
cat__Connection_Date_2020-06-10 00:00:00,0.0
cat__Connection_Date_2020-06-09 00:00:00,0.0
cat__Circuit_ID_7J858,0.0
cat__Circuit_ID_7HM644,0.0
cat__Circuit_ID_7HM639,0.0
cat__Connection_Date_2020-06-08 00:00:00,0.0
cat__Connection_Date_2020-06-04 00:00:00,0.0
cat__Circuit_ID_7H994,0.0
cat__Connection_Date_2020-06-03 00:00:00,0.0
cat__Connection_Date_2020-06-02 00:00:00,0.0
cat__Circuit_ID_7F2P3,0.0
cat__Connection_Date_2020-06-01 00:00:00,0.0
cat__Connection_Date_2020-05-29 00:00:00,0.0
cat__Connection_Date_2008-01-16 00:00:00,0.0
cat__Connection_Date_2008-01-14 00:00:00,0.0
cat__Connection_Date_2008-01-09 00:00:00,0.0
cat__Connection_Date_2020-05-28 00:00:00,0.0
cat__Circuit_ID_7M57,0.0
cat__Circuit_ID_7M56,0.0
cat__Circuit_ID_7M54,0.0
cat__Circuit_ID_7M53,0.0
cat__Circuit_ID_7M28,0.0
cat__Circuit_ID_7M26,0.0
cat__Connection_Date_2020-05-27 00:00:00,0.0
cat__Connection_Date_2020-07-06 00:00:00,0.0
cat__Circuit_ID_7LM638,0.0
cat__Circuit_ID_7LM633,0.0
cat__Circuit_ID_7KM719,0.0
cat__Circuit_ID_7KM411,0.0
cat__Circuit_ID_7J887,0.0
cat__Circuit_ID_7J883,0.0
cat__Connection_Date_2020-07-03 00:00:00,0.0
cat__Connection_Date_2020-07-01 00:00:00,0.0
cat__Circuit_ID_7Q66,0.0
cat__Circuit_ID_7Q65,0.0
cat__Circuit_ID_7Q64,0.0
cat__Circuit_ID_7Q63,0.0
cat__Circuit_ID_7Q62,0.0
cat__Circuit_ID_7Q02,0.0
cat__Circuit_ID_7MM881,0.0
cat__Connection_Date_2020-06-27 00:00:00,0.0
cat__Circuit_ID_7MM846,0.0
cat__Connection_Date_2020-06-26 00:00:00,0.0
cat__Circuit_ID_7M9P8,0.0
cat__Connection_Date_2020-06-25 00:00:00,0.0
cat__Circuit_ID_7M756,0.0
cat__Connection_Date_2020-06-24 00:00:00,0.0
cat__Circuit_ID_7M753,0.0
cat__Connection_Date_2007-12-11 00:00:00,0.0
cat__Connection_Date_2007-12-10 00:00:00,0.0
cat__Connection_Date_2020-06-22 00:00:00,0.0
cat__Connection_Date_2007-12-05 00:00:00,0.0
cat__Connection_Date_2007-12-03 00:00:00,0.0
cat__Connection_Date_2007-11-30 00:00:00,0.0
cat__Connection_Date_2007-11-29 00:00:00,0.0
cat__Connection_Date_2007-11-28 00:00:00,0.0
cat__Connection_Date_2007-11-27 00:00:00,0.0
cat__Connection_Date_2020-06-20 00:00:00,0.0
cat__Connection_Date_2007-11-21 00:00:00,0.0
cat__Connection_Date_2007-11-20 00:00:00,0.0
cat__Connection_Date_2007-11-19 00:00:00,0.0
cat__Connection_Date_2007-11-16 00:00:00,0.0
cat__Connection_Date_2007-11-14 00:00:00,0.0
cat__Connection_Date_2007-11-13 00:00:00,0.0
cat__Circuit_ID_7Q88,0.0
cat__Circuit_ID_7Q87,0.0
cat__Circuit_ID_7Q86,0.0
cat__Circuit_ID_7Q85,0.0
cat__Circuit_ID_7Q84,0.0
cat__Circuit_ID_7Q83,0.0
cat__Circuit_ID_7Q81,0.0
cat__Circuit_ID_7Q80,0.0
cat__Circuit_ID_7Q79,0.0
cat__Circuit_ID_7Q78,0.0
cat__Circuit_ID_7Q77,0.0
cat__Circuit_ID_7Q72,0.0
cat__Circuit_ID_7Q71,0.0
cat__Circuit_ID_7Q70,0.0
cat__Circuit_ID_7Q69,0.0
cat__Circuit_ID_7Q68,0.0
cat__Circuit_ID_7T904,0.0
cat__Circuit_ID_7S8H2,0.0
cat__Connection_Date_2020-06-18 00:00:00,0.0
cat__Connection_Date_2015-11-11 00:00:00,0.0
cat__Connection_Date_2015-11-10 00:00:00,0.0
cat__Circuit_ID_7S7P6,0.0
cat__Circuit_ID_7S7P5,0.0
cat__Circuit_ID_7RM5P4,0.0
cat__Circuit_ID_7RM5P3,0.0
cat__Circuit_ID_7R922,0.0
cat__Connection_Date_2015-11-09 00:00:00,0.0
cat__Connection_Date_2015-11-07 00:00:00,0.0
cat__Connection_Date_2015-11-03 00:00:00,0.0
cat__Circuit_ID_7Q91,0.0
cat__Circuit_ID_7Q90,0.0
cat__Circuit_ID_7Q89,0.0
cat__Connection_Date_2015-11-01 00:00:00,0.0
cat__Connection_Date_2015-10-31 00:00:00,0.0
cat__Connection_Date_2015-10-30 00:00:00,0.0
cat__Connection_Date_2015-10-28 00:00:00,0.0
cat__Circuit_ID_7W10,0.0
cat__Circuit_ID_7W06,0.0
cat__Circuit_ID_7UM658,0.0
cat__Circuit_ID_7UM656,0.0
cat__Circuit_ID_7U771,0.0
cat__Connection_Date_2020-07-18 00:00:00,0.0
cat__Circuit_ID_7U3,0.0
cat__Circuit_ID_7U2,0.0
cat__Connection_Date_2020-07-13 00:00:00,0.0
cat__Connection_Date_2020-08-08 00:00:00,0.0
cat__Connection_Date_2020-08-04 00:00:00,0.0
cat__Connection_Date_2020-08-01 00:00:00,0.0
cat__Connection_Date_2007-11-12 00:00:00,0.0
cat__Connection_Date_2007-11-09 00:00:00,0.0
cat__Connection_Date_2007-11-07 00:00:00,0.0
cat__Connection_Date_2007-11-06 00:00:00,0.0
cat__Connection_Date_2007-11-02 00:00:00,0.0
cat__Connection_Date_2007-11-01 00:00:00,0.0
cat__Connection_Date_2007-10-31 00:00:00,0.0
cat__Connection_Date_2007-10-30 00:00:00,0.0
cat__Connection_Date_2007-10-26 00:00:00,0.0
cat__Connection_Date_2007-10-24 00:00:00,0.0
cat__Connection_Date_2007-10-20 00:00:00,0.0
cat__Connection_Date_2007-10-19 00:00:00,0.0
cat__Connection_Date_2007-10-17 00:00:00,0.0
cat__Connection_Date_2007-10-16 00:00:00,0.0
cat__Connection_Date_2007-10-15 00:00:00,0.0
cat__Connection_Date_2007-10-12 00:00:00,0.0
cat__Connection_Date_2020-07-29 00:00:00,0.0
cat__Circuit_ID_7WM6L9,0.0
cat__Circuit_ID_7WM6L8,0.0
cat__Circuit_ID_7WM6L7,0.0
cat__Circuit_ID_7WM632,0.0
cat__Circuit_ID_7WM628,0.0
cat__Circuit_ID_7W8N8,0.0
cat__Circuit_ID_7W8N6,0.0
cat__Circuit_ID_7W8N5,0.0
cat__Circuit_ID_7W8N3,0.0
cat__Circuit_ID_7W51,0.0
cat__Connection_Date_2020-07-28 00:00:00,0.0
cat__Circuit_ID_7W49,0.0
cat__Circuit_ID_7W47,0.0
cat__Connection_Date_2020-07-23 00:00:00,0.0
cat__Connection_Date_2020-07-20 00:00:00,0.0
cat__Circuit_ID_7X91,0.0
cat__Circuit_ID_7X90,0.0
cat__Circuit_ID_7X89,0.0
cat__Circuit_ID_7X88,0.0
cat__Circuit_ID_7X87,0.0
cat__Circuit_ID_7X86,0.0
cat__Connection_Date_2015-11-12 00:00:00,0.0
cat__Circuit_ID_7X84,0.0
cat__Circuit_ID_7X83,0.0
cat__Circuit_ID_7X82,0.0
cat__Circuit_ID_7X81,0.0
cat__Circuit_ID_7X80,0.0
cat__Circuit_ID_7X79,0.0
cat__Circuit_ID_7X78,0.0
cat__Circuit_ID_7X77,0.0
cat__Circuit_ID_7WM775,0.0
cat__Circuit_ID_7d8k1,0.0
cat__Circuit_ID_7ZM836,0.0
cat__Circuit_ID_7ZM833,0.0
cat__Circuit_ID_7Z623,0.0
cat__Connection_Date_2020-09-09 00:00:00,0.0
cat__Circuit_ID_7Z495,0.0
cat__Connection_Date_2020-09-03 00:00:00,0.0
cat__Connection_Date_2020-08-29 00:00:00,0.0
cat__Circuit_ID_7XM944,0.0
cat__Circuit_ID_7X98,0.0
cat__Circuit_ID_7X97,0.0
cat__Circuit_ID_7X96,0.0
cat__Circuit_ID_7X95,0.0
cat__Circuit_ID_7X94,0.0
cat__Circuit_ID_7X93,0.0
cat__Circuit_ID_7X92,0.0
cat__Connection_Date_2020-08-28 00:00:00,0.0
cat__Connection_Date_2007-10-10 00:00:00,0.0
cat__Connection_Date_2007-10-09 00:00:00,0.0
cat__Connection_Date_2007-10-06 00:00:00,0.0
cat__Connection_Date_2007-10-04 00:00:00,0.0
cat__Connection_Date_2007-10-02 00:00:00,0.0
cat__Connection_Date_2007-09-27 00:00:00,0.0
cat__Connection_Date_2020-08-27 00:00:00,0.0
cat__Connection_Date_2007-09-25 00:00:00,0.0
cat__Connection_Date_2007-09-22 00:00:00,0.0
cat__Connection_Date_2007-09-21 00:00:00,0.0
cat__Connection_Date_2007-09-20 00:00:00,0.0
cat__Connection_Date_2007-09-19 00:00:00,0.0
cat__Connection_Date_2007-09-17 00:00:00,0.0
cat__Connection_Date_2007-09-14 00:00:00,0.0
cat__Circuit_ID_7em7h3,0.0
cat__Connection_Date_2020-08-26 00:00:00,0.0
cat__Circuit_ID_8.36E+03,0.0
cat__Circuit_ID_8.27E+03,0.0
cat__Circuit_ID_7zm836,0.0
cat__Circuit_ID_7zm833,0.0
cat__Circuit_ID_7z642,0.0
cat__Circuit_ID_7z495,0.0
cat__Circuit_ID_7z465,0.0
cat__Circuit_ID_7xm998,0.0
cat__Circuit_ID_7t983,0.0
cat__Circuit_ID_7t981,0.0
cat__Circuit_ID_7r921,0.0
cat__Circuit_ID_7r616,0.0
cat__Circuit_ID_7mm845,0.0
cat__Circuit_ID_7j861,0.0
cat__Circuit_ID_7h872,0.0
cat__Circuit_ID_8046,0.0
cat__Connection_Date_2020-08-24 00:00:00,0.0
cat__Circuit_ID_8044,0.0
cat__Connection_Date_2020-08-20 00:00:00,0.0
cat__Connection_Date_2020-08-16 00:00:00,0.0
cat__Circuit_ID_8022,0.0
cat__Circuit_ID_8021,0.0
cat__Circuit_ID_8018,0.0
cat__Connection_Date_2020-08-15 00:00:00,0.0
cat__Circuit_ID_8016,0.0
cat__Connection_Date_2020-09-25 00:00:00,0.0
cat__Circuit_ID_8014,0.0
cat__Circuit_ID_8013,0.0
cat__Circuit_ID_8012,0.0
cat__Connection_Date_2020-09-24 00:00:00,0.0
cat__Circuit_ID_80-4-13,0.0
cat__Connection_Date_2020-09-19 00:00:00,0.0
cat__Connection_Date_2020-09-18 00:00:00,0.0
cat__Circuit_ID_8086,0.0
cat__Connection_Date_2020-09-12 00:00:00,0.0
cat__Connection_Date_2015-10-24 00:00:00,0.0
cat__Connection_Date_2015-10-21 00:00:00,0.0
cat__Connection_Date_2015-10-20 00:00:00,0.0
cat__Circuit_ID_8065,0.0
cat__Connection_Date_2015-10-17 00:00:00,0.0
cat__Circuit_ID_8062,0.0
cat__Circuit_ID_8061,0.0
cat__Circuit_ID_8056,0.0
cat__Connection_Date_2015-10-16 00:00:00,0.0
cat__Circuit_ID_8054,0.0
cat__Circuit_ID_8052,0.0
cat__Connection_Date_2015-10-15 00:00:00,0.0
cat__Circuit_ID_8100404,0.0
cat__Circuit_ID_8100402,0.0
cat__Circuit_ID_8100304,0.0
cat__Circuit_ID_8100303,0.0
cat__Circuit_ID_8100301,0.0
cat__Circuit_ID_8100206,0.0
cat__Circuit_ID_8100201,0.0
cat__Circuit_ID_8100103,0.0
cat__Circuit_ID_8100101,0.0
cat__Connection_Date_2015-10-13 00:00:00,0.0
cat__Connection_Date_2015-10-10 00:00:00,0.0
cat__Circuit_ID_80U2,0.0
cat__Circuit_ID_80U1,0.0
cat__Circuit_ID_8096,0.0
cat__Connection_Date_2020-10-04 00:00:00,0.0
cat__Connection_Date_2020-10-03 00:00:00,0.0
cat__Circuit_ID_8100804,0.0
cat__Circuit_ID_8100803,0.0
cat__Circuit_ID_8100802,0.0
cat__Circuit_ID_8100801,0.0
cat__Circuit_ID_8100706,0.0
cat__Circuit_ID_8100703,0.0
cat__Circuit_ID_8100701,0.0
cat__Circuit_ID_8100607,0.0
cat__Circuit_ID_8100605,0.0
cat__Circuit_ID_8100603,0.0
cat__Circuit_ID_8100602,0.0
cat__Circuit_ID_8100502,0.0
cat__Circuit_ID_8100418,0.0
cat__Circuit_ID_8100408,0.0
cat__Circuit_ID_8100407,0.0
cat__Circuit_ID_8100405,0.0
cat__Circuit_ID_8101503,0.0
cat__Circuit_ID_8101502,0.0
cat__Circuit_ID_8101501,0.0
cat__Circuit_ID_8101403,0.0
cat__Circuit_ID_8101402,0.0
cat__Circuit_ID_8101401,0.0
cat__Circuit_ID_8101302,0.0
cat__Circuit_ID_8101301,0.0
cat__Circuit_ID_8101204,0.0
cat__Connection_Date_2020-10-01 00:00:00,0.0
cat__Circuit_ID_8101201,0.0
cat__Connection_Date_2020-10-28 00:00:00,0.0
cat__Circuit_ID_8101101,0.0
cat__Circuit_ID_8101001,0.0
cat__Connection_Date_2020-10-27 00:00:00,0.0
cat__Circuit_ID_8100901,0.0
cat__Circuit_ID_8102501,0.0
cat__Circuit_ID_8102401,0.0
cat__Connection_Date_2020-10-24 00:00:00,0.0
cat__Circuit_ID_8102201,0.0
cat__Circuit_ID_8102101,0.0
cat__Circuit_ID_8102002,0.0
cat__Circuit_ID_8101902,0.0
cat__Circuit_ID_8101901,0.0
cat__Circuit_ID_8101803,0.0
cat__Circuit_ID_8101801,0.0
cat__Circuit_ID_8101702,0.0
cat__Connection_Date_2020-10-22 00:00:00,0.0
cat__Circuit_ID_8101606,0.0
cat__Circuit_ID_8101604,0.0
cat__Circuit_ID_8101603,0.0
cat__Circuit_ID_8101602,0.0
cat__Connection_Date_2020-10-20 00:00:00,0.0
cat__Circuit_ID_8103302,0.0
cat__Circuit_ID_8103301,0.0
cat__Circuit_ID_8103203,0.0
cat__Circuit_ID_8103002,0.0
cat__Circuit_ID_8102903,0.0
cat__Circuit_ID_8102901,0.0
cat__Circuit_ID_8102801,0.0
cat__Circuit_ID_8102704,0.0
cat__Circuit_ID_8102702,0.0
cat__Circuit_ID_8102701,0.0
cat__Circuit_ID_8102604,0.0
cat__Circuit_ID_8102603,0.0
cat__Circuit_ID_8102602,0.0
cat__Circuit_ID_8102503,0.0
cat__Circuit_ID_8102502,0.0
cat__Circuit_ID_8104401,0.0
cat__Circuit_ID_8104304,0.0
cat__Circuit_ID_8104303,0.0
cat__Circuit_ID_8104302,0.0
cat__Circuit_ID_8104301,0.0
cat__Circuit_ID_8104202,0.0
cat__Circuit_ID_8104201,0.0
cat__Connection_Date_2020-10-15 00:00:00,0.0
cat__Circuit_ID_8104101,0.0
cat__Circuit_ID_8104001,0.0
cat__Circuit_ID_8103901,0.0
cat__Circuit_ID_8103803,0.0
cat__Circuit_ID_8103801,0.0
cat__Circuit_ID_8103702,0.0
cat__Circuit_ID_8103602,0.0
cat__Circuit_ID_8103501,0.0
cat__Circuit_ID_8106501,0.0
cat__Circuit_ID_8105901,0.0
cat__Circuit_ID_8105801,0.0
cat__Circuit_ID_8105701,0.0
cat__Circuit_ID_8105601,0.0
cat__Circuit_ID_8105501,0.0
cat__Circuit_ID_8105201,0.0
cat__Circuit_ID_8105003,0.0
cat__Circuit_ID_8105002,0.0
cat__Circuit_ID_8105001,0.0
cat__Circuit_ID_8104902,0.0
cat__Circuit_ID_8104901,0.0
cat__Circuit_ID_8104602,0.0
cat__Circuit_ID_8104502,0.0
cat__Circuit_ID_8104404,0.0
cat__Circuit_ID_8104402,0.0
cat__Connection_Date_2020-10-14 00:00:00,0.0
cat__Circuit_ID_8263,0.0
cat__Circuit_ID_8201,0.0
cat__Circuit_ID_82-4-13,0.0
cat__Circuit_ID_8185,0.0
cat__Connection_Date_2020-10-10 00:00:00,0.0
cat__Circuit_ID_8124,0.0
cat__Circuit_ID_8117,0.0
cat__Circuit_ID_8109806,0.0
cat__Circuit_ID_8109601,0.0
cat__Circuit_ID_8108301,0.0
cat__Circuit_ID_8108201,0.0
cat__Circuit_ID_8108001,0.0
cat__Circuit_ID_8107901,0.0
cat__Circuit_ID_8107701,0.0
cat__Circuit_ID_8107601,0.0
cat__Circuit_ID_8376GV7706,0.0
cat__Circuit_ID_8375GV7707,0.0
cat__Connection_Date_2020-10-07 00:00:00,0.0
cat__Circuit_ID_8354,0.0
cat__Circuit_ID_8351,0.0
cat__Circuit_ID_8345GV7711,0.0
cat__Circuit_ID_8341,0.0
cat__Circuit_ID_8333GV7702,0.0
cat__Circuit_ID_8332GV7703,0.0
cat__Circuit_ID_8327GV7701,0.0
cat__Circuit_ID_8316GV7712,0.0
cat__Circuit_ID_8303GV7710,0.0
cat__Circuit_ID_8301GV7704,0.0
cat__Connection_Date_2020-11-19 00:00:00,0.0
cat__Circuit_ID_82U3,0.0
cat__Circuit_ID_82U2,0.0
cat__Circuit_ID_84U4,0.0
cat__Connection_Date_2020-11-16 00:00:00,0.0
cat__Circuit_ID_84U2,0.0
cat__Circuit_ID_84U1,0.0
cat__Circuit_ID_8494,0.0
cat__Circuit_ID_8472,0.0
cat__Circuit_ID_8451,0.0
cat__Circuit_ID_8423,0.0
cat__Connection_Date_2020-11-14 00:00:00,0.0
cat__Circuit_ID_84-2-13,0.0
cat__Circuit_ID_84-1-3,0.0
cat__Connection_Date_2020-11-13 00:00:00,0.0
cat__Circuit_ID_83U2,0.0
cat__Circuit_ID_83U1,0.0
cat__Circuit_ID_8379GV7709,0.0
cat__Circuit_ID_8377GV7708,0.0
cat__Connection_Date_2007-09-11 00:00:00,0.0
cat__Connection_Date_2020-11-11 00:00:00,0.0
cat__Connection_Date_2007-09-05 00:00:00,0.0
cat__Connection_Date_2007-08-31 00:00:00,0.0
cat__Connection_Date_2007-08-30 00:00:00,0.0
cat__Connection_Date_2007-08-28 00:00:00,0.0
cat__Connection_Date_2007-08-27 00:00:00,0.0
cat__Connection_Date_2007-08-24 00:00:00,0.0
cat__Connection_Date_2007-08-23 00:00:00,0.0
cat__Connection_Date_2007-08-22 00:00:00,0.0
cat__Connection_Date_2007-08-21 00:00:00,0.0
cat__Connection_Date_2007-08-17 00:00:00,0.0
cat__Connection_Date_2007-08-15 00:00:00,0.0
cat__Connection_Date_2007-08-12 00:00:00,0.0
cat__Circuit_ID_8581,0.0
cat__Circuit_ID_8542,0.0
cat__Circuit_ID_87U3,0.0
cat__Circuit_ID_8774,0.0
cat__Circuit_ID_8773,0.0
cat__Circuit_ID_8771,0.0
cat__Circuit_ID_8716,0.0
cat__Circuit_ID_86U4,0.0
cat__Circuit_ID_86U3,0.0
cat__Connection_Date_2020-11-07 00:00:00,0.0
cat__Connection_Date_2020-11-05 00:00:00,0.0
cat__Circuit_ID_8622,0.0
cat__Circuit_ID_8601,0.0
cat__Circuit_ID_85U4,0.0
cat__Circuit_ID_85U3,0.0
cat__Connection_Date_2020-11-03 00:00:00,0.0
cat__Connection_Date_2007-09-13 00:00:00,0.0
cat__Connection_Date_2007-09-12 00:00:00,0.0
cat__Connection_Date_2020-11-01 00:00:00,0.0
cat__Connection_Date_2020-12-17 00:00:00,0.0
cat__Connection_Date_2020-12-14 00:00:00,0.0
cat__Connection_Date_2020-12-12 00:00:00,0.0
cat__Circuit_ID_8A2R3,0.0
cat__Circuit_ID_89U4,0.0
cat__Circuit_ID_89U3,0.0
cat__Connection_Date_2020-12-07 00:00:00,0.0
cat__Connection_Date_2020-12-03 00:00:00,0.0
cat__Circuit_ID_89-2-13,0.0
cat__Circuit_ID_89-10-34,0.0
cat__Connection_Date_2020-12-01 00:00:00,0.0
cat__Circuit_ID_88U4,0.0
cat__Circuit_ID_88U3,0.0
cat__Circuit_ID_88U2,0.0
cat__Circuit_ID_88U1,0.0
cat__Circuit_ID_8B89,0.0
cat__Circuit_ID_8B88,0.0
cat__Connection_Date_2020-11-27 00:00:00,0.0
cat__Connection_Date_2020-11-21 00:00:00,0.0
cat__Circuit_ID_8B84,0.0
cat__Circuit_ID_8B83,0.0
cat__Circuit_ID_8B82,0.0
cat__Circuit_ID_8B81,0.0
cat__Connection_Date_2020-11-20 00:00:00,0.0
cat__Circuit_ID_8Ax653,0.0
cat__Connection_Date_2015-10-05 00:00:00,0.0
cat__Connection_Date_2015-10-03 00:00:00,0.0
cat__Connection_Date_2015-10-01 00:00:00,0.0
cat__Connection_Date_2015-09-30 00:00:00,0.0
cat__Circuit_ID_8AX047,0.0
cat__Circuit_ID_8A8L2,0.0
cat__Connection_Date_2007-08-01 00:00:00,0.0
cat__Connection_Date_2007-07-31 00:00:00,0.0
cat__Connection_Date_2007-07-30 00:00:00,0.0
cat__Connection_Date_2007-07-28 00:00:00,0.0
cat__Connection_Date_2007-07-27 00:00:00,0.0
cat__Connection_Date_2007-07-26 00:00:00,0.0
cat__Connection_Date_2007-07-24 00:00:00,0.0
cat__Connection_Date_2007-07-23 00:00:00,0.0
cat__Connection_Date_2007-07-20 00:00:00,0.0
cat__Connection_Date_2007-07-19 00:00:00,0.0
cat__Circuit_ID_8B95,0.0
cat__Circuit_ID_8B94,0.0
cat__Circuit_ID_8B93,0.0
cat__Circuit_ID_8B92,0.0
cat__Circuit_ID_8B91,0.0
cat__Circuit_ID_8B90,0.0
cat__Connection_Date_2015-09-27 00:00:00,0.0
cat__Circuit_ID_8E494,0.0
cat__Connection_Date_2015-09-26 00:00:00,0.0
cat__Connection_Date_2015-09-25 00:00:00,0.0
cat__Connection_Date_2015-09-24 00:00:00,0.0
cat__Circuit_ID_8D735,0.0
cat__Circuit_ID_8D734,0.0
cat__Circuit_ID_8BA9N5,0.0
cat__Connection_Date_2015-09-23 00:00:00,0.0
cat__Circuit_ID_8BA9N3,0.0
cat__Connection_Date_2007-08-11 00:00:00,0.0
cat__Connection_Date_2007-08-10 00:00:00,0.0
cat__Connection_Date_2020-12-20 00:00:00,0.0
cat__Connection_Date_2007-08-07 00:00:00,0.0
cat__Connection_Date_2007-08-03 00:00:00,0.0
cat__Connection_Date_2007-08-02 00:00:00,0.0
cat__Connection_Date_2007-07-06 00:00:00,0.0
cat__Connection_Date_2007-07-05 00:00:00,0.0
cat__Connection_Date_2007-07-03 00:00:00,0.0
cat__Connection_Date_2007-06-29 00:00:00,0.0
cat__Connection_Date_2007-06-27 00:00:00,0.0
cat__Connection_Date_2007-06-26 00:00:00,0.0
cat__Connection_Date_2021-01-23 00:00:00,0.0
cat__Connection_Date_2007-06-22 00:00:00,0.0
cat__Connection_Date_2007-06-21 00:00:00,0.0
cat__Connection_Date_2007-06-20 00:00:00,0.0
cat__Circuit_ID_8F705,0.0
cat__Circuit_ID_8EX962,0.0
cat__Circuit_ID_8EX246,0.0
cat__Connection_Date_2021-01-18 00:00:00,0.0
cat__Circuit_ID_8ED3H2,0.0
cat__Connection_Date_2021-01-16 00:00:00,0.0
cat__Circuit_ID_8HX4P4,0.0
cat__Circuit_ID_8HX4P1,0.0
cat__Circuit_ID_8GX9H3,0.0
cat__Circuit_ID_8GX8H7,0.0
cat__Connection_Date_2021-01-09 00:00:00,0.0
cat__Connection_Date_2021-01-08 00:00:00,0.0
cat__Circuit_ID_8G978,0.0
cat__Circuit_ID_8G972,0.0
cat__Circuit_ID_8G971,0.0
cat__Circuit_ID_8F7H7,0.0
cat__Circuit_ID_8F707,0.0
cat__Connection_Date_2007-07-18 00:00:00,0.0
cat__Connection_Date_2007-07-17 00:00:00,0.0
cat__Connection_Date_2007-07-13 00:00:00,0.0
cat__Connection_Date_2007-07-12 00:00:00,0.0
cat__Connection_Date_2007-07-11 00:00:00,0.0
cat__Connection_Date_2007-06-07 00:00:00,0.0
cat__Connection_Date_2007-06-06 00:00:00,0.0
cat__Connection_Date_2007-06-05 00:00:00,0.0
cat__Connection_Date_2007-06-04 00:00:00,0.0
cat__Connection_Date_2007-06-01 00:00:00,0.0
cat__Connection_Date_2007-05-29 00:00:00,0.0
cat__Connection_Date_2007-05-24 00:00:00,0.0
cat__Connection_Date_2007-05-23 00:00:00,0.0
cat__Connection_Date_2007-05-22 00:00:00,0.0
cat__Connection_Date_2007-05-21 00:00:00,0.0
cat__Connection_Date_2007-05-18 00:00:00,0.0
cat__Connection_Date_2007-05-17 00:00:00,0.0
cat__Connection_Date_2021-01-05 00:00:00,0.0
cat__Circuit_ID_8JA624,0.0
cat__Connection_Date_2020-12-30 00:00:00,0.0
cat__Circuit_ID_8HX4P5,0.0
cat__Circuit_ID_8QR893,0.0
cat__Circuit_ID_8QR729,0.0
cat__Connection_Date_2020-12-24 00:00:00,0.0
cat__Circuit_ID_8QR727,0.0
cat__Circuit_ID_8Q947,0.0
cat__Circuit_ID_8Q6k6,0.0
cat__Circuit_ID_8Q6K6,0.0
cat__Connection_Date_2020-12-22 00:00:00,0.0
cat__Circuit_ID_8Q6K1,0.0
cat__Connection_Date_2020-12-21 00:00:00,0.0
cat__Connection_Date_2021-02-12 00:00:00,0.0
cat__Connection_Date_2021-02-11 00:00:00,0.0
cat__Connection_Date_2021-02-08 00:00:00,0.0
cat__Connection_Date_2007-06-13 00:00:00,0.0
cat__Connection_Date_2007-06-11 00:00:00,0.0
cat__Connection_Date_2007-06-08 00:00:00,0.0
cat__Connection_Date_2021-02-07 00:00:00,0.0
cat__Connection_Date_2021-02-06 00:00:00,0.0
cat__Circuit_ID_8T6P7,0.0
cat__Circuit_ID_8SM4N1,0.0
cat__Connection_Date_2021-02-04 00:00:00,0.0
cat__Connection_Date_2021-01-30 00:00:00,0.0
cat__Connection_Date_2021-01-29 00:00:00,0.0
cat__Circuit_ID_8RX746,0.0
cat__Connection_Date_2021-01-25 00:00:00,0.0
cat__Connection_Date_2021-02-28 00:00:00,0.0
cat__Circuit_ID_8RR929,0.0
cat__Connection_Date_2021-02-27 00:00:00,0.0
cat__Connection_Date_2021-02-24 00:00:00,0.0
cat__Circuit_ID_8QX906,0.0
cat__Connection_Date_2021-02-23 00:00:00,0.0
cat__Connection_Date_2021-02-22 00:00:00,0.0
cat__Connection_Date_2007-05-16 00:00:00,0.0
cat__Connection_Date_2007-05-15 00:00:00,0.0
cat__Connection_Date_2007-05-11 00:00:00,0.0
cat__Connection_Date_2007-05-09 00:00:00,0.0
cat__Connection_Date_2007-05-08 00:00:00,0.0
cat__Connection_Date_2007-05-04 00:00:00,0.0
cat__Connection_Date_2007-05-03 00:00:00,0.0
cat__Connection_Date_2007-05-02 00:00:00,0.0
cat__Connection_Date_2007-05-01 00:00:00,0.0
cat__Connection_Date_2007-04-30 00:00:00,0.0
cat__Connection_Date_2007-04-27 00:00:00,0.0
cat__Connection_Date_2007-04-26 00:00:00,0.0
cat__Connection_Date_2007-04-25 00:00:00,0.0
cat__Connection_Date_2007-04-21 00:00:00,0.0
cat__Connection_Date_2007-04-17 00:00:00,0.0
cat__Connection_Date_2021-02-20 00:00:00,0.0
cat__Circuit_ID_8W91,0.0
cat__Circuit_ID_8W88,0.0
cat__Connection_Date_2021-02-19 00:00:00,0.0
cat__Connection_Date_2021-02-17 00:00:00,0.0
cat__Circuit_ID_8W76,0.0
cat__Circuit_ID_8W75,0.0
cat__Circuit_ID_8W71,0.0
cat__Connection_Date_2021-02-16 00:00:00,0.0
cat__Connection_Date_2021-02-15 00:00:00,0.0
cat__Circuit_ID_8W661,0.0
cat__Circuit_ID_8W65,0.0
cat__Circuit_ID_8W64,0.0
cat__Circuit_ID_8W63,0.0
cat__Circuit_ID_8W5N7,0.0
cat__Circuit_ID_8W5N5,0.0
cat__Connection_Date_2021-02-14 00:00:00,0.0
cat__Connection_Date_2007-04-06 00:00:00,0.0
cat__Connection_Date_2007-04-05 00:00:00,0.0
cat__Connection_Date_2007-04-03 00:00:00,0.0
cat__Connection_Date_2007-04-02 00:00:00,0.0
cat__Connection_Date_2007-03-26 00:00:00,0.0
cat__Connection_Date_2007-03-21 00:00:00,0.0
cat__Connection_Date_2007-03-20 00:00:00,0.0
cat__Connection_Date_2007-03-19 00:00:00,0.0
cat__Connection_Date_2007-03-17 00:00:00,0.0
cat__Connection_Date_2007-03-15 00:00:00,0.0
cat__Connection_Date_2007-03-14 00:00:00,0.0
cat__Connection_Date_2007-03-07 00:00:00,0.0
cat__Connection_Date_2007-03-06 00:00:00,0.0
cat__Connection_Date_2007-03-05 00:00:00,0.0
cat__Circuit_ID_8W95,0.0
cat__Circuit_ID_8W93,0.0
cat__Circuit_ID_8hx4p6,0.0
cat__Circuit_ID_8hx4p1,0.0
cat__Circuit_ID_8gx9h3,0.0
cat__Circuit_ID_8e828,0.0
cat__Circuit_ID_8e825,0.0
cat__Circuit_ID_8e824,0.0
cat__Circuit_ID_8d987,0.0
cat__Connection_Date_2021-02-13 00:00:00,0.0
cat__Circuit_ID_8XR924,0.0
cat__Connection_Date_2015-09-18 00:00:00,0.0
cat__Connection_Date_2015-09-17 00:00:00,0.0
cat__Circuit_ID_8WF1H8,0.0
cat__Circuit_ID_8WF1H6,0.0
cat__Circuit_ID_8WF1H3,0.0
cat__Connection_Date_2007-04-16 00:00:00,0.0
cat__Connection_Date_2007-04-09 00:00:00,0.0
cat__Connection_Date_2015-09-16 00:00:00,0.0
cat__Circuit_ID_90U1,0.0
cat__Circuit_ID_9/1/1948,0.0
cat__Circuit_ID_9.43E+03,0.0
cat__Circuit_ID_9.34E+03,0.0
cat__Circuit_ID_9.33E+03,0.0
cat__Circuit_ID_9.32E+03,0.0
cat__Circuit_ID_9.28E+03,0.0
cat__Circuit_ID_9.26E+03,0.0
cat__Circuit_ID_9.25E+03,0.0
cat__Circuit_ID_9.14E+03,0.0
cat__Circuit_ID_8wf1h2,0.0
cat__Circuit_ID_8wf1h1,0.0
cat__Circuit_ID_8rx743,0.0
cat__Circuit_ID_8rx742,0.0
cat__Circuit_ID_8m7p4,0.0
cat__Connection_Date_2015-09-14 00:00:00,0.0
cat__Circuit_ID_9246,0.0
cat__Circuit_ID_9231,0.0
cat__Connection_Date_2015-09-12 00:00:00,0.0
cat__Circuit_ID_91U5,0.0
cat__Circuit_ID_91U4,0.0
cat__Circuit_ID_91U2,0.0
cat__Circuit_ID_91U1,0.0
cat__Connection_Date_2015-09-10 00:00:00,0.0
cat__Connection_Date_2015-09-08 00:00:00,0.0
cat__Connection_Date_2015-09-05 00:00:00,0.0
cat__Connection_Date_2015-09-02 00:00:00,0.0
cat__Circuit_ID_91-4-13,0.0
cat__Circuit_ID_91-3-13,0.0
cat__Circuit_ID_91-2-13,0.0
cat__Circuit_ID_90U4,0.0
cat__Connection_Date_2021-03-03 00:00:00,0.0
cat__Circuit_ID_9377,0.0
cat__Circuit_ID_9365,0.0
cat__Connection_Date_2021-03-20 00:00:00,0.0
cat__Circuit_ID_9344,0.0
cat__Circuit_ID_9335,0.0
cat__Connection_Date_2021-03-19 00:00:00,0.0
cat__Connection_Date_2021-03-13 00:00:00,0.0
cat__Connection_Date_2021-03-12 00:00:00,0.0
cat__Connection_Date_2021-03-07 00:00:00,0.0
cat__Circuit_ID_92U2,0.0
cat__Circuit_ID_92U1,0.0
cat__Connection_Date_2021-03-06 00:00:00,0.0
cat__Circuit_ID_9266,0.0
cat__Circuit_ID_9261,0.0
cat__Connection_Date_2015-09-20 00:00:00,0.0
cat__Circuit_ID_9554,0.0
cat__Connection_Date_2015-09-19 00:00:00,0.0
cat__Circuit_ID_9532,0.0
cat__Connection_Date_2021-04-10 00:00:00,0.0
cat__Connection_Date_2021-04-09 00:00:00,0.0
cat__Connection_Date_2021-04-05 00:00:00,0.0
cat__Connection_Date_2021-04-03 00:00:00,0.0
cat__Circuit_ID_9473,0.0
cat__Connection_Date_2021-04-02 00:00:00,0.0
cat__Connection_Date_2021-03-31 00:00:00,0.0
cat__Circuit_ID_9437,0.0
cat__Circuit_ID_9434,0.0
cat__Circuit_ID_93U4,0.0
cat__Circuit_ID_93U3,0.0
cat__Circuit_ID_93U2,0.0
cat__Circuit_ID_93U1,0.0
cat__Circuit_ID_9854,0.0
cat__Circuit_ID_9850,0.0
cat__Connection_Date_2021-03-29 00:00:00,0.0
cat__Circuit_ID_9825,0.0
cat__Circuit_ID_97U3,0.0
cat__Connection_Date_2021-03-26 00:00:00,0.0
cat__Circuit_ID_97U1,0.0
cat__Connection_Date_2021-03-25 00:00:00,0.0
cat__Circuit_ID_9732,0.0
cat__Connection_Date_2021-03-24 00:00:00,0.0
cat__Circuit_ID_9624,0.0
cat__Connection_Date_2021-05-10 00:00:00,0.0
cat__Circuit_ID_95U2,0.0
cat__Connection_Date_2021-05-08 00:00:00,0.0
cat__Circuit_ID_9583,0.0
cat__Connection_Date_2021-05-04 00:00:00,0.0
cat__Connection_Date_2021-05-03 00:00:00,0.0
cat__Circuit_ID_9A4N9,0.0
cat__Connection_Date_2021-05-01 00:00:00,0.0
cat__Circuit_ID_9A1P9,0.0
cat__Circuit_ID_9A1N9,0.0
cat__Circuit_ID_99U4,0.0
cat__Circuit_ID_99U3,0.0
cat__Circuit_ID_99U2,0.0
cat__Connection_Date_2021-04-30 00:00:00,0.0
cat__Circuit_ID_9945,0.0
cat__Circuit_ID_9923,0.0
cat__Connection_Date_2021-04-28 00:00:00,0.0
cat__Connection_Date_2021-04-24 00:00:00,0.0
cat__Circuit_ID_98U2,0.0
cat__Circuit_ID_98U1,0.0
cat__Circuit_ID_9893,0.0
cat__Connection_Date_2021-04-23 00:00:00,0.0
cat__Connection_Date_2021-04-22 00:00:00,0.0
cat__Connection_Date_2021-04-17 00:00:00,0.0
cat__Connection_Date_2021-04-16 00:00:00,0.0
cat__Connection_Date_2021-06-01 00:00:00,0.0
cat__Circuit_ID_9B10,0.0
cat__Circuit_ID_9B09,0.0
cat__Circuit_ID_9B08,0.0
cat__Circuit_ID_9B07,0.0
cat__Connection_Date_2021-05-31 00:00:00,0.0
cat__Circuit_ID_9B05,0.0
cat__Circuit_ID_9B04,0.0
cat__Connection_Date_2021-05-29 00:00:00,0.0
cat__Connection_Date_2021-05-27 00:00:00,0.0
cat__Circuit_ID_9AU4H4,0.0
cat__Circuit_ID_9AU4H1,0.0
cat__Connection_Date_2007-02-20 00:00:00,0.0
cat__Connection_Date_2007-02-16 00:00:00,0.0
cat__Connection_Date_2007-02-09 00:00:00,0.0
cat__Connection_Date_2007-02-08 00:00:00,0.0
cat__Connection_Date_2007-02-07 00:00:00,0.0
cat__Connection_Date_2007-02-06 00:00:00,0.0
cat__Connection_Date_2007-02-03 00:00:00,0.0
cat__Connection_Date_2007-02-02 00:00:00,0.0
cat__Connection_Date_2007-02-01 00:00:00,0.0
cat__Connection_Date_2007-01-30 00:00:00,0.0
cat__Connection_Date_2007-01-23 00:00:00,0.0
cat__Connection_Date_2007-01-22 00:00:00,0.0
cat__Connection_Date_2007-01-19 00:00:00,0.0
cat__Connection_Date_2021-05-26 00:00:00,0.0
cat__Circuit_ID_9B18,0.0
cat__Circuit_ID_9B17,0.0
cat__Circuit_ID_9B93,0.0
cat__Circuit_ID_9B92,0.0
cat__Connection_Date_2021-05-22 00:00:00,0.0
cat__Circuit_ID_9B91,0.0
cat__Connection_Date_2021-05-20 00:00:00,0.0
cat__Circuit_ID_9B26,0.0
cat__Circuit_ID_9B25,0.0
cat__Circuit_ID_9B24,0.0
cat__Circuit_ID_9B23,0.0
cat__Circuit_ID_9B22,0.0
cat__Connection_Date_2021-05-19 00:00:00,0.0
cat__Circuit_ID_9B20,0.0
cat__Circuit_ID_9B1R5,0.0
cat__Connection_Date_2007-03-02 00:00:00,0.0
cat__Connection_Date_2007-02-27 00:00:00,0.0
cat__Connection_Date_2007-02-21 00:00:00,0.0
cat__Connection_Date_2021-05-18 00:00:00,0.0
cat__Circuit_ID_9HH941,0.0
cat__Circuit_ID_9EU6H8,0.0
cat__Connection_Date_2021-05-17 00:00:00,0.0
cat__Circuit_ID_9EU6H5,0.0
cat__Connection_Date_2021-05-15 00:00:00,0.0
cat__Connection_Date_2021-05-12 00:00:00,0.0
cat__Connection_Date_2021-05-11 00:00:00,0.0
cat__Connection_Date_2015-08-29 00:00:00,0.0
cat__Connection_Date_2015-08-28 00:00:00,0.0
cat__Connection_Date_2015-08-27 00:00:00,0.0
cat__Connection_Date_2015-08-25 00:00:00,0.0
cat__Circuit_ID_9C5K6,0.0
cat__Circuit_ID_9C5K5,0.0
cat__Connection_Date_2015-08-24 00:00:00,0.0
cat__Circuit_ID_9B94,0.0
cat__Circuit_ID_9Q50,0.0
cat__Circuit_ID_9Q49,0.0
cat__Connection_Date_2015-08-23 00:00:00,0.0
cat__Circuit_ID_9Q47,0.0
cat__Circuit_ID_9Q45,0.0
cat__Circuit_ID_9Q44,0.0
cat__Circuit_ID_9Q43,0.0
cat__Connection_Date_2015-08-22 00:00:00,0.0
cat__Connection_Date_2015-08-20 00:00:00,0.0
cat__Circuit_ID_9NR4L7,0.0
cat__Circuit_ID_9NR4L5,0.0
cat__Circuit_ID_9L782,0.0
cat__Connection_Date_2015-08-19 00:00:00,0.0
cat__Connection_Date_2015-08-17 00:00:00,0.0
cat__Connection_Date_2015-08-15 00:00:00,0.0
cat__Connection_Date_2021-06-03 00:00:00,0.0
cat__Connection_Date_2007-01-16 00:00:00,0.0
cat__Connection_Date_2007-01-15 00:00:00,0.0
cat__Connection_Date_2007-01-11 00:00:00,0.0
cat__Connection_Date_2007-01-10 00:00:00,0.0
cat__Connection_Date_2007-01-09 00:00:00,0.0
cat__Connection_Date_2007-01-04 00:00:00,0.0
cat__Connection_Date_2007-01-03 00:00:00,0.0
cat__Connection_Date_2007-01-02 00:00:00,0.0
cat__Connection_Date_2006-12-28 00:00:00,0.0
cat__Connection_Date_2006-12-27 00:00:00,0.0
cat__Connection_Date_2006-12-26 00:00:00,0.0
cat__Connection_Date_2006-12-22 00:00:00,0.0
cat__Connection_Date_2006-12-20 00:00:00,0.0
cat__Connection_Date_2006-12-19 00:00:00,0.0
cat__Connection_Date_2006-12-13 00:00:00,0.0
cat__Circuit_ID_9Q51,0.0
cat__Circuit_ID_9W72,0.0
cat__Circuit_ID_9W68,0.0
cat__Circuit_ID_9W65,0.0
cat__Circuit_ID_9W64,0.0
cat__Circuit_ID_9W62,0.0
cat__Circuit_ID_9U679,0.0
cat__Circuit_ID_9U678,0.0
cat__Circuit_ID_9U3,0.0
cat__Circuit_ID_9U2,0.0
cat__Connection_Date_2021-06-02 00:00:00,0.0
cat__Circuit_ID_9R9L5,0.0
cat__Connection_Date_2021-06-30 00:00:00,0.0
cat__Circuit_ID_9R939,0.0
cat__Connection_Date_2021-06-23 00:00:00,0.0
cat__Circuit_ID_9Q52,0.0
cat__Connection_Date_2007-01-18 00:00:00,0.0
cat__Circuit_ID_B0041RO0651,0.0
cat__Circuit_ID_Armonk - 2,0.0
cat__Connection_Date_2021-06-19 00:00:00,0.0
cat__Circuit_ID_Airport - 2,0.0
cat__Circuit_ID_Airport - 1,0.0
cat__Circuit_ID_ASH-MCBRIDE #24,0.0
cat__Circuit_ID_ARMONK2,0.0
cat__Circuit_ID_AQUEDT2,0.0
cat__Circuit_ID_AQUEDT1,0.0
cat__Circuit_ID_A0041RO0762,0.0
cat__Circuit_ID_9k976,0.0
cat__Circuit_ID_9W77,0.0
cat__Circuit_ID_9W76,0.0
cat__Circuit_ID_9W75,0.0
cat__Circuit_ID_9W74,0.0
cat__Circuit_ID_9W73,0.0
cat__Connection_Date_2006-12-01 00:00:00,0.0
cat__Connection_Date_2006-11-30 00:00:00,0.0
cat__Connection_Date_2006-11-15 00:00:00,0.0
cat__Connection_Date_2006-11-14 00:00:00,0.0
cat__Connection_Date_2006-11-08 00:00:00,0.0
cat__Connection_Date_2006-11-07 00:00:00,0.0
cat__Connection_Date_2006-11-06 00:00:00,0.0
cat__Connection_Date_2006-11-04 00:00:00,0.0
cat__Connection_Date_2006-11-03 00:00:00,0.0
cat__Connection_Date_2006-11-02 00:00:00,0.0
cat__Connection_Date_2006-11-01 00:00:00,0.0
cat__Circuit_ID_BEDFRD1,0.0
cat__Circuit_ID_BD NWK,0.0
cat__Connection_Date_2021-06-16 00:00:00,0.0
cat__Circuit_ID_BATTLE1,0.0
cat__Circuit_ID_B0056RO0764,0.0
cat__Circuit_ID_C0121CF0782,0.0
cat__Connection_Date_2021-06-12 00:00:00,0.0
cat__Circuit_ID_Bowman - 2,0.0
cat__Circuit_ID_Battle Hill - 2,0.0
cat__Circuit_ID_Battle Hill - 1,0.0
cat__Circuit_ID_BYRAM1,0.0
cat__Connection_Date_2021-06-09 00:00:00,0.0
cat__Circuit_ID_BRCLIF1,0.0
cat__Connection_Date_2021-06-08 00:00:00,0.0
cat__Circuit_ID_BOWMAN1,0.0
cat__Circuit_ID_BETHLEHEM - SELKIRK #5,0.0
cat__Connection_Date_2006-12-12 00:00:00,0.0
cat__Connection_Date_2006-12-11 00:00:00,0.0
cat__Connection_Date_2006-12-07 00:00:00,0.0
cat__Connection_Date_2006-12-06 00:00:00,0.0
cat__Connection_Date_2021-06-07 00:00:00,0.0
cat__Circuit_ID_CROTON2,0.0
cat__Circuit_ID_CROTON1,0.0
cat__Circuit_ID_CROPSEY,0.0
cat__Circuit_ID_CP NWK,0.0
cat__Circuit_ID_CORTLT2,0.0
cat__Circuit_ID_CORTLT1,0.0
cat__Circuit_ID_CORTLN2,0.0
cat__Circuit_ID_COBLESKILL - SUMMIT #5,0.0
cat__Circuit_ID_CLASSNPT,0.0
cat__Circuit_ID_CL NWK,0.0
cat__Circuit_ID_CH NWK,0.0
cat__Circuit_ID_CENTRL1,0.0
cat__Circuit_ID_CC NWK,0.0
cat__Circuit_ID_CARPEN2,0.0
cat__Circuit_ID_CA 6H #6,0.0
cat__Circuit_ID_CA 34H #34,0.0
cat__Circuit_ID_DAKE HILL-MACHIAS #803,0.0
cat__Connection_Date_2021-06-05 00:00:00,0.0
cat__Circuit_ID_Crow Hill - 2,0.0
cat__Circuit_ID_Crow Hill - 1,0.0
cat__Circuit_ID_Croton - 2,0.0
cat__Circuit_ID_Croton - 1,0.0
cat__Circuit_ID_Cortlandt - 2,0.0
cat__Circuit_ID_Cortlandt - 1,0.0
cat__Circuit_ID_City Island West - 1,0.0
cat__Circuit_ID_City Island East - 1,0.0
cat__Circuit_ID_Central Avenue - 1,0.0
cat__Circuit_ID_Carpenter Avenue - 2,0.0
cat__Circuit_ID_CS NWK,0.0
cat__Circuit_ID_CROWHL3,0.0
cat__Circuit_ID_CROWHL2,0.0
cat__Circuit_ID_CROWHL1,0.0
cat__Circuit_ID_Eastchester - 1,0.0
cat__Circuit_ID_ELMSFD2,0.0
cat__Circuit_ID_ELMSFD1,0.0
cat__Circuit_ID_ELMSFD,0.0
cat__Circuit_ID_EL NWK,0.0
cat__Connection_Date_2015-08-31 00:00:00,0.0
cat__Circuit_ID_Dunkirk to Falconer 162 - Nestle-Purina Tap,0.0
cat__Circuit_ID_Dunkirk to Falconer 160 - Cummins Tap,0.0
cat__Circuit_ID_Don Bosco - 2,0.0
cat__Circuit_ID_Don Bosco - 1,0.0
cat__Circuit_ID_Davenport - 2,0.0
cat__Circuit_ID_Davenport - 1,0.0
cat__Circuit_ID_DYKER,0.0
cat__Circuit_ID_DONBOS1,0.0
cat__Circuit_ID_DAVNPT1,0.0
cat__Circuit_ID_DAKE HILL-W SALAMANCA #816,0.0
cat__Circuit_ID_GLENS FALLS - MOHICAN #11,0.0
cat__Circuit_ID_GH NWK,0.0
cat__Circuit_ID_GEL,0.0
cat__Circuit_ID_Furnace Dock - 2,0.0
cat__Circuit_ID_Furnace Dock - 1,0.0
cat__Circuit_ID_Fleetwood - 1,0.0
cat__Circuit_ID_FURNDK2,0.0
cat__Circuit_ID_FURNDK1,0.0
cat__Circuit_ID_FU NWK,0.0
cat__Circuit_ID_FOXISL2,0.0
cat__Connection_Date_2015-08-07 00:00:00,0.0
cat__Circuit_ID_FLTWOD1,0.0
cat__Connection_Date_2015-08-06 00:00:00,0.0
cat__Connection_Date_2015-08-04 00:00:00,0.0
cat__Circuit_ID_Elmsford - 2,0.0
cat__Circuit_ID_Elmsford - 1,0.0
cat__Circuit_ID_HEATHC2,0.0
cat__Circuit_ID_HEATHC1,0.0
cat__Circuit_ID_HASTNG1,0.0
cat__Circuit_ID_HARBOR2,0.0
cat__Connection_Date_2015-08-03 00:00:00,0.0
cat__Circuit_ID_HAMLTN2,0.0
cat__Circuit_ID_HA NWK,0.0
cat__Circuit_ID_Greenville - 1,0.0
cat__Circuit_ID_Grasslands-Knollwood - 1,0.0
cat__Circuit_ID_Gardenville to Buffalo River Switch 145 - Solar Ci,0.0
cat__Connection_Date_2015-08-01 00:00:00,0.0
cat__Circuit_ID_GREENPT,0.0
cat__Connection_Date_2015-07-31 00:00:00,0.0
cat__Circuit_ID_GRASSL1,0.0
cat__Circuit_ID_GR NWK,0.0
cat__Circuit_ID_GLENS FALLS - MOHICAN #12,0.0
cat__Circuit_ID_L10,0.0
cat__Circuit_ID_L1,0.0
cat__Circuit_ID_King Street - 2,0.0
cat__Circuit_ID_King Street - 1,0.0
cat__Circuit_ID_KITCHA2,0.0
cat__Circuit_ID_KITCHA1,0.0
cat__Circuit_ID_KINGST2,0.0
cat__Circuit_ID_KINGST1,0.0
cat__Circuit_ID_KB NWK,0.0
cat__Circuit_ID_INDIAN LAKE - NORTH CREEK #1,0.0
cat__Circuit_ID_Heathcote - 1,0.0
cat__Circuit_ID_Hastings - 1,0.0
cat__Circuit_ID_Harbor Island - 1,0.0
cat__Circuit_ID_Hamilton - 2,0.0
cat__Circuit_ID_HU NWK,0.0
cat__Circuit_ID_HN NWK,0.0
cat__Connection_Date_2006-10-30 00:00:00,0.0
cat__Connection_Date_2006-10-27 00:00:00,0.0
cat__Connection_Date_2006-10-26 00:00:00,0.0
cat__Connection_Date_2006-10-23 00:00:00,0.0
cat__Connection_Date_2006-10-21 00:00:00,0.0
cat__Connection_Date_2006-10-19 00:00:00,0.0
cat__Connection_Date_2006-10-18 00:00:00,0.0
cat__Connection_Date_2006-10-17 00:00:00,0.0
cat__Connection_Date_2006-10-16 00:00:00,0.0
cat__Connection_Date_2006-10-13 00:00:00,0.0
cat__Connection_Date_2006-10-12 00:00:00,0.0
cat__Connection_Date_2006-10-11 00:00:00,0.0
cat__Connection_Date_2006-10-10 00:00:00,0.0
cat__Connection_Date_2006-10-05 00:00:00,0.0
cat__Connection_Date_2006-09-29 00:00:00,0.0
cat__Connection_Date_2006-09-25 00:00:00,0.0
cat__Circuit_ID_LEL2,0.0
cat__Circuit_ID_LEL1,0.0
cat__Circuit_ID_L9,0.0
cat__Circuit_ID_L7,0.0
cat__Circuit_ID_L6,0.0
cat__Circuit_ID_L4,0.0
cat__Circuit_ID_L3,0.0
cat__Circuit_ID_L27,0.0
cat__Connection_Date_2015-07-29 00:00:00,0.0
cat__Circuit_ID_L25,0.0
cat__Circuit_ID_L22,0.0
cat__Circuit_ID_L20,0.0
cat__Circuit_ID_L18,0.0
cat__Circuit_ID_L17,0.0
cat__Circuit_ID_L13,0.0
cat__Circuit_ID_L11,0.0
cat__Circuit_ID_Long Hill Road - 1,0.0
cat__Circuit_ID_Long Hill Road -,0.0
cat__Circuit_ID_Lake Street - 1,0.0
cat__Circuit_ID_Laconia West - 2,0.0
cat__Connection_Date_2015-07-28 00:00:00,0.0
cat__Circuit_ID_Laconia East - 2,0.0
cat__Circuit_ID_Laconia East - 1,0.0
cat__Circuit_ID_LWL2,0.0
cat__Circuit_ID_LWL1,0.0
cat__Circuit_ID_LUDLOW2,0.0
cat__Circuit_ID_LUDLOW1,0.0
cat__Circuit_ID_LS NWK,0.0
cat__Circuit_ID_LNGHLL2,0.0
cat__Circuit_ID_LNGHLL1,0.0
cat__Circuit_ID_LITTLE RIVER #26,0.0
cat__Circuit_ID_LH NWK,0.0
cat__Circuit_ID_MTKISC2,0.0
cat__Circuit_ID_MTHOPE2,0.0
cat__Circuit_ID_MS NWK,0.0
cat__Circuit_ID_MK NWK,0.0
cat__Circuit_ID_MILTPT2,0.0
cat__Circuit_ID_MILTPT1,0.0
cat__Circuit_ID_MILLRD1,0.0
cat__Circuit_ID_MCINTYRE-HAMMOND #24,0.0
cat__Circuit_ID_MARYKL1,0.0
cat__Circuit_ID_MANVIL2,0.0
cat__Connection_Date_2021-07-13 00:00:00,0.0
cat__Circuit_ID_MACQUE2,0.0
cat__Circuit_ID_MACQUE1,0.0
cat__Circuit_ID_Ludlow - 2,0.0
cat__Circuit_ID_Ludlow - 1,0.0
cat__Circuit_ID_Long Hill Road - 2,0.0
cat__Circuit_ID_N LAKEVILLE-RIDGE #218,0.0
cat__Circuit_ID_N AKRON-ATTICA #225,0.0
cat__Circuit_ID_Mount Vernon - 2,0.0
cat__Circuit_ID_Mount Vernon - 1,0.0
cat__Circuit_ID_Milton Point - 1,0.0
cat__Circuit_ID_Midwood Loop,0.0
cat__Circuit_ID_Menands to Reynolds Road 2 - GE Healthcare Tap,0.0
cat__Circuit_ID_McKownville to CESTM 2,0.0
cat__Connection_Date_2021-07-10 00:00:00,0.0
cat__Circuit_ID_Maryknoll - 1,0.0
cat__Circuit_ID_Maplewood to Reynolds Road 31 - GE Healthcare Tap,0.0
cat__Circuit_ID_Manville - 2,0.0
cat__Circuit_ID_Macquesten - 2,0.0
cat__Circuit_ID_Macquesten - 1,0.0
cat__Circuit_ID_MTVERN3,0.0
cat__Circuit_ID_MTVERN1,0.0
cat__Circuit_ID_Ossining - 2,0.0
cat__Circuit_ID_Ossining - 1,0.0
cat__Circuit_ID_OSWEGO-VARICK #207,0.0
cat__Circuit_ID_OSSING2,0.0
cat__Circuit_ID_OS NWK,0.0
cat__Connection_Date_2021-07-07 00:00:00,0.0
cat__Circuit_ID_New Scotland to Feura Bush 9 - Owens Corning Tap,0.0
cat__Circuit_ID_New Castle - 1,0.0
cat__Circuit_ID_Neill - 2,0.0
cat__Circuit_ID_NYSL-1-46,0.0
cat__Connection_Date_2021-07-06 00:00:00,0.0
cat__Circuit_ID_NY28-20-48,0.0
cat__Circuit_ID_NORTH TROY - TIBBITS #7,0.0
cat__Circuit_ID_NEWROC,0.0
cat__Circuit_ID_NEWCAS1,0.0
cat__Circuit_ID_NC NWK,0.0
cat__Circuit_ID_Pines Bridge - 1,0.0
cat__Circuit_ID_Packard to Gardenville 182 - Xylem Heat Transfer T,0.0
cat__Circuit_ID_PREMPT2,0.0
cat__Circuit_ID_PREMPT1,0.0
cat__Circuit_ID_PREMPT,0.0
cat__Circuit_ID_PORTCH2,0.0
cat__Circuit_ID_PORTCH1,0.0
cat__Circuit_ID_POCANT2,0.0
cat__Circuit_ID_POCANT1,0.0
cat__Circuit_ID_PLEASN2,0.0
cat__Connection_Date_2021-07-03 00:00:00,0.0
cat__Circuit_ID_PK NWK,0.0
cat__Circuit_ID_PINEBR2,0.0
cat__Circuit_ID_PINEBR1,0.0
cat__Circuit_ID_PHILLIPS RD-MEDINA #301,0.0
cat__Circuit_ID_PEEKSL1,0.0
cat__Circuit_ID_Ridge Street - 2,0.0
cat__Circuit_ID_RYE3,0.0
cat__Circuit_ID_RYE2,0.0
cat__Circuit_ID_RIVERSIDE - ALBANY MEDICAL CENTER #36,0.0
cat__Circuit_ID_RIDGST1,0.0
cat__Circuit_ID_REDHOOK,0.0
cat__Circuit_ID_RDGST3,0.0
cat__Circuit_ID_RDGST2,0.0
cat__Circuit_ID_RC NWK,0.0
cat__Circuit_ID_RANDALL - BALLSTON #9,0.0
cat__Connection_Date_2021-08-05 00:00:00,0.0
cat__Circuit_ID_Premium Point - 1,0.0
cat__Circuit_ID_Pocantico - 2,0.0
cat__Circuit_ID_Pocantico - 1,0.0
cat__Circuit_ID_Pleasantville - 1,0.0
cat__Circuit_ID_Pines Bridge - 2,0.0
cat__Circuit_ID_SD2713,0.0
cat__Connection_Date_2021-08-03 00:00:00,0.0
cat__Circuit_ID_SD2711,0.0
cat__Circuit_ID_SD2710,0.0
cat__Circuit_ID_SD2709,0.0
cat__Circuit_ID_SD2707,0.0
cat__Circuit_ID_SD2705,0.0
cat__Circuit_ID_SD2704,0.0
cat__Circuit_ID_SD2703,0.0
cat__Circuit_ID_SD2702,0.0
cat__Circuit_ID_SD2701,0.0
cat__Connection_Date_2021-08-01 00:00:00,0.0
cat__Circuit_ID_SD11,0.0
cat__Connection_Date_2021-07-31 00:00:00,0.0
cat__Circuit_ID_SARGPL1,0.0
cat__Circuit_ID_Ridge Street - 3,0.0
cat__Connection_Date_2021-07-30 00:00:00,0.0
cat__Circuit_ID_SD2733,0.0
cat__Circuit_ID_SD2732,0.0
cat__Circuit_ID_SD2731,0.0
cat__Circuit_ID_SD2730,0.0
cat__Circuit_ID_SD2729,0.0
cat__Circuit_ID_SD2728,0.0
cat__Circuit_ID_SD2727,0.0
cat__Connection_Date_2021-07-24 00:00:00,0.0
cat__Circuit_ID_SD2721,0.0
cat__Connection_Date_2021-07-22 00:00:00,0.0
cat__Circuit_ID_SD2719,0.0
cat__Circuit_ID_SD2718,0.0
cat__Circuit_ID_SD2716,0.0
cat__Connection_Date_2021-07-19 00:00:00,0.0
cat__Circuit_ID_SD2714,0.0
cat__Circuit_ID_SD3134,0.0
cat__Circuit_ID_SD3133,0.0
cat__Circuit_ID_SD3113,0.0
cat__Circuit_ID_SD3112,0.0
cat__Circuit_ID_SD3111,0.0
cat__Circuit_ID_SD3110,0.0
cat__Circuit_ID_SD3109,0.0
cat__Circuit_ID_SD3108,0.0
cat__Circuit_ID_SD3100,0.0
cat__Connection_Date_2021-07-17 00:00:00,0.0
cat__Circuit_ID_SD28,0.0
cat__Connection_Date_2021-08-23 00:00:00,0.0
cat__Circuit_ID_SD2739,0.0
cat__Circuit_ID_SD2738,0.0
cat__Circuit_ID_SD2737,0.0
cat__Circuit_ID_SD2735,0.0
cat__Circuit_ID_SD3156,0.0
cat__Circuit_ID_SD3155,0.0
cat__Circuit_ID_SD3154,0.0
cat__Circuit_ID_SD3153,0.0
cat__Circuit_ID_SD3152,0.0
cat__Circuit_ID_SD3151,0.0
cat__Circuit_ID_SD3150,0.0
cat__Circuit_ID_SD3149,0.0
cat__Circuit_ID_SD3148,0.0
cat__Circuit_ID_SD3145,0.0
cat__Circuit_ID_SD3143,0.0
cat__Circuit_ID_SD3141,0.0
cat__Connection_Date_2021-08-21 00:00:00,0.0
cat__Circuit_ID_SD3137,0.0
cat__Circuit_ID_SD3136,0.0
cat__Circuit_ID_SD3135,0.0
cat__Connection_Date_2006-09-22 00:00:00,0.0
cat__Connection_Date_2006-09-21 00:00:00,0.0
cat__Connection_Date_2006-09-20 00:00:00,0.0
cat__Connection_Date_2006-09-19 00:00:00,0.0
cat__Connection_Date_2006-09-18 00:00:00,0.0
cat__Connection_Date_2006-09-11 00:00:00,0.0
cat__Connection_Date_2006-09-06 00:00:00,0.0
cat__Connection_Date_2006-08-25 00:00:00,0.0
cat__Connection_Date_2006-08-22 00:00:00,0.0
cat__Connection_Date_2006-08-19 00:00:00,0.0
cat__Connection_Date_2006-08-18 00:00:00,0.0
cat__Connection_Date_2006-08-17 00:00:00,0.0
cat__Connection_Date_2021-08-19 00:00:00,0.0
cat__Connection_Date_2006-08-14 00:00:00,0.0
cat__Connection_Date_2006-08-12 00:00:00,0.0
cat__Connection_Date_2006-08-11 00:00:00,0.0
cat__Circuit_ID_SPROUT2,0.0
cat__Circuit_ID_SPROUT1,0.0
cat__Circuit_ID_SPROUT,0.0
cat__Circuit_ID_SOUTH PHILADELPHIA-INDIAN RIVER #25,0.0
cat__Circuit_ID_SOSIDE2,0.0
cat__Circuit_ID_SLEEPY2,0.0
cat__Circuit_ID_SINSIN2,0.0
cat__Circuit_ID_SINSIN1,0.0
cat__Circuit_ID_SINSIN,0.0
cat__Circuit_ID_SHRUB2,0.0
cat__Circuit_ID_SD41,0.0
cat__Circuit_ID_SD40,0.0
cat__Circuit_ID_SD38,0.0
cat__Circuit_ID_SD37,0.0
cat__Circuit_ID_SD3163,0.0
cat__Circuit_ID_SD3158,0.0
cat__Circuit_ID_TARYTN2,0.0
cat__Circuit_ID_TARYTN1,0.0
cat__Circuit_ID_Sunnyside - 2,0.0
cat__Circuit_ID_Sunnyside - 1,0.0
cat__Circuit_ID_Sprout Brook - 2,0.0
cat__Circuit_ID_Sprout Brook - 1,0.0
cat__Circuit_ID_South Oswego to Geres Lock 9,0.0
cat__Circuit_ID_Sleepy Hollow - 2,0.0
cat__Circuit_ID_Sing Sing - 2,0.0
cat__Circuit_ID_Sing Sing - 1,0.0
cat__Circuit_ID_Shrub Oak - 2,0.0
cat__Circuit_ID_Shrub Oak - 1,0.0
cat__Connection_Date_2021-08-17 00:00:00,0.0
cat__Circuit_ID_SUNSID1,0.0
cat__Circuit_ID_ST_PETERS,0.0
cat__Circuit_ID_SS NWK,0.0
cat__Circuit_ID_WA NWK,0.0
cat__Circuit_ID_Van Nest - 2,0.0
cat__Circuit_ID_Van Nest - 1,0.0
cat__Circuit_ID_VANNEST,0.0
cat__Circuit_ID_VALLEY-INGHAMS #27,0.0
cat__Circuit_ID_Tuckahoe - 2,0.0
cat__Circuit_ID_Tuckahoe - 1,0.0
cat__Circuit_ID_Tilden Loop,0.0
cat__Circuit_ID_Teatown - 2,0.0
cat__Circuit_ID_Teatown - 1,0.0
cat__Circuit_ID_TUCKHO1,0.0
cat__Circuit_ID_TR NWK,0.0
cat__Connection_Date_2021-08-14 00:00:00,0.0
cat__Circuit_ID_TERACE2,0.0
cat__Circuit_ID_TEATN2,0.0
cat__Circuit_ID_TEATN1,0.0
cat__Circuit_ID_Whippoorwill - 1,0.0
cat__Circuit_ID_Warburton - 1,0.0
cat__Circuit_ID_W_FARMS,0.0
cat__Circuit_ID_WOODARD #26,0.0
cat__Circuit_ID_WOODARD #24,0.0
cat__Circuit_ID_WNDMIL2,0.0
cat__Circuit_ID_WNDMIL1,0.0
cat__Circuit_ID_WN,0.0
cat__Circuit_ID_WINGFT2,0.0
cat__Circuit_ID_WINGFT1,0.0
cat__Circuit_ID_WHITE3,0.0
cat__Circuit_ID_WHITE2,0.0
cat__Circuit_ID_WHITE1,0.0
cat__Circuit_ID_WHIPP,0.0
cat__Circuit_ID_WASHST2,0.0
cat__Circuit_ID_WAL1,0.0
cat__Developer_3M NY Enterprises Inc.,0.0
cat__Developer_2K Solar Inc,0.0
"cat__Developer_212 Solar Development, LLC",0.0
cat__Developer_1st Light Energy Inc.,0.0
cat__Developer_1ST LE,0.0
cat__Developer_123 Home Improvement,0.0
cat__Circuit_ID_Yonkers - 3,0.0
cat__Connection_Date_2021-08-12 00:00:00,0.0
cat__Circuit_ID_YOUNGSTOWN-SANBORN #403,0.0
cat__Circuit_ID_YONKER3,0.0
cat__Circuit_ID_YONKER2,0.0
cat__Circuit_ID_YO NWK,0.0
cat__Circuit_ID_Windmill Farms - 2,0.0
cat__Circuit_ID_Windmill Farms - 1,0.0
cat__Circuit_ID_White Plains - 2,0.0
cat__Circuit_ID_White Plains - 1,0.0
cat__Developer_AEPS Electric LLC,0.0
cat__Connection_Date_2021-08-11 00:00:00,0.0
cat__Connection_Date_2021-08-09 00:00:00,0.0
cat__Developer_AEC Solar Corp,0.0
cat__Connection_Date_2021-08-07 00:00:00,0.0
cat__Connection_Date_2021-08-06 00:00:00,0.0
cat__Developer_ADK Solar,0.0
cat__Developer_ACES-Energy,0.0
cat__Developer_ACES Energy,0.0
cat__Developer_ACE,0.0
cat__Developer_AAR/CO ELECTRIC INC,0.0
cat__Developer_A+ Solar LLC,0.0
cat__Developer_875 Broadway,0.0
"cat__Developer_64 Solar, LLC",0.0
cat__Developer_64 Solar LLC,0.0
cat__Developer_3rd ROC Solar,0.0
cat__Connection_Date_2006-08-09 00:00:00,0.0
cat__Connection_Date_2006-08-02 00:00:00,0.0
cat__Connection_Date_2006-08-01 00:00:00,0.0
cat__Connection_Date_2006-07-31 00:00:00,0.0
cat__Connection_Date_2006-07-28 00:00:00,0.0
cat__Connection_Date_2006-07-27 00:00:00,0.0
cat__Connection_Date_2006-07-26 00:00:00,0.0
cat__Connection_Date_2006-07-22 00:00:00,0.0
cat__Connection_Date_2006-07-21 00:00:00,0.0
cat__Connection_Date_2006-07-20 00:00:00,0.0
cat__Connection_Date_2006-07-19 00:00:00,0.0
cat__Connection_Date_2006-07-17 00:00:00,0.0
cat__Connection_Date_2006-07-14 00:00:00,0.0
cat__Connection_Date_2006-07-13 00:00:00,0.0
cat__Connection_Date_2006-07-11 00:00:00,0.0
cat__Connection_Date_2006-07-10 00:00:00,0.0
cat__Developer_Abest Energy Power,0.0
cat__Developer_Abby Blinn (ETM Solar Works),0.0
cat__Connection_Date_2015-07-17 00:00:00,0.0
"cat__Developer_Aaran Koller (Next Generation Solar, LLC)",0.0
cat__Connection_Date_2015-07-14 00:00:00,0.0
cat__Developer_Aaran Koller (Halco Plumbing & Heating),0.0
cat__Developer_ATC mechanical corp,0.0
cat__Developer_ATC Mechanical corp,0.0
cat__Developer_AT Electrical Contracting Inc,0.0
cat__Developer_ARE New York Inc,0.0
cat__Developer_AMS Construction Corp,0.0
cat__Developer_ALTERIS RENEWABLES INC,0.0
cat__Developer_ALFASOLARWIND,0.0
cat__Developer_ALEPH TOWERS LLC,0.0
cat__Developer_AJW Home Consultants,0.0
"cat__Developer_AES Distributed Energy, Inc.",0.0
"cat__Developer_Adirondack Renewables, LLC",0.0
cat__Developer_Adirondack Battery,0.0
cat__Developer_Adam Rochford (HSI Solar),0.0
cat__Developer_Adam McKane,0.0
cat__Connection_Date_2015-07-13 00:00:00,0.0
cat__Developer_Adam Jacobstein,0.0
cat__Connection_Date_2015-07-12 00:00:00,0.0
cat__Developer_Active Solar Development,0.0
cat__Connection_Date_2015-07-11 00:00:00,0.0
cat__Developer_Accredited Solar,0.0
cat__Developer_Accord Power Inc,0.0
cat__Developer_Accord Power,0.0
cat__Developer_Accelerate Solar,0.0
cat__Developer_Abundant Solar (New York) Inc.,0.0
cat__Developer_Abraar Vakil (Abundant Solar Power (VC1) LLC),0.0
cat__Developer_Able Electrical Services LLC,0.0
cat__Connection_Date_2021-09-04 00:00:00,0.0
cat__Connection_Date_2021-09-02 00:00:00,0.0
cat__Developer_Alan Pilarski (RE Mcnamara Inc),0.0
cat__Developer_Alan Pilarski,0.0
cat__Developer_Akeena Solar,0.0
"cat__Developer_Aimee Flynn (Solar Liberty Energy Systems, Inc.)",0.0
cat__Developer_Aeonsolar LLC,0.0
cat__Developer_Aegis Energy Services,0.0
cat__Connection_Date_2021-09-01 00:00:00,0.0
cat__Connection_Date_2021-08-28 00:00:00,0.0
"cat__Developer_Advanced Energy Design, LLC",0.0
cat__Developer_Advanced Energy Design,0.0
cat__Developer_Advanced Electrical Installation,0.0
cat__Developer_Adrian ` Glidden (Alternative Power Solutions of N,0.0
cat__Developer_Adrian Glidden (Alternative Power Solutions of NY),0.0
cat__Developer_Adirondack Solar,0.0
cat__Developer_Allegany RT,0.0
cat__Developer_All Systems Cogeneration,0.0
cat__Developer_All Island Group,0.0
cat__Developer_All Around the House,0.0
cat__Developer_All Air Specialists Inc.,0.0
cat__Developer_Alicia Perry (ADK Solar),0.0
cat__Developer_Alfa Solar Wind,0.0
cat__Developer_Alexander Mintz (Power Guru LLC),0.0
cat__Developer_Alex Lehman (ETM Solar Works),0.0
cat__Developer_Alex Kot (Kot Electrical Construction),0.0
cat__Developer_Alex Jackson (PlugPV),0.0
"cat__Developer_Alex Jackson (PLUGPV, LLC)",0.0
cat__Developer_Albert J. Wilkinson,0.0
cat__Developer_Albert Hulick (REVOLUTION SOLAR),0.0
cat__Connection_Date_2021-09-25 00:00:00,0.0
cat__Developer_Albany Solar Suresh,0.0
cat__Connection_Date_2006-06-27 00:00:00,0.0
cat__Connection_Date_2006-06-23 00:00:00,0.0
cat__Connection_Date_2006-06-21 00:00:00,0.0
cat__Connection_Date_2006-06-20 00:00:00,0.0
cat__Connection_Date_2006-06-19 00:00:00,0.0
cat__Connection_Date_2021-09-20 00:00:00,0.0
cat__Connection_Date_2006-06-14 00:00:00,0.0
cat__Connection_Date_2006-06-09 00:00:00,0.0
cat__Connection_Date_2006-06-08 00:00:00,0.0
cat__Connection_Date_2006-06-07 00:00:00,0.0
cat__Connection_Date_2006-06-06 00:00:00,0.0
cat__Connection_Date_2006-06-05 00:00:00,0.0
cat__Connection_Date_2006-06-01 00:00:00,0.0
cat__Connection_Date_2006-05-30 00:00:00,0.0
cat__Connection_Date_2021-09-17 00:00:00,0.0
cat__Developer_Allegany Renewable Technologies,0.0
"cat__Developer_Amanda Potter (Adirondack Battery & Solar, LLC)",0.0
"cat__Developer_Amanda Potter (ADIRONDACK BATTERY & SOLAR, LLC)",0.0
cat__Developer_Amanda Postma (Renovus Solar),0.0
cat__Developer_Alternative Power Systems,0.0
cat__Developer_Alternative Energy Associates,0.0
"cat__Developer_Alternative Carbon Energy Systems, Inc.",0.0
cat__Developer_Alternative Carbon Energy Systems,0.0
"cat__Developer_Alternate Power Solutions of NY, LLC",0.0
"cat__Developer_Alteris Renewables, Kevin Rose",0.0
cat__Connection_Date_2021-09-16 00:00:00,0.0
cat__Developer_Allura Solar,0.0
"cat__Developer_Allison Pepe (Kasselman Solar, LLC)",0.0
cat__Developer_Allison Pepe (Kasselman Solar),0.0
cat__Developer_Alliance Cooperative Energy LLC,0.0
cat__Connection_Date_2006-07-07 00:00:00,0.0
cat__Connection_Date_2006-06-30 00:00:00,0.0
cat__Developer_Anderson Electric Inc,0.0
cat__Developer_Analemma Solar Corp.,0.0
cat__Developer_Amp Solar US Holdings Inc.,0.0
cat__Developer_American Solar & Alternative Power LLC,0.0
cat__Developer_American Renewable Energy,0.0
cat__Developer_American Energy Care / Solar Universe,0.0
cat__Developer_American Energy Care / AEC Solar,0.0
cat__Connection_Date_2021-09-15 00:00:00,0.0
cat__Developer_American DG Energy,0.0
cat__Developer_Amergy Solar Inc.,0.0
cat__Developer_Amergy Solar Inc,0.0
cat__Connection_Date_2021-09-13 00:00:00,0.0
"cat__Developer_Ameresco, Inc.",0.0
cat__Developer_Amberjack Solar,0.0
cat__Developer_Amber Lundberg (Amber Lundberg),0.0
"cat__Developer_Amanda Tallman (TAG Mechanical Systems, Inc.)",0.0
cat__Developer_Angela  Capps,0.0
cat__Developer_Aneeq Sindhr (Intelligent Green Solutions LLC),0.0
cat__Developer_Andy Rindfleisch,0.0
cat__Developer_Andy Isrealson (Convergent Energy Solutions New Yo,0.0
cat__Developer_Andrew Young,0.0
cat__Developer_Andrew Heiligman (Renewable Rochester),0.0
cat__Developer_Andrew Guntlow (New England Solar & Green Solution,0.0
cat__Developer_Andrew Esguerra (Tesla),0.0
cat__Developer_Andrew Esguerra (Tesla Energy),0.0
cat__Developer_Andrew Esguerra (SolarCity DBA Tesla Energy),0.0
cat__Developer_Andrew Esguerra (Solar City),0.0
cat__Developer_Andrew Esguerra (Solar City DBA Tesla),0.0
cat__Developer_Andrew Esguerra (Solar City DBA Tesla Energy),0.0
cat__Developer_Andrew Callahan (American Solar Partners),0.0
cat__Developer_Andrew Biederman (RER Energy Group LLC),0.0
cat__Developer_Andrea Stevens (Empire Solar Store),0.0
cat__Developer_Arosa Solar,0.0
cat__Developer_Aries Power,0.0
cat__Developer_Argos Solar LLC,0.0
cat__Developer_Appolo-Hudson Valley,0.0
"cat__Developer_Apex Solar, LLC",0.0
cat__Connection_Date_2021-09-11 00:00:00,0.0
cat__Developer_Apex Solar Power LLC,0.0
cat__Connection_Date_2021-09-08 00:00:00,0.0
"cat__Developer_Apex Roofing, LLC dba Seamless Solar",0.0
"cat__Developer_Apex Roofing, LLC",0.0
cat__Developer_Apex Roofing LLC,0.0
cat__Developer_Apex Energy Tek LLC,0.0
cat__Developer_Apco Electrical Corp,0.0
cat__Developer_Antonio Ciampa LLC,0.0
cat__Developer_Annie McQuilllan (Direct Energy Solar),0.0
"cat__Developer_Anisley Quintero (Tesla Energy Operations, Inc.)",0.0
cat__Connection_Date_2006-05-16 00:00:00,0.0
cat__Connection_Date_2006-05-15 00:00:00,0.0
cat__Connection_Date_2006-05-12 00:00:00,0.0
cat__Connection_Date_2006-05-11 00:00:00,0.0
cat__Connection_Date_2006-05-10 00:00:00,0.0
cat__Connection_Date_2006-05-08 00:00:00,0.0
cat__Connection_Date_2006-05-05 00:00:00,0.0
cat__Connection_Date_2006-05-03 00:00:00,0.0
cat__Connection_Date_2006-05-02 00:00:00,0.0
cat__Connection_Date_2006-04-26 00:00:00,0.0
cat__Connection_Date_2006-04-25 00:00:00,0.0
cat__Connection_Date_2006-04-24 00:00:00,0.0
cat__Connection_Date_2006-04-21 00:00:00,0.0
cat__Developer_Arup,0.0
cat__Developer_Arturo  Burgos,0.0
cat__Developer_Artburg Inc.,0.0
cat__Developer_Bable Advanced Technology,0.0
cat__Developer_BUILT WELL SOLAR CORP,0.0
cat__Developer_BRANDL ELECTRIC,0.0
cat__Developer_BQ Solar,0.0
"cat__Developer_BQ Energy, LLC",0.0
cat__Developer_BP Electric Corp,0.0
cat__Developer_BG Electrical,0.0
cat__Developer_BENTLEY GLOBAL ASSOCIATES,0.0
cat__Developer_Autonomous Energies LLC,0.0
cat__Developer_Austin Jarvis (Green Visions Solar),0.0
cat__Developer_Atlas Exterior,0.0
"cat__Developer_Atlantean Solar, LLC",0.0
cat__Connection_Date_2021-09-06 00:00:00,0.0
cat__Connection_Date_2006-05-19 00:00:00,0.0
cat__Connection_Date_2006-05-18 00:00:00,0.0
cat__Connection_Date_2006-05-17 00:00:00,0.0
cat__Developer_Benzo van Arnold (Renewable Rochester),0.0
cat__Developer_Benzo van Arnold (Alternative Carbon Energy System,0.0
"cat__Developer_Benjamin Rogers (PlugPV, LLC.)",0.0
cat__Developer_Benchmark Builders,0.0
"cat__Developer_Ben Sufrin (AES Distributed Energy, Inc.)",0.0
cat__Developer_Ben Smith,0.0
"cat__Developer_Ben Rogers (PlugPV, LLC.)",0.0
cat__Developer_Ben Rogers (PlugPV),0.0
cat__Developer_Ben Fusco (Ben Fusco),0.0
cat__Developer_Ben Drexe (Empire Solar Solutions),0.0
cat__Developer_Belle Beachner (Renewable Rochester),0.0
cat__Developer_Behlman,0.0
cat__Developer_Baxstar Solar LLC,0.0
cat__Developer_Barbara Morley (Squan Solar dba Sol Providers),0.0
cat__Developer_Barbara Morley (Apex Roofing LLC),0.0
cat__Developer_Bantam Solar (Cypress Creek Renewables LLC),0.0
cat__Connection_Date_2015-07-25 00:00:00,0.0
cat__Developer_Bliss Solar_ LLC.,0.0
cat__Developer_Bliss Solar_ LLC,0.0
cat__Connection_Date_2015-07-21 00:00:00,0.0
cat__Developer_Bliss Solar LLC,0.0
cat__Developer_Black & Veatch,0.0
cat__Connection_Date_2021-10-21 00:00:00,0.0
cat__Developer_Bill Edwards (Skyline Solar Inc.),0.0
cat__Connection_Date_2021-10-18 00:00:00,0.0
"cat__Developer_Bianca Cauchi (New York State Solar Farm, Inc.)",0.0
cat__Developer_Bhima Nitta (Power Guru LLC),0.0
"cat__Developer_Bethpage Solar, Inc",0.0
cat__Connection_Date_2021-10-16 00:00:00,0.0
cat__Developer_Beth Ruggiero,0.0
cat__Developer_Best Energy Power 2015 LLC,0.0
cat__Developer_Berger Quality Electric Contracting,0.0
cat__Connection_Date_2006-04-18 00:00:00,0.0
cat__Connection_Date_2006-04-13 00:00:00,0.0
cat__Connection_Date_2006-04-12 00:00:00,0.0
cat__Connection_Date_2006-04-11 00:00:00,0.0
cat__Connection_Date_2006-04-07 00:00:00,0.0
cat__Connection_Date_2021-10-14 00:00:00,0.0
cat__Connection_Date_2006-04-05 00:00:00,0.0
cat__Connection_Date_2006-04-04 00:00:00,0.0
cat__Connection_Date_2006-03-29 00:00:00,0.0
cat__Connection_Date_2006-03-28 00:00:00,0.0
cat__Connection_Date_2006-03-22 00:00:00,0.0
cat__Connection_Date_2006-03-17 00:00:00,0.0
cat__Connection_Date_2006-03-14 00:00:00,0.0
cat__Connection_Date_2006-03-10 00:00:00,0.0
cat__Connection_Date_2006-03-08 00:00:00,0.0
cat__Developer_Blue Sky Construction/QwikSolar,0.0
cat__Developer_Brandon Dedeaux (Tesla Energy Operations),0.0
cat__Developer_Brandon Dedeaux (Solar City),0.0
cat__Developer_Brad Stoltzfus (Paradise Energy Solutions),0.0
cat__Developer_Bouille Electric,0.0
cat__Developer_Borrego Solar Systems Inc,0.0
cat__Developer_Borrego Solar,0.0
cat__Developer_Bobby Reich,0.0
"cat__Developer_Bob Timkey (Go Solar, LLC)",0.0
cat__Developer_Bob Timkey (Go Solar LLC),0.0
cat__Connection_Date_2021-10-13 00:00:00,0.0
cat__Developer_Bob Timkey (GO SOLAR LED),0.0
"cat__Developer_Bob TIMKEY (Go Solar, LLC)",0.0
cat__Developer_Blueland LLC,0.0
cat__Developer_BlueRock Solar,0.0
cat__Developer_Blue Sky Technologies,0.0
cat__Connection_Date_2006-04-20 00:00:00,0.0
cat__Developer_Brownell Electric,0.0
cat__Developer_Brooklyn Solar Partners,0.0
cat__Developer_Broc Jennings (ADK Solar),0.0
cat__Developer_Broadtrade Energy Group,0.0
"cat__Developer_Brittany Panetta (CNY Solar, LLC)",0.0
cat__Developer_Britney Emmick (Seed Engineering and Solar),0.0
cat__Developer_Bright Planet Solar,0.0
cat__Developer_Bridgette Martin (Solar Liberty),0.0
cat__Developer_Brian Wight,0.0
cat__Developer_Brian Stanley (NYREER LLC),0.0
cat__Connection_Date_2021-10-11 00:00:00,0.0
cat__Developer_Brian DeMaio` (Onyx),0.0
cat__Developer_Brian Carvalho (BJC Construction Services),0.0
cat__Developer_Brett Johnston,0.0
cat__Developer_Brandon Stromack (dGEN Energy Partners),0.0
cat__Developer_Brandon Frey (PlugPV),0.0
"cat__Developer_C. Crescenzo Electrical Contractors, Inc.",0.0
cat__Developer_C-TEC Solar LLC,0.0
cat__Developer_C-TEC Solar,0.0
cat__Developer_Buselli Solutions,0.0
cat__Developer_Burke Electrical Contractors Inc,0.0
cat__Developer_Burke Electric and Solar,0.0
cat__Developer_Bullitt Farm Solar (Cypress Creek Renewables LLC),0.0
cat__Developer_Built Well Solar Corp,0.0
cat__Connection_Date_2021-10-02 00:00:00,0.0
"cat__Developer_Buffalo Solar Solutions, Inc.",0.0
cat__Developer_Buffalo Solar Solutions Inc.,0.0
cat__Developer_Buffalo Solar Solutions Inc,0.0
cat__Connection_Date_2021-11-15 00:00:00,0.0
cat__Developer_Buffalo Solar,0.0
cat__Developer_Buffalo Renewables Inc.,0.0
cat__Developer_Budget Electric,0.0
"cat__Developer_CNY Solar, Inc",0.0
cat__Connection_Date_2021-11-10 00:00:00,0.0
cat__Developer_CNR Energy Solutions LLC,0.0
cat__Developer_CNR Energy Solutions,0.0
cat__Developer_CMS Energy,0.0
cat__Developer_CKH Indusries,0.0
cat__Developer_CJ Electrical Contracting,0.0
cat__Developer_CIR Electrical Construction Corp.,0.0
cat__Developer_CIR ELECTRICAL CONSTRUCTION,0.0
cat__Developer_CES Danbury Solar LLC,0.0
cat__Developer_CENTURION SOLAR ENERGY LLC,0.0
cat__Connection_Date_2021-11-09 00:00:00,0.0
cat__Developer_CEC Windpower,0.0
cat__Developer_CEC Energy,0.0
"cat__Developer_CEC Development, LLC",0.0
cat__Developer_CDE Electric,0.0
cat__Developer_Carola Voelker (CENTROPLAN USA LLC),0.0
cat__Developer_Carol Morrissey (Trinity Solar),0.0
cat__Developer_Carlos Pardo,0.0
cat__Developer_Carlos Palomino (SolarCity),0.0
cat__Developer_Carlos Palomino (Solar City),0.0
cat__Developer_Carina Ayar (Taitem Engineering),0.0
cat__Developer_Cantiague Electric Corp,0.0
cat__Developer_Cantiague Electric,0.0
cat__Developer_Cameron  Paulson,0.0
cat__Developer_Caitlin Hartig (Solar City),0.0
cat__Developer_CWS Electrical LLC,0.0
"cat__Developer_CVM Electric, Inc.",0.0
cat__Developer_CTEC Solar,0.0
cat__Developer_CROTON ENERGY GROUP,0.0
cat__Developer_CPSS Electric,0.0
cat__Developer_CPC Contracting Group,0.0
cat__Connection_Date_2006-03-07 00:00:00,0.0
cat__Connection_Date_2006-03-03 00:00:00,0.0
cat__Connection_Date_2006-03-01 00:00:00,0.0
cat__Connection_Date_2006-02-24 00:00:00,0.0
cat__Connection_Date_2006-02-23 00:00:00,0.0
cat__Connection_Date_2006-02-22 00:00:00,0.0
cat__Connection_Date_2006-02-21 00:00:00,0.0
cat__Connection_Date_2006-02-15 00:00:00,0.0
cat__Connection_Date_2006-02-11 00:00:00,0.0
cat__Connection_Date_2006-02-10 00:00:00,0.0
cat__Connection_Date_2006-02-08 00:00:00,0.0
cat__Connection_Date_2006-02-03 00:00:00,0.0
cat__Connection_Date_2006-02-01 00:00:00,0.0
cat__Connection_Date_2006-01-27 00:00:00,0.0
cat__Connection_Date_2021-11-06 00:00:00,0.0
cat__Connection_Date_2006-01-25 00:00:00,0.0
cat__Developer_Chris Bartolillo,0.0
cat__Developer_Cheryl Dickson (Vivint Solar),0.0
cat__Developer_Charles One Hour Heating,0.0
cat__Developer_Chandra Yarlagadda (Helios Energy LLC),0.0
cat__Developer_Champlain Valley Educational Svcs,0.0
cat__Developer_Chad Dickason (Red Hook Solar Corp),0.0
cat__Developer_Chad Dickason (RED HOOK SOLAR),0.0
cat__Developer_Certain Solar,0.0
cat__Developer_Centurion Solar Energy,0.0
cat__Developer_Centurion Solar,0.0
cat__Developer_Cedar Electrical Contractors Inc,0.0
cat__Developer_Cavorti Plumbing,0.0
cat__Connection_Date_2021-11-03 00:00:00,0.0
cat__Connection_Date_2021-11-02 00:00:00,0.0
"cat__Developer_Carter Powell (Solar Liberty Energy Systems, Inc.)",0.0
cat__Developer_Carson Smith (Carson Smith),0.0
cat__Developer_Clare Reinbergen,0.0
cat__Developer_CitySolar llc,0.0
cat__Developer_CitLink,0.0
cat__Developer_Cindy Zimbardi (New York Power Solutions),0.0
cat__Developer_Cindy Mounga (Vivint Solar),0.0
cat__Developer_Cindy AhlbergMounga (Vivint Solar),0.0
cat__Developer_Christopher Maroney,0.0
cat__Developer_Christopher  Keefe,0.0
cat__Developer_Chris Watrous (Temperature Experts),0.0
"cat__Developer_Chris Watrous (Electrical Connections of WNY, inc)",0.0
cat__Developer_Chris Verner (Accelerate Solar),0.0
cat__Developer_Chris Stroud (Cipriani Energy Group Corp.),0.0
cat__Developer_Chris Schrader (Seed Engineering and Solar),0.0
cat__Connection_Date_2021-10-26 00:00:00,0.0
cat__Developer_Chris Foote (GreenSpark Solar),0.0
cat__Developer_Chris Calice (RGE),0.0
cat__Developer_Collegiate Builders Inc.,0.0
cat__Connection_Date_2021-10-25 00:00:00,0.0
cat__Developer_Collado Engineering,0.0
cat__Developer_Colin Walker (SSC Scriba LLC),0.0
cat__Developer_Colin Walker (SSC Lysander LLC),0.0
cat__Developer_Colin Read,0.0
cat__Developer_Cogan Group Inc.,0.0
cat__Developer_Cogan Group Inc,0.0
cat__Developer_Cody Primmer (GreenSpark Solar),0.0
cat__Developer_Coastal Environmental Group,0.0
cat__Developer_Clinton Rabuffo,0.0
cat__Developer_Cleo Manalo (Solar City DBA Tesla),0.0
cat__Developer_Clean Energy of New York Inc,0.0
cat__Developer_Clean Energy Solutions,0.0
cat__Developer_Clean Energy Collective,0.0
cat__Developer_Clay Bowman (Accelerate Solar),0.0
cat__Connection_Date_2015-07-03 00:00:00,0.0
cat__Developer_Constellation Solar NY LLC,0.0
cat__Developer_Conscious Energy Inc.,0.0
cat__Developer_Conscious Energy Inc,0.0
cat__Developer_Conscious Energy,0.0
cat__Developer_Connor Dawson (GreenSpark),0.0
cat__Developer_Conner Witsken (Next Era Energy),0.0
cat__Developer_Conedison Clean Energy Businesses,0.0
cat__Developer_Concord Clean Power,0.0
cat__Connection_Date_2015-07-01 00:00:00,0.0
cat__Developer_ConEdison Solutions,0.0
cat__Developer_Con Edison Solutions,0.0
cat__Connection_Date_2015-06-30 00:00:00,0.0
"cat__Developer_Community Energy Solar, LLC",0.0
cat__Developer_Community Energy Solar,0.0
cat__Developer_Community Energy,0.0
cat__Developer_D & M Alternative Energy LLC,0.0
cat__Developer_D & M Alternative Energy,0.0
"cat__Developer_Cypress Creek Renewables, LLC",0.0
cat__Developer_Cypress Creek Renewables LLC,0.0
cat__Developer_Curtis Snyder (Crest Solar Power Solutions),0.0
cat__Developer_Curtis Snyder,0.0
cat__Developer_Crystal bentley (Paradise Energy Solutions),0.0
cat__Developer_Crystal Bentley (Paradise Energy Solutions),0.0
cat__Developer_Croton Energy Group Inc.,0.0
cat__Developer_Croton Energy Group Inc,0.0
cat__Developer_Croton Energy Group,0.0
cat__Developer_Cris Schrader (Seed Solar),0.0
cat__Developer_Cris Schrader (Seed Engineering and Solar),0.0
cat__Developer_Crest Solar Power Solutions,0.0
cat__Developer_Courtland Hathaway (Foster Road Solar),0.0
cat__Developer_Core States Group,0.0
cat__Developer_Danielle Hardman (SunCommon),0.0
cat__Developer_Danielle Hardman (Hudson Solar),0.0
cat__Developer_Daniel Fairbank (SunVest Solar),0.0
cat__Developer_Dan Tworkowski (Sunset Builders of WNY),0.0
"cat__Developer_Dan Leary (OurGeneration, LLC)",0.0
cat__Developer_Dan Horning (NYREER LLC),0.0
cat__Developer_Dan Eaton (GAF Energy),0.0
cat__Connection_Date_2015-06-29 00:00:00,0.0
cat__Developer_Dallas Manson (Nexamp),0.0
cat__Developer_DOWNSTREAM CONSTRUCTION,0.0
"cat__Developer_DMV Equity, Inc.",0.0
cat__Connection_Date_2015-06-28 00:00:00,0.0
cat__Developer_DISCOVER GREEN RENEWABLE ENERGY LLC,0.0
"cat__Developer_DG New York CS, LLC",0.0
"cat__Developer_D. A. Goudreau, Inc.",0.0
cat__Developer_D&M Alternative Energy,0.0
cat__Connection_Date_2006-01-24 00:00:00,0.0
cat__Connection_Date_2006-01-23 00:00:00,0.0
cat__Connection_Date_2006-01-20 00:00:00,0.0
cat__Connection_Date_2006-01-17 00:00:00,0.0
cat__Connection_Date_2006-01-13 00:00:00,0.0
cat__Connection_Date_2006-01-09 00:00:00,0.0
cat__Connection_Date_2006-01-06 00:00:00,0.0
cat__Connection_Date_2006-01-04 00:00:00,0.0
cat__Connection_Date_2006-01-03 00:00:00,0.0
cat__Connection_Date_2005-12-22 00:00:00,0.0
cat__Connection_Date_2005-12-16 00:00:00,0.0
cat__Connection_Date_2005-12-14 00:00:00,0.0
cat__Connection_Date_2005-12-13 00:00:00,0.0
cat__Connection_Date_2005-12-12 00:00:00,0.0
cat__Connection_Date_2005-12-10 00:00:00,0.0
cat__Connection_Date_2005-12-09 00:00:00,0.0
cat__Developer_David Moller (Royal Wind and Solar),0.0
"cat__Developer_David Magid (You Save Green, Inc.)",0.0
cat__Developer_David Hughes,0.0
cat__Developer_David Heyneman,0.0
cat__Developer_David Garbrick,0.0
cat__Developer_David Bailey,0.0
cat__Developer_Dave Tedeyan (Sungineer Solar),0.0
cat__Developer_Darrin  Magee,0.0
cat__Developer_Darren DeWispelaere (Renewable Rochester),0.0
cat__Connection_Date_2015-06-27 00:00:00,0.0
cat__Developer_Darrell Curry (Darrell Curry),0.0
cat__Developer_Darrell Bowman (NextEra Energy),0.0
cat__Connection_Date_2015-06-24 00:00:00,0.0
"cat__Developer_Danielle Nivins (PlugPV, LLC)",0.0
cat__Developer_Danielle Nivins (PlugPV),0.0
cat__Developer_Danielle Nielsen (QwikSolar),0.0
cat__Developer_Discover green,0.0
cat__Developer_Discover Green Renewable Energy LLC,0.0
cat__Developer_Dimension Energy,0.0
cat__Developer_Diane Guzman (Solar City),0.0
cat__Developer_DiRusso Electric,0.0
cat__Developer_Derek Przybyla,0.0
cat__Developer_Denny's Electric Buildrs,0.0
cat__Developer_Demco New York Corp.,0.0
"cat__Developer_Delaware Engineering, D.P.C",0.0
cat__Developer_Deem Solar LLC,0.0
cat__Developer_Deborah Zarbo (Frey Electric),0.0
cat__Developer_Dean Fagan (NxtPhase Solar Energy),0.0
cat__Developer_Dean Fagan (NxtPhase Solar Energy (dba for DCF Ene,0.0
cat__Developer_Day Automation,0.0
cat__Developer_David Wagner (Cypress Creek),0.0
cat__Developer_David Tedeyan (Sungineer Solar),0.0
cat__Developer_Dragon Solar,0.0
"cat__Developer_Downstream Construction, LLC",0.0
cat__Developer_Downstream Construction,0.0
cat__Developer_Dow Electric Inc.,0.0
cat__Developer_Dow Chemical,0.0
cat__Developer_Dove Tail Solar and Wind,0.0
cat__Developer_Douglas  McLaren,0.0
cat__Developer_Doug Jarvis,0.0
cat__Developer_Dori Lockwood (Monolith Solar Assoc. LLC),0.0
cat__Developer_Dooley Electric,0.0
cat__Connection_Date_2015-06-23 00:00:00,0.0
cat__Developer_Doherty & Brush Electric/Revolution Solar,0.0
cat__Developer_Do-It-With Inc. (DBA UrbnDER),0.0
cat__Connection_Date_2015-06-20 00:00:00,0.0
cat__Developer_Divine Renewable Energy,0.0
"cat__Developer_Distributed Solar Operations, LLC",0.0
cat__Developer_EMES Solar INC,0.0
cat__Developer_EMES Solar,0.0
cat__Developer_ELP Ghent Solar,0.0
cat__Developer_ELEMENT ENERGY system,0.0
cat__Connection_Date_2021-11-20 00:00:00,0.0
"cat__Developer_EF NY CDG 11, LLC - Novis Renewables Holdings, LLC",0.0
cat__Developer_ECS Energy Ltd.,0.0
"cat__Developer_ECR Renovations, Inc",0.0
cat__Developer_ECR Renovations,0.0
cat__Developer_ECOVIS GROUP,0.0
cat__Developer_EBM Consulting,0.0
cat__Developer_E2/ECTA Inc.,0.0
cat__Developer_E-Vanhee Clean Energy,0.0
cat__Developer_Dwayne Daigle,0.0
"cat__Developer_Driscoll Sales Associates, DBA Boulevard Electric",0.0
cat__Connection_Date_2021-11-19 00:00:00,0.0
cat__Connection_Date_2005-12-07 00:00:00,0.0
cat__Connection_Date_2005-12-05 00:00:00,0.0
cat__Connection_Date_2005-12-03 00:00:00,0.0
cat__Connection_Date_2005-12-01 00:00:00,0.0
cat__Connection_Date_2005-11-29 00:00:00,0.0
cat__Connection_Date_2005-11-23 00:00:00,0.0
cat__Connection_Date_2005-11-18 00:00:00,0.0
cat__Connection_Date_2005-11-16 00:00:00,0.0
cat__Connection_Date_2005-11-15 00:00:00,0.0
cat__Connection_Date_2005-11-12 00:00:00,0.0
cat__Connection_Date_2005-11-11 00:00:00,0.0
cat__Connection_Date_2005-11-10 00:00:00,0.0
cat__Connection_Date_2005-11-08 00:00:00,0.0
cat__Connection_Date_2005-11-03 00:00:00,0.0
cat__Connection_Date_2005-11-01 00:00:00,0.0
cat__Connection_Date_2005-10-26 00:00:00,0.0
cat__Developer_Ed Hall,0.0
cat__Developer_Ecovis Inc.,0.0
cat__Developer_Ecovis Inc,0.0
cat__Developer_Ecosystem Energy Services USA_ Inc.,0.0
cat__Developer_Ecosystem Energy Services,0.0
cat__Developer_Ecosystem Energy,0.0
cat__Developer_Ecosystem,0.0
cat__Developer_EcoMen Solar,0.0
cat__Developer_Eastern Mountain Solar Corp.,0.0
cat__Developer_Eastern Correctional Napanoch NY Solar LLC (Ameres,0.0
cat__Developer_Earthsponse LLC,0.0
"cat__Developer_Earth, Wind and Solar",0.0
cat__Developer_ESI Power Corp,0.0
cat__Connection_Date_2021-11-18 00:00:00,0.0
cat__Developer_ERNEST PORTNER (Dynamic Energy),0.0
cat__Developer_EN-POWER GROUP,0.0
cat__Connection_Date_2021-11-16 00:00:00,0.0
"cat__Developer_Elie Schecter (C2 Energy Development, LLC)",0.0
cat__Developer_Element Energy systems,0.0
cat__Developer_Element Energy system,0.0
cat__Developer_Element Energy Systems,0.0
cat__Developer_Element Energy System,0.0
cat__Developer_Element Energy LLC,0.0
"cat__Developer_Electrical Connections of WNY, inc.",0.0
cat__Developer_Electricade LLC DBA Superior Solar USA,0.0
cat__Developer_Eldor,0.0
cat__Developer_Ehren Schneller,0.0
cat__Connection_Date_2021-12-13 00:00:00,0.0
cat__Developer_Edward Bortnick (Edward Bortnick),0.0
cat__Developer_Edison Electrical Contractor Corp,0.0
cat__Developer_Edge Design and Solar LLC,0.0
cat__Developer_Edge Design & Consulting,0.0
cat__Connection_Date_2005-10-10 00:00:00,0.0
cat__Connection_Date_2005-10-09 00:00:00,0.0
cat__Connection_Date_2005-10-05 00:00:00,0.0
cat__Connection_Date_2005-09-30 00:00:00,0.0
cat__Connection_Date_2005-09-28 00:00:00,0.0
cat__Connection_Date_2005-09-27 00:00:00,0.0
cat__Connection_Date_2005-09-22 00:00:00,0.0
cat__Connection_Date_2005-09-16 00:00:00,0.0
cat__Connection_Date_2005-09-15 00:00:00,0.0
cat__Connection_Date_2005-09-14 00:00:00,0.0
cat__Connection_Date_2005-09-09 00:00:00,0.0
cat__Connection_Date_2005-09-07 00:00:00,0.0
cat__Connection_Date_2005-09-01 00:00:00,0.0
cat__Connection_Date_2021-12-11 00:00:00,0.0
cat__Developer_Eliyahu,0.0
cat__Developer_Elite Electrical Contracting & Security Systems In,0.0
"cat__Developer_Empire Solar Solutions, LLC",0.0
cat__Developer_Empire Solar Solutiond,0.0
cat__Developer_Empire Solar Solution,0.0
cat__Developer_Empire Solar Soltuions,0.0
cat__Developer_Empire Solar NY,0.0
cat__Developer_Empire Solar,0.0
cat__Developer_Empire Design & Development,0.0
cat__Developer_Empire Clean Energy,0.0
cat__Developer_EmpPower Solar,0.0
"cat__Developer_Emmylou Edwards (Solar Liberty Energy Systems, Inc",0.0
cat__Developer_Emmylou Edwards (Skyline Solar Inc.),0.0
cat__Developer_Emmylou Edwards (Skyline Solar Inc),0.0
cat__Developer_Emmett Tenpas (Mayshark Builders),0.0
cat__Connection_Date_2005-10-25 00:00:00,0.0
cat__Connection_Date_2005-10-19 00:00:00,0.0
cat__Connection_Date_2005-10-12 00:00:00,0.0
cat__Developer_EnergyPro Insulation,0.0
cat__Developer_Energy by Choice_ LTD.,0.0
cat__Connection_Date_2021-12-04 00:00:00,0.0
cat__Developer_Energy Solution Performance,0.0
cat__Developer_Energy Management,0.0
cat__Developer_Energy Initiatives,0.0
cat__Developer_Energy Contracting Professional Service,0.0
cat__Developer_Energy 1 Systems,0.0
cat__Developer_Endless Mtn Solar Services,0.0
cat__Developer_Endless Mountain Solar Services,0.0
cat__Developer_Endless Mountain Solar,0.0
cat__Developer_Encon,0.0
cat__Developer_Empower Energies,0.0
cat__Connection_Date_2021-12-01 00:00:00,0.0
cat__Developer_Empire Solar Solututions,0.0
cat__Developer_Empire Solar Solutuions,0.0
cat__Developer_Evelar Solar,0.0
cat__Developer_Evan Esposito,0.0
cat__Developer_Evan Brent,0.0
cat__Developer_EthoSolar,0.0
cat__Developer_Ethan Brush (East west electric),0.0
cat__Developer_Ernie Pritchard (SunCommon),0.0
cat__Developer_Ernest Pritchard (SunCommon),0.0
cat__Developer_Erik Trujillo (Solar Spectrum LLC),0.0
cat__Developer_Erik Durka,0.0
cat__Developer_Eric Maskell (Natural Energy Solutions LLC),0.0
cat__Developer_Eric Durka,0.0
cat__Developer_Epergy LLC,0.0
cat__Developer_EnterSolar LLC,0.0
cat__Developer_Enter Solar,0.0
cat__Connection_Date_2021-11-26 00:00:00,0.0
cat__Developer_EnergyWise Partners,0.0
cat__Developer_Finney Solar (Cypress Creek Renewables LLC),0.0
"cat__Developer_Finlo, LLC",0.0
cat__Developer_Finlo Renewable Energy,0.0
cat__Developer_Fingerlakes Renewable,0.0
cat__Developer_Finger Lakes Solar Cooperative,0.0
cat__Developer_Finger Lakes Solar,0.0
"cat__Developer_Finger Lakes Renewable Energy, LLC",0.0
cat__Developer_Family Member,0.0
cat__Connection_Date_2021-11-23 00:00:00,0.0
cat__Developer_Facilities Solutions Group,0.0
cat__Developer_FPM group,0.0
cat__Connection_Date_2015-07-08 00:00:00,0.0
cat__Developer_Evolution energy,0.0
cat__Developer_Evolution Energy,0.0
cat__Developer_Evergreen Energy LLC,0.0
cat__Developer_Event Horizon Solar,0.0
cat__Connection_Date_2005-08-29 00:00:00,0.0
cat__Connection_Date_2005-08-26 00:00:00,0.0
cat__Connection_Date_2005-08-23 00:00:00,0.0
cat__Connection_Date_2005-08-22 00:00:00,0.0
cat__Connection_Date_2005-08-19 00:00:00,0.0
cat__Connection_Date_2005-08-05 00:00:00,0.0
cat__Connection_Date_2005-08-04 00:00:00,0.0
cat__Connection_Date_2005-08-03 00:00:00,0.0
cat__Connection_Date_2005-07-30 00:00:00,0.0
cat__Connection_Date_2005-07-28 00:00:00,0.0
cat__Connection_Date_2005-07-26 00:00:00,0.0
cat__Connection_Date_2005-07-19 00:00:00,0.0
cat__Connection_Date_2005-07-16 00:00:00,0.0
cat__Connection_Date_2005-07-15 00:00:00,0.0
cat__Connection_Date_2015-06-15 00:00:00,0.0
cat__Developer_Fisher Electrical Contractor LLC,0.0
cat__Developer_GAF Solar,0.0
cat__Developer_GAF Energy,0.0
cat__Developer_Frey Electric - Deborah Zarbo,0.0
"cat__Developer_Freedom Solar, LLC",0.0
cat__Connection_Date_2015-06-13 00:00:00,0.0
cat__Developer_Freedom Solar,0.0
cat__Developer_Franzoso Energy Solutions,0.0
cat__Developer_Frankie Leo (PlugPV),0.0
cat__Developer_Frank DeMario (Frank DeMario),0.0
cat__Developer_Francis Feng (Francis Feng),0.0
cat__Developer_Fourth Coast,0.0
"cat__Developer_Four Winds Renewable Energy, LLC",0.0
cat__Developer_Four Winds Renewable Energy,0.0
cat__Developer_Four Seasons Roofing,0.0
cat__Connection_Date_2005-08-31 00:00:00,0.0
cat__Connection_Date_2005-08-30 00:00:00,0.0
cat__Developer_Generate,0.0
"cat__Developer_GenPro Energy Solutions, LLC",0.0
cat__Developer_Gehrlicher Solar America Corp,0.0
cat__Connection_Date_2015-06-12 00:00:00,0.0
cat__Developer_Gardner Engineering Alternative Energy,0.0
cat__Developer_Gar Trusselle (Suburban Electric),0.0
"cat__Developer_GSPP County Route 31, LLC",0.0
"cat__Developer_GSPP 7024 Fox Rd, LLCp LLC",0.0
cat__Developer_GSA Electric Corp.,0.0
cat__Developer_GRID Alternatives Tri-State,0.0
cat__Developer_GRID Alternatives,0.0
"cat__Developer_GRID ALTERNATIVES TRI-STATE, INC",0.0
"cat__Developer_GO SOLAR, LLC",0.0
cat__Developer_GEM Energy,0.0
cat__Developer_GE,0.0
cat__Developer_GAF Solar formerly Earthsponse,0.0
cat__Developer_Gilbert Knapp,0.0
cat__Developer_Gilbert Diaz (Solar City),0.0
cat__Developer_Gilbert Diaz (Solar City DBA Tesla),0.0
cat__Developer_Ghessolar,0.0
cat__Developer_GetSolarSolutions,0.0
cat__Developer_Geotherm,0.0
cat__Developer_George W Fudge,0.0
"cat__Developer_George J Martin & Sons, Inc.",0.0
cat__Developer_George J Martin & Sons Inc.,0.0
cat__Developer_George Benzion van Arnold (Renewable Rochester),0.0
cat__Developer_George Benzion van Arnold (Alternative Carbon Ener,0.0
cat__Connection_Date_2015-06-08 00:00:00,0.0
cat__Developer_Geoff Johnson (Cypress Creek Renewables LLC),0.0
"cat__Developer_GeoLogic NY, Inc.",0.0
"cat__Developer_Geo of Camden, LLC dba Solar Universe Camden",0.0
cat__Connection_Date_2015-06-06 00:00:00,0.0
cat__Developer_Go Solar Off Grid,0.0
cat__Developer_Go Solar Led,0.0
cat__Developer_Go Solar LED,0.0
cat__Developer_Go Solar Grid Tie Systems,0.0
cat__Developer_Go Solar Green NY,0.0
cat__Developer_Go GreenSolar,0.0
cat__Developer_Go Green leaf solar,0.0
cat__Developer_Go Green Solar,0.0
"cat__Developer_Global Solar Center, LLC DBA Samba Energy",0.0
cat__Developer_Global Resource Options,0.0
cat__Developer_Global Green Energy,0.0
cat__Developer_Glide Sun,0.0
cat__Developer_Glenn Steed (Steed Energy),0.0
cat__Developer_Glenn Steed,0.0
cat__Developer_Ginny Weaver (Rural Generation and Wind),0.0
cat__Developer_Gina Marie Cicero <gcicero@sunation.com>,0.0
cat__Connection_Date_2015-06-04 00:00:00,0.0
"cat__Developer_Great Brook Solar NRG, LLC",0.0
cat__Developer_Great Brook Solar NRG LLC,0.0
cat__Developer_Great Brook Solar,0.0
cat__Developer_Great Brook Enterprises,0.0
cat__Developer_Gre New York TGT LLC,0.0
cat__Developer_Grayson Ball (SunCommon),0.0
cat__Developer_Graves Brothers,0.0
cat__Developer_Grandview Electric,0.0
"cat__Developer_Gould Erectors & Riggers, Inc.",0.0
cat__Developer_Gould Erectors,0.0
"cat__Developer_Gottschalk Solutions, LLC",0.0
cat__Developer_Gottschalk Solutions,0.0
cat__Developer_Go green solar,0.0
cat__Developer_Go green Leaf solar,0.0
cat__Developer_Go green Leaf Solar,0.0
cat__Connection_Date_2005-07-11 00:00:00,0.0
cat__Connection_Date_2005-07-06 00:00:00,0.0
cat__Connection_Date_2005-07-01 00:00:00,0.0
cat__Connection_Date_2005-06-24 00:00:00,0.0
cat__Connection_Date_2005-06-23 00:00:00,0.0
cat__Connection_Date_2005-06-22 00:00:00,0.0
cat__Connection_Date_2005-06-21 00:00:00,0.0
cat__Connection_Date_2005-06-20 00:00:00,0.0
cat__Connection_Date_2005-06-16 00:00:00,0.0
cat__Connection_Date_2005-06-15 00:00:00,0.0
cat__Connection_Date_2005-06-08 00:00:00,0.0
cat__Connection_Date_2005-06-04 00:00:00,0.0
cat__Connection_Date_2005-06-03 00:00:00,0.0
cat__Connection_Date_2005-06-02 00:00:00,0.0
cat__Developer_Green Building Solutions,0.0
cat__Developer_Green Audit USA,0.0
"cat__Developer_Green Volt Solutions, LLC",0.0
cat__Developer_Green Visions Solar,0.0
cat__Developer_Green Vision Solar,0.0
cat__Developer_Green Skies Renewable Energy LLC,0.0
cat__Developer_Green Power Solutions,0.0
cat__Developer_Green Power Developers LLC,0.0
cat__Developer_Green Planet Construction,0.0
cat__Developer_Green Living CNY,0.0
cat__Developer_Green Lancer,0.0
cat__Developer_Green Hybrid Energy Solutions Inc.,0.0
cat__Developer_Green Hybrid Energy Solutions,0.0
cat__Connection_Date_2015-06-03 00:00:00,0.0
cat__Developer_Green Hybrid Energy  Solar,0.0
cat__Developer_Green Energy Systems,0.0
cat__Connection_Date_2005-07-14 00:00:00,0.0
cat__Connection_Date_2005-07-13 00:00:00,0.0
cat__Developer_Grid Alternatives,0.0
"cat__Developer_Greta Passeri (Hudson Valley Wind & Solar, LLC)",0.0
cat__Developer_Greg Morehouse (Trinity Solar),0.0
cat__Developer_Greg Hering (NB Development LLC),0.0
cat__Developer_Greg Hering (ClearPath Energy),0.0
cat__Developer_Greg Grodem,0.0
"cat__Developer_Greenpoint Solar and Electrical, Inc.",0.0
cat__Developer_Greene Correctional Coxsackie NY Solar LLC (Ameres,0.0
cat__Developer_GreenSpark,0.0
cat__Developer_GreenPower Developers LLC,0.0
cat__Connection_Date_2021-12-31 00:00:00,0.0
cat__Developer_GreenBeingSolar,0.0
cat__Developer_Green lancer,0.0
cat__Developer_Green in Greene,0.0
"cat__Developer_Green go home remodeling, inc",0.0
cat__Developer_Green Water and Power NYC Electrical LLC,0.0
cat__Connection_Date_2005-05-27 00:00:00,0.0
cat__Connection_Date_2005-05-17 00:00:00,0.0
cat__Connection_Date_2005-05-16 00:00:00,0.0
cat__Connection_Date_2021-12-29 00:00:00,0.0
cat__Connection_Date_2005-05-10 00:00:00,0.0
cat__Connection_Date_2005-05-06 00:00:00,0.0
cat__Connection_Date_2005-05-05 00:00:00,0.0
cat__Connection_Date_2005-05-04 00:00:00,0.0
cat__Connection_Date_2005-04-28 00:00:00,0.0
cat__Connection_Date_2005-04-26 00:00:00,0.0
cat__Connection_Date_2005-04-22 00:00:00,0.0
cat__Connection_Date_2005-04-21 00:00:00,0.0
cat__Connection_Date_2005-04-18 00:00:00,0.0
cat__Connection_Date_2005-04-15 00:00:00,0.0
cat__Connection_Date_2021-12-27 00:00:00,0.0
cat__Connection_Date_2021-12-26 00:00:00,0.0
cat__Developer_Halco,0.0
"cat__Developer_HV Wind Energy, LLC",0.0
cat__Developer_HV Wind Energy LLC,0.0
cat__Developer_HUDSON SOLAR,0.0
cat__Developer_HSI Solar,0.0
cat__Developer_HOME SOLAR,0.0
cat__Developer_HLD Solar,0.0
cat__Developer_HESP SOLAR,0.0
cat__Developer_HELIO RENEWABLE SOLUTIONS,0.0
cat__Developer_HARVEST POWER LLC,0.0
cat__Developer_HALCO Energy,0.0
cat__Developer_HALCO ENERGY,0.0
cat__Developer_Griffith Consulting Solar,0.0
cat__Developer_Griffith Consulting Services LLC,0.0
cat__Connection_Date_2005-06-01 00:00:00,0.0
cat__Connection_Date_2005-05-31 00:00:00,0.0
cat__Developer_Helios Energy Systems,0.0
cat__Connection_Date_2021-12-24 00:00:00,0.0
cat__Developer_Healthy Home Energy and Consulting,0.0
"cat__Developer_Healthy Home Energy & Consulting, Inc.",0.0
cat__Developer_Hayes Electric,0.0
cat__Connection_Date_2021-12-18 00:00:00,0.0
cat__Developer_Harvest,0.0
cat__Developer_Harry Roth (Mike),0.0
cat__Developer_Harragin Water Conditioning,0.0
"cat__Developer_Harold R. Clune, Inc.",0.0
cat__Developer_Harbor Light Electric,0.0
"cat__Developer_Hannah-Jane Kellogg (Tesla Energy Operations, Inc)",0.0
cat__Developer_Hannah-Jane Kellogg (SolarCity dba Tesla Energy Op,0.0
cat__Developer_Hannah-Jane Kellogg (Solar City DBA Tesla Energy),0.0
cat__Developer_Halco Plumbing & Heating,0.0
cat__Connection_Date_2021-12-17 00:00:00,0.0
cat__Developer_Hudson River Solar,0.0
cat__Developer_Hudson River Renewables LLC,0.0
cat__Developer_Hudson River Renewables (Hudson River Renewables),0.0
cat__Developer_Hudson River Renewables,0.0
cat__Developer_Horizon-Solar LLC,0.0
cat__Connection_Date_2022-01-21 00:00:00,0.0
cat__Developer_Homeowner,0.0
cat__Developer_Home Star Solar,0.0
cat__Developer_Home Quest Improvement,0.0
cat__Developer_Home Heating Headquarters,0.0
cat__Connection_Date_2022-01-19 00:00:00,0.0
cat__Connection_Date_2022-01-17 00:00:00,0.0
cat__Developer_Highpeaks Solar,0.0
"cat__Developer_High Peaks Solar, LLC",0.0
cat__Developer_High Peaks Solar,0.0
cat__Developer_HeliotechNYC,0.0
cat__Developer_INTEGRITY SOLAR SOLUTIONS,0.0
cat__Developer_INFINITY SOLAR SYSTEMS,0.0
cat__Developer_Hytech solar,0.0
cat__Connection_Date_2022-01-14 00:00:00,0.0
cat__Developer_Hytech Solar,0.0
cat__Developer_Hytech,0.0
cat__Developer_Hunter Electric Inc.,0.0
cat__Developer_Hughesco of Buffalo,0.0
cat__Developer_Huen Electric,0.0
cat__Developer_Hudson Valley wind & Solar LLC,0.0
"cat__Developer_Hudson Valley Wind Energy, LLC",0.0
"cat__Developer_Hudson Valley Wind & Solar, LLC",0.0
cat__Developer_Hudson Valley Wind & Solar LLc,0.0
cat__Developer_Hudson Valley Wind & Solar LLC,0.0
"cat__Developer_Hudson Valley Clean Energy, Inc.",0.0
cat__Developer_Hudson VAlley Wind & Solar LLC,0.0
cat__Connection_Date_2022-01-12 00:00:00,0.0
cat__Developer_Inverters Unlimited Inc,0.0
cat__Developer_Intelligent Green Solutions LLC,0.0
cat__Developer_Intelligent Green Solutions,0.0
cat__Developer_Integrity Solar Solutions,0.0
cat__Developer_Inovateus Solar,0.0
cat__Connection_Date_2022-01-08 00:00:00,0.0
cat__Connection_Date_2022-01-07 00:00:00,0.0
cat__Developer_Indent Builders,0.0
cat__Developer_In House Group,0.0
cat__Developer_Impact Environmental,0.0
cat__Developer_ISI Solar,0.0
cat__Developer_ISAAC Home Engery,0.0
cat__Developer_IPPsolar LLC,0.0
cat__Developer_IPP Solar LLC,0.0
cat__Developer_INVICTUS ELECTRICAL LLC,0.0
cat__Developer_J Synergy Green,0.0
cat__Developer_J SYNERGY GREEN_ INC,0.0
cat__Developer_J SYNERGY GREEN,0.0
cat__Developer_J Hubler Solar,0.0
cat__Developer_IslandWide Energy LLC.,0.0
cat__Developer_Island wide energy,0.0
cat__Developer_Island Wide energy,0.0
cat__Developer_Island Wide Energy,0.0
"cat__Developer_Island Solar Energy, LLC",0.0
cat__Developer_Island Solar Energy LLC,0.0
cat__Developer_Island Solar,0.0
cat__Developer_Island Electric,0.0
cat__Developer_Isaac Home Energy,0.0
cat__Developer_Isaac HVAC,0.0
cat__Developer_Ireneusz Kozanecki,0.0
cat__Developer_Invictus Electrical,0.0
cat__Developer_James Ammon (ADK Solar),0.0
cat__Developer_Jamal Batar (DSD Renewables),0.0
cat__Developer_Jacqi Anderson (Hudson Solar),0.0
cat__Developer_Jacob Longhany (SunCommon),0.0
cat__Developer_Jacob Longhany (GreenSpark Solar),0.0
cat__Developer_Jack Snyder (Crest Solar LLC),0.0
cat__Developer_Jack Sandezer,0.0
cat__Developer_JOHM MILLS ELECTRIC,0.0
cat__Developer_JL Services Inc.,0.0
cat__Developer_JESSE COOK (Geotherm Inc.),0.0
cat__Developer_JC Home Remodeling,0.0
cat__Developer_JBI Solar,0.0
cat__Developer_JAY DIDAS (Fusion Energy Services),0.0
cat__Connection_Date_2015-06-19 00:00:00,0.0
cat__Developer_J synergy Green,0.0
"cat__Developer_J Synergy Green, Inc.",0.0
cat__Connection_Date_2005-04-01 00:00:00,0.0
cat__Connection_Date_2005-03-31 00:00:00,0.0
cat__Connection_Date_2005-03-17 00:00:00,0.0
cat__Connection_Date_2005-03-16 00:00:00,0.0
cat__Connection_Date_2015-06-17 00:00:00,0.0
cat__Connection_Date_2005-03-09 00:00:00,0.0
cat__Connection_Date_2005-03-08 00:00:00,0.0
cat__Connection_Date_2005-02-23 00:00:00,0.0
cat__Connection_Date_2005-01-25 00:00:00,0.0
cat__Connection_Date_2005-01-21 00:00:00,0.0
cat__Connection_Date_2005-01-19 00:00:00,0.0
cat__Connection_Date_2005-01-18 00:00:00,0.0
cat__Connection_Date_2005-01-17 00:00:00,0.0
cat__Connection_Date_2005-01-12 00:00:00,0.0
cat__Connection_Date_2005-01-11 00:00:00,0.0
cat__Connection_Date_2005-01-10 00:00:00,0.0
cat__Developer_Jason Tayler (J&A Electrical Construction LLC),0.0
cat__Developer_Jason Iahn (Lighthouse Solar),0.0
cat__Connection_Date_2015-06-16 00:00:00,0.0
cat__Developer_Jane Pierno,0.0
cat__Developer_Jamison Corallo (Viking Solar),0.0
cat__Developer_Jamison Corallo (Viking Solar Inc),0.0
cat__Developer_James Terrance (Red Sky Energy Consulting),0.0
cat__Developer_James T. Burdick,0.0
cat__Connection_Date_2022-02-10 00:00:00,0.0
cat__Developer_James Preece (Helio Energy),0.0
cat__Developer_James LoSapio (James Losapio),0.0
cat__Developer_James Dixon (CE Clean Energy Buisness),0.0
cat__Developer_James Catillaz (Green Mountain Electric Supply),0.0
cat__Connection_Date_2022-02-09 00:00:00,0.0
cat__Developer_James Bishop,0.0
cat__Developer_James Bedrin (Renovus Solar),0.0
cat__Developer_Jeremy Housley (Solcius),0.0
cat__Developer_Jeremy Hill,0.0
cat__Developer_Jennifer Boots (Solar City DBA Tesla Energy),0.0
cat__Developer_Jenn Hall (Moxie Solar),0.0
cat__Developer_Jen Hoeffner (Monolith Solar LLC),0.0
cat__Developer_Jeffrey Staskiewicz,0.0
cat__Developer_Jeffrey Shenk (jeffrey Shenk),0.0
cat__Developer_Jeffrey Schiek (Finger Lakes Power Systems),0.0
cat__Developer_Jeffrey Jankiewicz (Upstate Solar Solutions),0.0
"cat__Developer_Jeffrey Jankiewicz (Next Generation Solar, LLC)",0.0
cat__Developer_Jeff Schiek (Finger Lakes Power Systems),0.0
cat__Developer_Jeff Kilmer (Centrica Business Solutions Services),0.0
cat__Developer_Jason tyler (J&A Electrical Construction LLC),0.0
cat__Developer_Jason ng_ja_electric@outlook.com (J&A Electrical C,0.0
cat__Connection_Date_2022-02-08 00:00:00,0.0
cat__Connection_Date_2022-02-07 00:00:00,0.0
cat__Developer_Joe Fiori (Nexamp),0.0
"cat__Developer_Joe Clement (OConnell Electric Company, Inc.)",0.0
cat__Developer_Jimmy Solar,0.0
cat__Connection_Date_2022-02-05 00:00:00,0.0
cat__Connection_Date_2022-02-04 00:00:00,0.0
cat__Developer_Jillian LeFevre (Kasselman Solar),0.0
"cat__Developer_Jillian Augustyn (Solar Liberty Energy Systems, In",0.0
cat__Developer_Jill Duffy,0.0
cat__Developer_Jessica Schlosser (Geotherm),0.0
cat__Developer_Jessica Schlosser (Geotherm Inc.),0.0
cat__Developer_Jesse Symonds (DOWNSTREAM CONSTRUCTION),0.0
cat__Developer_Jesse Cook (Geotherm),0.0
cat__Developer_Jesse Cook (Geotherm Inc.),0.0
cat__Developer_Jess Veldman (Solar City),0.0
cat__Developer_Jeremy Wyble (Wyble),0.0
cat__Developer_Jeremy Smith (CDTA),0.0
cat__Developer_Jonathan Russo (Jonathan Russo),0.0
cat__Developer_Jon-Paul Vanier (Max Solar Inc),0.0
cat__Developer_Jon Saulsgiver,0.0
cat__Developer_John Scalpi,0.0
cat__Developer_John Przestrzelski,0.0
cat__Developer_John Mills Electric,0.0
cat__Developer_John Gailey (Solcius),0.0
cat__Developer_John E Coval,0.0
cat__Connection_Date_2022-02-01 00:00:00,0.0
cat__Developer_John Bosner,0.0
cat__Developer_John Boser (John Boser),0.0
cat__Developer_Joel Reber (CitySolar),0.0
cat__Developer_Joe Vetter <jvetter@hytechsolar.com>,0.0
cat__Developer_Joe Shoram (GreenSpark Solar),0.0
cat__Developer_Joe Murabito (Property Owner),0.0
cat__Developer_Joe Marino,0.0
cat__Developer_Jospeh Lonsky,0.0
cat__Developer_Joshua Manor,0.0
cat__Developer_Joshua Gillibaard (TM MONTANTE SOLAR DEVELOPMENT L,0.0
cat__Developer_Joshua Brown,0.0
cat__Developer_Josh katz (Onyx Development Grou),0.0
cat__Developer_Josh Katz (Onyx Development Grou),0.0
cat__Developer_Joseph Shoram (GreenSpark Solar),0.0
cat__Developer_Joseph Rebis (GreenSpark Solar),0.0
cat__Developer_Joseph Paciorkowski,0.0
cat__Developer_Joseph Fiori (Nexamp),0.0
cat__Developer_Joris Hay (Abundant Solar Power Inc.),0.0
cat__Developer_Jordana jusidman (groSolar),0.0
cat__Developer_Jordan Yax (CIR Electrical Construction Corp),0.0
cat__Developer_Jordan Cialone (CIR Electrical Construction Corp),0.0
cat__Developer_Jordan Borchert (Helio Energy),0.0
cat__Developer_Jonathan Vilagy (Jonathan Vilagy),0.0
cat__Developer_KIRSHOFF GREEN ENERGY,0.0
"cat__Developer_KG Solar & Renewable Energy, LLC",0.0
cat__Developer_KEVIN BAILEY,0.0
cat__Developer_KASSELMAN SOLAR,0.0
cat__Developer_Justine dobert (Apex Solar),0.0
cat__Developer_Justine Dobert (Apex Solar),0.0
cat__Developer_Justine Dobert (Apex Solar Power LLC),0.0
cat__Developer_Justin Williams (Justin),0.0
cat__Developer_Justin Williams (CNY Solar LLC),0.0
cat__Developer_Justin Krogue (Summit Energy Group),0.0
cat__Developer_Justin Bonds (Tesla Energy Operation Inc),0.0
cat__Developer_Julia Adams,0.0
cat__Developer_Juan Quinones (SunDog Solar),0.0
cat__Developer_Joy Calebaugh (High Peaks Solar),0.0
cat__Developer_Joy Calebaugh (Greenlancer),0.0
cat__Developer_Joy Calebaugh (Go Green Solar),0.0
"cat__Developer_Kathy Maine (Maine Technical Services, Inc)",0.0
cat__Developer_Kathleen Cooke (ETM Solar Works),0.0
cat__Developer_Kathleen Connolly (Sustainable Energy Developments,0.0
cat__Developer_Kate Millar (Renovus Solar),0.0
cat__Connection_Date_2022-01-28 00:00:00,0.0
cat__Connection_Date_2022-01-27 00:00:00,0.0
cat__Connection_Date_2022-01-24 00:00:00,0.0
cat__Developer_Kamtech Solar,0.0
cat__Developer_KamTech Solar,0.0
cat__Developer_Kam tech solar,0.0
cat__Developer_Kam tech Solar,0.0
cat__Developer_Kam Tech Solar,0.0
cat__Developer_Kalex Energo Copmpany,0.0
cat__Connection_Date_2022-01-23 00:00:00,0.0
cat__Developer_KPS Solar/ Horizons Electric,0.0
cat__Connection_Date_2022-01-22 00:00:00,0.0
cat__Connection_Date_2004-12-27 00:00:00,0.0
cat__Connection_Date_2004-12-23 00:00:00,0.0
cat__Connection_Date_2004-12-22 00:00:00,0.0
cat__Connection_Date_2004-12-20 00:00:00,0.0
cat__Connection_Date_2004-12-17 00:00:00,0.0
cat__Connection_Date_2004-12-16 00:00:00,0.0
cat__Connection_Date_2022-03-10 00:00:00,0.0
cat__Connection_Date_2004-12-10 00:00:00,0.0
cat__Connection_Date_2004-12-09 00:00:00,0.0
cat__Connection_Date_2004-12-08 00:00:00,0.0
cat__Connection_Date_2004-12-07 00:00:00,0.0
cat__Connection_Date_2004-12-06 00:00:00,0.0
cat__Connection_Date_2004-12-04 00:00:00,0.0
cat__Connection_Date_2004-11-30 00:00:00,0.0
cat__Connection_Date_2004-11-24 00:00:00,0.0
cat__Developer_Katie Jablonicky (Solar Liberty Energy Systems Inc,0.0
cat__Developer_Kerry Lipp (SunCommon),0.0
cat__Developer_Kerry Lipp (Lipp Electric and Solar),0.0
cat__Developer_Kerry E Lipp,0.0
cat__Developer_Kelsey Crane (ForeFront Power),0.0
cat__Developer_Kelly Barton,0.0
cat__Developer_Kellogg Communications,0.0
cat__Connection_Date_2022-03-08 00:00:00,0.0
cat__Developer_Kelli Wilson (Buffalo Solar),0.0
cat__Developer_Kelli Wilson (Buffalo Solar Solutions),0.0
cat__Connection_Date_2022-03-07 00:00:00,0.0
cat__Developer_Keely McCoy (Solar Roof Dynamics),0.0
cat__Developer_Kayti Curtis (Cypress Creek Renewables LLC),0.0
"cat__Developer_Kayla Flood (Solar Liberty Energy Systems, Inc.)",0.0
"cat__Developer_Katie Soscia (Solar Liberty Energy Systems, Inc.)",0.0
"cat__Developer_Katie Jablonicky (Solar Liberty Energy Systems, In",0.0
cat__Connection_Date_2005-01-07 00:00:00,0.0
cat__Connection_Date_2022-03-05 00:00:00,0.0
cat__Developer_Kimco Painting and Construction,0.0
cat__Developer_Kim McAllister (Moxie Solar),0.0
cat__Developer_Kevin Rabbitt (River Valley Solar LLC),0.0
cat__Developer_Kevin Rabbitt (Bright Oak Solar LLC),0.0
cat__Developer_Kevin Pilcher (SunCommon),0.0
"cat__Developer_Kevin Paras (Tesla Energy Operations, Inc.)",0.0
cat__Developer_Kevin Paras (Solar City),0.0
cat__Developer_Kevin Paras (Solar City DBA Tesla Energy),0.0
cat__Developer_Kevin Nickels (Vice President),0.0
cat__Developer_Kevin Maloney,0.0
cat__Developer_Kevin Lauper,0.0
cat__Developer_Kevin Kulp (Sweeney),0.0
cat__Developer_Kevin Duarte (GAF Energy),0.0
cat__Developer_Kevin Bailey,0.0
cat__Developer_Kerry O'Connor (SunCommon),0.0
"cat__Developer_Lane Young (OConnell Electric Company, Inc.)",0.0
cat__Developer_Lance Michel,0.0
cat__Developer_Lance Durham (PlugPV),0.0
cat__Developer_Lance Bradstreet (NA),0.0
"cat__Developer_Lampross Solar, LLC",0.0
"cat__Developer_Lampros Solar, LLC",0.0
cat__Developer_Lambie Electric_ Inc.,0.0
"cat__Developer_LaBella Associates, DPC",0.0
cat__Developer_Kylie Pugh (GAF Energy),0.0
"cat__Developer_Kyle Wojewoda (Visionary Solar Group, LLC)",0.0
cat__Developer_Kyle Montag (Lotus Energy Inc.),0.0
"cat__Developer_Kurt Losel (Solar Liberty Energy Systems, Inc.)",0.0
cat__Developer_Kool-Temp,0.0
cat__Developer_Kool Temp Heating & Cooling Inc,0.0
cat__Developer_Kirk Golden Ecovis Inc,0.0
cat__Developer_Kirk Golden (Ecovis Inc.),0.0
cat__Developer_Leo J Roth,0.0
cat__Developer_Leisure Tech LLC,0.0
cat__Developer_Legacy Construction LLC,0.0
cat__Developer_Lee Smith (American Solar Partners),0.0
cat__Developer_Leah Miller (Solar City),0.0
cat__Developer_Lea Springstead (SunCommon),0.0
cat__Connection_Date_2022-03-03 00:00:00,0.0
cat__Developer_Lawman Heating and Cooling,0.0
cat__Developer_Laura matthews (Collegiate Builders),0.0
cat__Developer_Laura Matthews (Collegiate Builders),0.0
cat__Developer_Laura Furmanek (Freedom Solar LLC),0.0
"cat__Developer_LastMile Energy, LLC",0.0
cat__Developer_Larsen Engineers,0.0
cat__Developer_Larry Andrews (upstate alternative energy),0.0
cat__Connection_Date_2022-02-28 00:00:00,0.0
cat__Developer_Lanham and Assoicates LLC,0.0
cat__Developer_Long Island Power solutions,0.0
cat__Developer_Long Island Power,0.0
cat__Developer_LiveSolar on behalf of EnergyPro Insulation,0.0
cat__Developer_Litchfield Hills Solar,0.0
cat__Developer_Lipp Electric & Solar,0.0
"cat__Developer_Linda Brienza (Triangle Electrical Systems, Inc)",0.0
cat__Developer_Light House Solar,0.0
cat__Developer_Light House Energy,0.0
cat__Developer_Life Covenant Church Inc,0.0
cat__Developer_Liberty Renovation,0.0
cat__Developer_Leviathan Solar INC`,0.0
cat__Developer_Levest Electric Corp,0.0
cat__Developer_Level Solar Inc./Sunrun Inc,0.0
cat__Developer_Level Solar Inc.,0.0
cat__Developer_Leslie Kerling (CIR Electrical Construction Corp.),0.0
cat__Developer_Leslie Kerling (CIR Electrical Construction Corp),0.0
cat__Developer_Lyndsey Mavissakalian (Solar Liberty),0.0
cat__Connection_Date_2022-02-22 00:00:00,0.0
cat__Developer_Lucas Alvord (Active Solar Development),0.0
cat__Developer_Louth Callan Renewables,0.0
cat__Developer_Lotus Solar,0.0
cat__Developer_Lotus Energy Inc.,0.0
cat__Developer_Lotus Energy Inc,0.0
cat__Connection_Date_2022-02-21 00:00:00,0.0
cat__Developer_Loring Consulting Engineers Inc,0.0
cat__Developer_Lorich Construction Management,0.0
cat__Connection_Date_2022-02-19 00:00:00,0.0
cat__Developer_Long island power,0.0
cat__Developer_Long island Power Solutions,0.0
cat__Developer_Long Island solar Solution,0.0
cat__Developer_Long Island power solutions,0.0
cat__Connection_Date_2022-02-17 00:00:00,0.0
cat__Developer_Marc Porret,0.0
"cat__Developer_Mannino Electric, Inc. / Incline Solar",0.0
"cat__Developer_Mannino Electric, Inc.",0.0
cat__Developer_Mannino Electric,0.0
cat__Developer_Malcarne Contracting,0.0
cat__Connection_Date_2022-02-16 00:00:00,0.0
cat__Developer_Madelin Munoz (American Solar Partners),0.0
cat__Developer_MN8 Energy LLC,0.0
cat__Developer_MIKES ELECTRIC,0.0
cat__Developer_MEO Electric Corp,0.0
cat__Developer_MELINKCORP,0.0
cat__Developer_MBI,0.0
"cat__Developer_MAURA HEWISON (Kasselman Solar, LLC)",0.0
cat__Developer_MAURA HEWISON (KASSELMAN SOLAR@),0.0
cat__Developer_MAINE TECHNICAL SERVICES INC,0.0
cat__Developer_Lynn McKinlay (Solar Liberty),0.0
cat__Developer_Martins Electrical LLC,0.0
cat__Developer_Martha Dahl (PlugPV),0.0
"cat__Developer_Marlene Lederman Allen (Same Sun of Vermont, Inc.)",0.0
cat__Connection_Date_2015-06-01 00:00:00,0.0
cat__Developer_Mark Volcko (Freedom Solar),0.0
cat__Connection_Date_2015-05-31 00:00:00,0.0
cat__Connection_Date_2015-05-29 00:00:00,0.0
cat__Developer_Mark French (Next Generation Solar),0.0
cat__Developer_Mark Beckwith,0.0
cat__Developer_Mario Titolo (Convergent Energy & Power),0.0
cat__Developer_Margaret Coon,0.0
cat__Developer_Marcos Velazquez (Seed Engineering and Solar),0.0
cat__Connection_Date_2015-05-27 00:00:00,0.0
cat__Developer_Marcor Construction Solar Installations,0.0
cat__Developer_Marcor Construction,0.0
cat__Developer_Marcel Electric,0.0
cat__Developer_Michael GWiliam,0.0
cat__Developer_Michael Cucchiara (Nexamp),0.0
cat__Developer_Michael Cucchiara (Nexamp Solar LLC),0.0
"cat__Developer_Michael Baldino (Dragon Solar, LLC)",0.0
cat__Developer_Micah GoldMarkel,0.0
cat__Developer_Mesa Environmental Sciences,0.0
cat__Developer_Melanie Hamilton,0.0
cat__Developer_Medco Electric Inc.,0.0
"cat__Developer_Maybrook Solar, LLC",0.0
cat__Developer_Max Solar Inc,0.0
"cat__Developer_Maura Hewison (Kasselman Solar, LLC)",0.0
cat__Developer_Maura HEWISON (KASSELMAN SOLAR),0.0
"cat__Developer_Mauea Hewison (Kasselman Solar, LLC)",0.0
cat__Developer_Matthew Eisenhauer (GreenSpark),0.0
cat__Developer_Matthew Eisenhauer (GreenSpark Solar),0.0
cat__Connection_Date_2015-05-26 00:00:00,0.0
cat__Connection_Date_2004-11-18 00:00:00,0.0
cat__Connection_Date_2004-11-17 00:00:00,0.0
cat__Connection_Date_2004-11-11 00:00:00,0.0
cat__Connection_Date_2004-11-05 00:00:00,0.0
cat__Connection_Date_2004-11-04 00:00:00,0.0
cat__Connection_Date_2004-11-03 00:00:00,0.0
cat__Connection_Date_2004-10-29 00:00:00,0.0
cat__Connection_Date_2004-10-26 00:00:00,0.0
cat__Connection_Date_2004-10-23 00:00:00,0.0
cat__Connection_Date_2004-10-20 00:00:00,0.0
cat__Connection_Date_2004-10-16 00:00:00,0.0
cat__Connection_Date_2004-10-15 00:00:00,0.0
cat__Connection_Date_2004-10-14 00:00:00,0.0
cat__Connection_Date_2004-10-05 00:00:00,0.0
cat__Connection_Date_2004-10-04 00:00:00,0.0
cat__Connection_Date_2004-09-24 00:00:00,0.0
cat__Developer_Mission Energy LLC,0.0
cat__Developer_Mission Energy,0.0
cat__Developer_Mikhail Grigoryants (Mikhail Grigoryants),0.0
"cat__Developer_Mike Watson (Kasselman Solar, LLC)",0.0
cat__Developer_Mike Veeder (Kool-Temp),0.0
cat__Developer_Mike Rudy (Alternative Power Solutions of NY),0.0
"cat__Developer_Mike Prinzi (Solar Liberty Energy Systems, Inc.)",0.0
cat__Developer_Mike Howell (C2 Energy Capital),0.0
cat__Connection_Date_2015-05-25 00:00:00,0.0
cat__Developer_Michael Roach (RER Energy GroupRER Energy Group LL,0.0
cat__Developer_Michael Roach (RER Energy Group LLC),0.0
cat__Developer_Michael Prinzi (Solar Liberty),0.0
"cat__Developer_Michael Murphy (CNY Green Living, Inc)",0.0
cat__Connection_Date_2015-05-24 00:00:00,0.0
cat__Connection_Date_2015-05-23 00:00:00,0.0
cat__Developer_Michael Kennedy (Citizens Energy Corporation),0.0
cat__Developer_Monolith Solar,0.0
"cat__Developer_Monica Michareune (SoCore Energy LLC ""ENGIE Distri",0.0
cat__Connection_Date_2015-05-22 00:00:00,0.0
cat__Connection_Date_2015-05-21 00:00:00,0.0
"cat__Developer_Momentum Solar, LLC",0.0
cat__Developer_Momentum Solar,0.0
cat__Developer_Momentum,0.0
cat__Connection_Date_2015-05-19 00:00:00,0.0
cat__Developer_Moheshwar Chandarpal,0.0
cat__Developer_Modern Solar,0.0
cat__Developer_Mithun Vyas (OYA Great Lakes Seaway LLC),0.0
cat__Developer_Mithun Vyas (OYA Blanchard Road LLC),0.0
"cat__Developer_Mithun Vyas (Nextera Energy Resources, LLC)",0.0
"cat__Developer_Mithun Vyas (DG Northeast 1, LLC)",0.0
"cat__Developer_Mithun Vyas (DG New York CS, LLC)",0.0
cat__Developer_Mithun Vyas (DG New York CS LLC),0.0
cat__Developer_Murphy Solar Power,0.0
cat__Developer_Murphy Solar,0.0
cat__Developer_Murphy Brothers Contracting,0.0
cat__Developer_Mua Sio (Solar City),0.0
cat__Connection_Date_2015-05-18 00:00:00,0.0
cat__Developer_Moxie Solar,0.0
cat__Developer_Mountaintop Greene Clean Energy,0.0
cat__Developer_Mose Manor,0.0
cat__Developer_Morrisville State College,0.0
cat__Developer_Morgan Kennedy (Solar Energy Resources LLC),0.0
cat__Developer_Morgan Harrison (Clear Pond Landing LLC),0.0
cat__Developer_Monty Phinney (Monty Phinney),0.0
cat__Developer_Montante Solar Developments LLC,0.0
cat__Developer_Montante Solar,0.0
cat__Developer_Monroe County Water Authority,0.0
cat__Developer_Monolith Solar Associates,0.0
cat__Developer_NY state solar,0.0
cat__Developer_NY state Solar,0.0
cat__Developer_NY Wind and Sun,0.0
cat__Developer_NY State solar,0.0
cat__Developer_NY State Solar LLC,0.0
cat__Developer_NY State Solar,0.0
cat__Developer_NY State,0.0
cat__Developer_NY CDG 003 LLC,0.0
"cat__Developer_NRG RENEW, LLC",0.0
cat__Developer_NPCP LLC,0.0
cat__Developer_NOVI Energy,0.0
cat__Developer_NICHOLAS KIRK (DOWNSTREAM CONSTRUCTION),0.0
cat__Developer_NEXAMP SOLAR LLC,0.0
cat__Developer_NCL Construction management,0.0
cat__Developer_My Solar Grid,0.0
cat__Developer_Murphy Solar and Central Air,0.0
"cat__Developer_Nautilus Solar Energy, LLC",0.0
cat__Developer_Nautilus Solar,0.0
cat__Developer_Natural Energy Solutions LLC,0.0
cat__Developer_Natural Energy Solutions,0.0
cat__Developer_National Solar Technologiest,0.0
cat__Developer_National Photovoltaics Inc.,0.0
cat__Developer_National Grid Energy Management LLC,0.0
cat__Developer_Nathaniel Russell (Power Guru LLC),0.0
cat__Developer_Nathaniel Casey (American Energy Care / Solar Univ,0.0
cat__Connection_Date_2015-05-17 00:00:00,0.0
cat__Developer_Natalie Building Corp.,0.0
cat__Developer_Na'Tasheia Washington (SolarCity dba Tesla Energy,0.0
cat__Developer_NYS SUNY CANTON (NYS SUNY Canton),0.0
cat__Developer_NYS PARKS,0.0
cat__Connection_Date_2022-03-12 00:00:00,0.0
cat__Developer_NYREER,0.0
cat__Connection_Date_2004-09-23 00:00:00,0.0
cat__Connection_Date_2004-09-14 00:00:00,0.0
cat__Connection_Date_2004-09-13 00:00:00,0.0
cat__Connection_Date_2004-09-08 00:00:00,0.0
cat__Connection_Date_2004-09-07 00:00:00,0.0
cat__Connection_Date_2004-09-01 00:00:00,0.0
cat__Connection_Date_2004-08-30 00:00:00,0.0
cat__Connection_Date_2004-08-24 00:00:00,0.0
cat__Connection_Date_2004-08-20 00:00:00,0.0
cat__Connection_Date_2004-08-18 00:00:00,0.0
cat__Connection_Date_2004-08-16 00:00:00,0.0
cat__Connection_Date_2004-07-28 00:00:00,0.0
cat__Connection_Date_2004-07-27 00:00:00,0.0
cat__Connection_Date_2004-07-23 00:00:00,0.0
cat__Connection_Date_2004-07-19 00:00:00,0.0
cat__Connection_Date_2004-07-15 00:00:00,0.0
cat__Developer_NewEnergy Equity,0.0
cat__Developer_New york Power Solutions,0.0
cat__Developer_New York State Solar Farm Inc.,0.0
cat__Developer_New York Power Solutions.com,0.0
cat__Developer_New York Power Soluitons,0.0
cat__Developer_New York Power SOlutions,0.0
cat__Developer_New York Light Energy LLC,0.0
cat__Developer_New York Coastal Electric Corporation,0.0
cat__Developer_New Leaf Solar LLC,0.0
cat__Developer_New Generation Solar,0.0
cat__Developer_New Generation Corp,0.0
cat__Developer_New Found Energy,0.0
cat__Developer_New England Solar & Green Solutions,0.0
cat__Developer_New Energy Equity,0.0
"cat__Developer_Neos Associated, Inc",0.0
cat__Developer_Neil Salisbury,0.0
cat__Developer_Nicole Chemor (Solar City),0.0
"cat__Developer_Nickels Energy Solutions, LLC",0.0
cat__Developer_Nickels Energy Solutions,0.0
cat__Developer_Nickels Energy Solution,0.0
cat__Developer_Nick Pasco (Nick Pasco),0.0
cat__Developer_Nick Clingerman (PlugPV LLC),0.0
cat__Developer_NicePowerUSA,0.0
cat__Developer_Niagara Wind & Solar,0.0
cat__Developer_Nextera Energy Resources,0.0
cat__Developer_NextEra Energy,0.0
cat__Developer_NextERA Energy Ressources,0.0
"cat__Developer_Next Generation Solar, LLC",0.0
cat__Developer_Next Generation Solar,0.0
"cat__Developer_Nexamp Interconnections (Nexamp Solar, LLC.)",0.0
cat__Developer_Nexamp Interconnections (Nexamp Inc.),0.0
cat__Developer_Newgrange Electric Inc.,0.0
"cat__Developer_Novel Approaches Solar Applications, LLC",0.0
cat__Developer_Novel Approaches,0.0
cat__Developer_Northern Solar,0.0
cat__Developer_Northern Power Systems,0.0
"cat__Developer_Northern Lights Energy, Inc.",0.0
cat__Developer_Northern Lights Energy,0.0
cat__Developer_Northeast Smart Energy LLC,0.0
cat__Developer_Northeast Smart Energy,0.0
"cat__Developer_Northeast Emergency Power Systems, Inc.",0.0
cat__Developer_North Point Electrical Corp,0.0
cat__Developer_Noel Building System,0.0
cat__Developer_Noah Siegel (Abundant Solar Power [SK1] LLC),0.0
cat__Connection_Date_2022-04-11 00:00:00,0.0
cat__Developer_Nikolay Kinareiev (HALCO ENERGY),0.0
cat__Developer_Nicole Leblanc (AMP Solar Developement Inc.),0.0
cat__Developer_Nicole LeBlanc (AMP Solar Development Inc.),0.0
cat__Connection_Date_2004-07-08 00:00:00,0.0
cat__Connection_Date_2004-07-02 00:00:00,0.0
cat__Connection_Date_2004-06-29 00:00:00,0.0
cat__Connection_Date_2022-04-09 00:00:00,0.0
cat__Connection_Date_2004-06-21 00:00:00,0.0
cat__Connection_Date_2004-06-04 00:00:00,0.0
cat__Connection_Date_2004-06-03 00:00:00,0.0
cat__Connection_Date_2004-05-20 00:00:00,0.0
cat__Connection_Date_2004-05-19 00:00:00,0.0
cat__Connection_Date_2004-05-18 00:00:00,0.0
cat__Connection_Date_2004-05-17 00:00:00,0.0
cat__Connection_Date_2004-05-13 00:00:00,0.0
cat__Connection_Date_2004-05-10 00:00:00,0.0
cat__Connection_Date_2004-05-07 00:00:00,0.0
cat__Developer_NovelApproaches Solar,0.0
cat__Developer_Novel approaches Solar applications,0.0
cat__Connection_Date_2022-04-07 00:00:00,0.0
cat__Developer_OneRoof Energy Inc.,0.0
cat__Connection_Date_2022-04-04 00:00:00,0.0
"cat__Developer_OnSite Energy, Inc.",0.0
"cat__Developer_OnSite Energy, INC.",0.0
cat__Developer_OnSite Energy Inc.,0.0
cat__Developer_OnForce Solar,0.0
cat__Developer_On-Site Energy Inc,0.0
"cat__Developer_Old House Electric, LLC",0.0
"cat__Developer_Old House Electric, Inc.",0.0
cat__Developer_OZZ Solar,0.0
cat__Developer_OYA Solar Inc,0.0
cat__Developer_OWNER,0.0
cat__Developer_O'Connell Electric Co.,0.0
cat__Connection_Date_2004-07-14 00:00:00,0.0
cat__Connection_Date_2004-07-13 00:00:00,0.0
"cat__Developer_PLUGPV, LLC",0.0
"cat__Developer_PLUGPV LLC,",0.0
cat__Developer_PLUGPV LLC,0.0
cat__Developer_PLUGPV,0.0
cat__Developer_PJ Beck (Renovus Solar),0.0
cat__Developer_PEC INC. COM,0.0
cat__Developer_PCI,0.0
cat__Connection_Date_2022-04-02 00:00:00,0.0
cat__Developer_Owen Pugh (Alternative Power Solutions of NY),0.0
"cat__Developer_Overland Contracting, Inc.",0.0
cat__Developer_Our Generation,0.0
cat__Developer_Oren Cook (PlugPV),0.0
cat__Developer_Optimize Engineering LLC,0.0
cat__Connection_Date_2022-03-30 00:00:00,0.0
"cat__Developer_Onsite Energy, Inc",0.0
cat__Developer_Onsite Energy Inc.,0.0
cat__Developer_Patriot energy solutions corp,0.0
cat__Connection_Date_2022-03-26 00:00:00,0.0
cat__Developer_Patriot Energy Solutions Corp,0.0
cat__Connection_Date_2022-03-23 00:00:00,0.0
cat__Developer_Patrick McGowin (Dynamic Energy),0.0
cat__Developer_Patrick Dias (Croton Energy Group),0.0
cat__Developer_Patrick Dias (CROTON ENERGY GROUP),0.0
cat__Developer_Patricia Colburn,0.0
cat__Developer_Parsons Brinckerhoff Inc.,0.0
cat__Developer_Paradise Energy,0.0
cat__Developer_Pappas & Fodera Electrical,0.0
cat__Developer_Panatec Corporation,0.0
cat__Developer_Padma Kasthurirangan (Niagara Wind & Solar),0.0
cat__Developer_PV Squared Solar,0.0
cat__Developer_PMR Industries Inc,0.0
"cat__Developer_PLugPV, LLC",0.0
cat__Developer_Plant Smart Energy Solutions,0.0
cat__Developer_Pinnacle Energy Technology,0.0
cat__Developer_PhotoElectric Renewables LLC,0.0
cat__Developer_Phil Hofmeyer,0.0
"cat__Developer_Pfister Energy, Inc.",0.0
cat__Developer_Peter Savio (ClimateChops),0.0
cat__Developer_Peter Heisler (AdCon Building Services),0.0
cat__Developer_Peter Hatton,0.0
"cat__Developer_Peter Fobare (Fobare and Co, LLC)",0.0
cat__Developer_Peter Fobare (Fobare and Co LLC),0.0
"cat__Developer_Peter Fobare (Fobare & Co, LLC)",0.0
cat__Developer_Performance Systems Contracting,0.0
cat__Developer_Peconic Power Systems,0.0
cat__Developer_Paul Steffenhagen,0.0
cat__Developer_Paul McMenemy (Solar Generation),0.0
cat__Developer_Paul Burns Electrical,0.0
cat__Developer_Positive Energy NY LLC,0.0
cat__Developer_Positive Energy,0.0
cat__Developer_Posigen Solar,0.0
cat__Developer_PosiGen Solar,0.0
cat__Developer_PosiGen,0.0
cat__Developer_Portchester Solar LLC,0.0
cat__Developer_PlugPv LLC,0.0
cat__Connection_Date_2022-03-20 00:00:00,0.0
"cat__Developer_PlugPV, LLC",0.0
cat__Connection_Date_2022-03-19 00:00:00,0.0
cat__Developer_PlugPV  LLC,0.0
cat__Developer_PlugPV,0.0
cat__Developer_PlugPC LLC,0.0
cat__Developer_Plug PV LLC,0.0
cat__Developer_Plug PV,0.0
cat__Developer_Plaza Construction,0.0
cat__Connection_Date_2004-05-03 00:00:00,0.0
cat__Connection_Date_2004-05-01 00:00:00,0.0
cat__Connection_Date_2004-04-29 00:00:00,0.0
cat__Connection_Date_2004-04-28 00:00:00,0.0
cat__Connection_Date_2004-04-23 00:00:00,0.0
cat__Connection_Date_2004-04-22 00:00:00,0.0
cat__Connection_Date_2004-04-20 00:00:00,0.0
cat__Connection_Date_2004-04-16 00:00:00,0.0
cat__Connection_Date_2004-04-09 00:00:00,0.0
cat__Connection_Date_2004-04-05 00:00:00,0.0
cat__Connection_Date_2004-04-03 00:00:00,0.0
cat__Connection_Date_2004-03-31 00:00:00,0.0
cat__Connection_Date_2004-03-30 00:00:00,0.0
cat__Connection_Date_2004-03-25 00:00:00,0.0
cat__Developer_Power 2 Profit Energy Solutions,0.0
"cat__Developer_Positive Energy NY, LLC",0.0
cat__Developer_Premier Solar Solutions LLC,0.0
cat__Connection_Date_2022-04-30 00:00:00,0.0
cat__Developer_Premier Electric,0.0
cat__Developer_Preferred Exterior,0.0
cat__Developer_Precision Roofing,0.0
cat__Developer_Powersolutions LLC,0.0
cat__Connection_Date_2022-04-28 00:00:00,0.0
cat__Developer_Powerlutions LLC,0.0
cat__Connection_Date_2022-04-21 00:00:00,0.0
"cat__Developer_PowerLutions, LLC",0.0
cat__Developer_Power Management Co. LLC,0.0
cat__Developer_Power Management,0.0
cat__Developer_Power Guru LLC,0.0
cat__Developer_Power Guru,0.0
cat__Developer_Power Accord,0.0
cat__Connection_Date_2004-05-06 00:00:00,0.0
cat__Developer_Putnam Home Services LLC,0.0
cat__Developer_Purharvest Energy,0.0
"cat__Developer_PurePoint Energy, LLC",0.0
cat__Developer_PurePoint Energy LLC,0.0
cat__Developer_Pure Power Systems,0.0
cat__Developer_Pure Point Energy LLC,0.0
cat__Developer_Pure Energy,0.0
cat__Developer_Proven energy Systems,0.0
cat__Developer_Proven Energy Systems,0.0
cat__Developer_Promsun LLC,0.0
cat__Developer_Pro-Tech Energy Solutions LLC,0.0
cat__Developer_Pristine Eco Systems,0.0
cat__Developer_Prism Solar Technologies,0.0
cat__Developer_Prime Solar Power LLC,0.0
cat__Developer_Prime Energy Solutions,0.0
"cat__Developer_Premier Solar Solutions, LLC",0.0
cat__Developer_REC Solar Inc,0.0
"cat__Developer_RDS INDUSTRIES, INC.",0.0
cat__Developer_RAY FALK (Suntric Renewable Electric Systems),0.0
cat__Developer_R3 ENERGY,0.0
"cat__Developer_R.E. McNamara Enterprise, Inc.",0.0
cat__Developer_R. Edge Contracting LLC,0.0
cat__Connection_Date_2022-04-20 00:00:00,0.0
cat__Connection_Date_2022-04-19 00:00:00,0.0
cat__Developer_QwikSolar Power Systems,0.0
cat__Developer_QwikSolar,0.0
cat__Connection_Date_2022-04-18 00:00:00,0.0
"cat__Developer_Quixotic Systems, Inc.",0.0
cat__Developer_Quinns Green Power,0.0
cat__Developer_Quest Home Improvement Inc,0.0
"cat__Developer_Quality Solar Concepts, Inc.",0.0
"cat__Developer_Quad State Solar, Inc.",0.0
cat__Developer_Rah Solar and Electric,0.0
cat__Developer_Radiant Solar,0.0
cat__Developer_Rachel Shriver (Vivint Solar),0.0
"cat__Developer_Rachel Shriver (Vivint Solar Developer, LLC)",0.0
cat__Developer_RWE Clean Energy,0.0
cat__Developer_ROCHESTER SOLAR TECHNOLOGIES,0.0
cat__Developer_ROBERT BAERGA (Hudson River Renewables LLC),0.0
"cat__Developer_RKB Contruction Company, Inc.",0.0
cat__Developer_RIVERDALE ELECTRICAL SERVICES,0.0
cat__Developer_RH Innovation,0.0
cat__Connection_Date_2022-04-13 00:00:00,0.0
cat__Developer_REVOLUTION SOLAR,0.0
cat__Developer_RES Systems,0.0
"cat__Developer_RER Energy Group, LLC.",0.0
cat__Developer_RED HOOK SOLAR,0.0
"cat__Developer_REC Solar, Inc.",0.0
cat__Developer_Renewable Power Systems,0.0
cat__Developer_Renewable Edge LLC,0.0
cat__Developer_Renewable Edge,0.0
cat__Developer_Renew USA,0.0
cat__Developer_Renee Dufek (American Energy Care / Solar Universe,0.0
"cat__Developer_Regina Kowalski (PlugPV, LLC)",0.0
cat__Developer_Regina Kowalski (PlugPV),0.0
cat__Developer_Redco,0.0
cat__Developer_Red Hook Solar Corp,0.0
cat__Developer_Red Hook Solar,0.0
cat__Developer_Recovery Solar,0.0
cat__Developer_Real Goods Solar,0.0
cat__Developer_Rav Electric,0.0
"cat__Developer_Rare Earth Solar Consultants-Seed Solar, LLC",0.0
cat__Developer_Randy Williams,0.0
cat__Developer_Ramboll Engineering,0.0
cat__Connection_Date_2004-03-11 00:00:00,0.0
cat__Connection_Date_2004-03-08 00:00:00,0.0
cat__Connection_Date_2004-02-28 00:00:00,0.0
cat__Connection_Date_2004-02-24 00:00:00,0.0
cat__Connection_Date_2004-02-18 00:00:00,0.0
cat__Connection_Date_2004-02-17 00:00:00,0.0
cat__Connection_Date_2004-02-10 00:00:00,0.0
cat__Connection_Date_2004-02-09 00:00:00,0.0
cat__Connection_Date_2004-02-04 00:00:00,0.0
cat__Connection_Date_2004-01-30 00:00:00,0.0
cat__Connection_Date_2004-01-26 00:00:00,0.0
cat__Connection_Date_2004-01-14 00:00:00,0.0
cat__Connection_Date_2015-05-15 00:00:00,0.0
cat__Connection_Date_2004-01-12 00:00:00,0.0
cat__Connection_Date_2004-01-09 00:00:00,0.0
cat__Developer_Renewable Resources Energy Solutions,0.0
cat__Developer_Robert Baerga (Hudson River Renewables),0.0
cat__Developer_Robert Baerga (Hudson River Renewables LLC),0.0
"cat__Developer_Rob Jendrysek (Solar Liberty Energy Systems, Inc.)",0.0
"cat__Developer_Rob Campany (Fourth Coast, Inc.)",0.0
cat__Connection_Date_2015-05-09 00:00:00,0.0
cat__Developer_Richard Dean (Dean Electric),0.0
cat__Developer_Revolution Solar,0.0
cat__Developer_Revco Electric,0.0
cat__Developer_Repower by Solar Universe,0.0
cat__Developer_Repower Solar/AEC,0.0
cat__Developer_Repower Solar/ AEC,0.0
cat__Developer_Renua Energy Inc,0.0
cat__Developer_Renovus Energy Inc.,0.0
cat__Connection_Date_2015-05-05 00:00:00,0.0
cat__Developer_Rennergy LLC,0.0
cat__Connection_Date_2004-03-15 00:00:00,0.0
cat__Developer_Roeser Engineering DBA,0.0
cat__Developer_Rodney Wiltshire (Empire Solar and Electric),0.0
cat__Developer_Rodney Wiltshire (Empire Solar Store),0.0
cat__Developer_Rocky Solar Technique Corp,0.0
cat__Developer_Rochester Solar Technologies,0.0
cat__Developer_Roberts Contracting Inc,0.0
"cat__Developer_Roberto Sanchez (AETS Development Holdings, LLC)",0.0
"cat__Developer_Robert Tompkins (Borrego Solar Systems, Inc)",0.0
"cat__Developer_Robert Tompkins (212 Solar Development, LLC)",0.0
cat__Developer_Robert M Winterstein III,0.0
cat__Developer_Robert LaChance,0.0
cat__Developer_Robert Kanauer,0.0
"cat__Developer_Robert Hamill (US Energy Concierge, Inc)",0.0
cat__Developer_Robert Goldberg,0.0
cat__Developer_Robert Baerga Hudson River Renewables (Hudson Rive,0.0
cat__Developer_Robert Baerga (Hudson River Solar),0.0
cat__Developer_Ryan Lloyd (Helios Energy New York 2 LLC),0.0
cat__Developer_Ryan Lloyd (HELIOS ENERGY NY 10 LLC),0.0
"cat__Developer_Ryan Lloyd (DG VEMV, LLC)",0.0
cat__Developer_Ryan Elliott (Renovus Solar),0.0
cat__Developer_Ryan Ahlberg (Vivint Solar),0.0
cat__Connection_Date_2015-05-03 00:00:00,0.0
cat__Developer_Rural Generation,0.0
cat__Developer_Royal Wind and Solar,0.0
cat__Developer_Royal Wind & Solar,0.0
cat__Developer_Roy Rosenberger,0.0
cat__Connection_Date_2015-05-02 00:00:00,0.0
cat__Connection_Date_2022-05-12 00:00:00,0.0
cat__Connection_Date_2022-05-10 00:00:00,0.0
cat__Developer_Roof Diagnostics,0.0
cat__Developer_Ronald Bauer,0.0
cat__Developer_Roger Electric,0.0
cat__Developer_SEC LHNY Solar One LLC,0.0
cat__Developer_SCHEEDIE RUSSELL,0.0
cat__Developer_SAME SUN OF VERMONT INC.,0.0
cat__Developer_S&R solar Design Corp.,0.0
cat__Developer_S&R Solar Design Corp,0.0
cat__Connection_Date_2022-05-08 00:00:00,0.0
"cat__Developer_S&L Electric, Inc.",0.0
cat__Developer_S& R Solar Design Corp,0.0
cat__Developer_S R solar design,0.0
cat__Developer_S R Solar design,0.0
cat__Developer_S & R Solar Design Corp,0.0
cat__Developer_S & R Solar Design,0.0
cat__Developer_Ryan Storke (United Wind),0.0
cat__Developer_Ryan Storke (Storke LLC),0.0
cat__Developer_Ryan Lloyd (Helios Energy New York 9 LLC),0.0
cat__Developer_Ryan Lloyd (Helios Energy New York 3 LLC),0.0
cat__Developer_SRS Solar Design,0.0
cat__Developer_SR solar design,0.0
cat__Developer_SR Solar design,0.0
cat__Developer_SR Solar Design,0.0
cat__Developer_SR Solar,0.0
"cat__Developer_SOLARgeneration, inc",0.0
cat__Developer_SOLARgeneration,0.0
cat__Developer_SOLARCITY SOLARCITY CORP. (Solar City),0.0
cat__Developer_SOLAR STATES,0.0
cat__Developer_SOLAR SERVICE AND INSTALLATIONS,0.0
cat__Connection_Date_2022-05-07 00:00:00,0.0
cat__Developer_SI Solar,0.0
cat__Developer_SI SOLAR,0.0
cat__Developer_SGC-POWER,0.0
cat__Developer_SELF,0.0
cat__Connection_Date_2022-06-05 00:00:00,0.0
cat__Developer_Sara Hildebrand (Solar City DBA Tesla),0.0
cat__Developer_Sara Hildebrand (Solar City DBA Tesla Energy),0.0
cat__Developer_Sara Hildebrand (Solar City DBA Telsa Energy),0.0
"cat__Developer_Same Sun of Vermont, Inc.",0.0
cat__Developer_Samara Levine (American Solar Partners),0.0
cat__Developer_Samara Levine,0.0
"cat__Developer_Samantha Lennon (GSPP 4575 State Route 69, LLC)",0.0
"cat__Developer_Safari Energy, LLC",0.0
cat__Developer_SURE Sustainable Renewable Energy,0.0
cat__Developer_SUNco Project,0.0
cat__Developer_SUNG LEE (Momentum Solar),0.0
cat__Connection_Date_2022-06-04 00:00:00,0.0
cat__Developer_SUMMIT SOLAR COMPANY LLC,0.0
cat__Developer_SUFFOLK,0.0
cat__Developer_STR Systems NY LLC,0.0
cat__Developer_SRS Solar design,0.0
cat__Connection_Date_2003-12-13 00:00:00,0.0
cat__Connection_Date_2003-12-02 00:00:00,0.0
cat__Connection_Date_2003-11-25 00:00:00,0.0
cat__Connection_Date_2003-11-21 00:00:00,0.0
cat__Connection_Date_2003-11-13 00:00:00,0.0
cat__Connection_Date_2003-11-12 00:00:00,0.0
cat__Connection_Date_2003-11-10 00:00:00,0.0
cat__Connection_Date_2003-11-03 00:00:00,0.0
cat__Connection_Date_2003-10-30 00:00:00,0.0
cat__Connection_Date_2003-10-27 00:00:00,0.0
cat__Connection_Date_2003-10-21 00:00:00,0.0
cat__Connection_Date_2003-10-16 00:00:00,0.0
cat__Developer_Sara Hildebrand (SolarCity DBA Tesla Energy),0.0
cat__Developer_Sara Hildebrand (Solar City),0.0
cat__Developer_Sara Hildebrand (Solar City dba Tesla),0.0
cat__Developer_Sara Hildebrand (Solar City dba Tesla Energy),0.0
cat__Connection_Date_2022-05-30 00:00:00,0.0
cat__Developer_Seed Engineering and Solar,0.0
cat__Developer_Sean Dion (Mr. Electric of Queensbury),0.0
cat__Connection_Date_2022-05-28 00:00:00,0.0
cat__Developer_Scott Shipley (Northern Lights Energy),0.0
cat__Developer_Scott Reca (American Solar Partners),0.0
cat__Developer_Scott Gould,0.0
cat__Developer_Save On Solar,0.0
cat__Developer_Sara Kazmierczak (Buffalo Solar Solutions),0.0
cat__Developer_Sara Hildebrand (Tesla),0.0
"cat__Developer_Sara Hildebrand (Tesla Energy Operations, Inc)",0.0
cat__Developer_Sara Hildebrand (Tesla Energy Operations Inc.),0.0
cat__Connection_Date_2003-12-31 00:00:00,0.0
cat__Connection_Date_2003-12-22 00:00:00,0.0
cat__Connection_Date_2003-12-17 00:00:00,0.0
cat__Connection_Date_2003-12-16 00:00:00,0.0
cat__Connection_Date_2022-05-27 00:00:00,0.0
cat__Developer_Simple residential,0.0
cat__Developer_Simal Shrestha (Lotus Energy Inc.),0.0
cat__Developer_Silver Lining Solar,0.0
cat__Developer_Siemens Industry,0.0
"cat__Developer_Shannon Hughes (Kasselman Solar, LLC)",0.0
cat__Connection_Date_2022-05-25 00:00:00,0.0
"cat__Developer_Shan Hartz (Kasselman Solar, LLC)",0.0
"cat__Developer_Seth Berry (Silver Street Solar, LLC)",0.0
cat__Developer_Seth Berry (Pontiac Terrace Apartments),0.0
cat__Developer_Service financial,0.0
cat__Developer_Service Financial,0.0
cat__Developer_Self-Installed,0.0
cat__Developer_Self Installation,0.0
cat__Developer_Self Install,0.0
cat__Developer_Self Builder,0.0
"cat__Developer_Sol Alliance Solar Development, LLC",0.0
cat__Developer_Sol Alliance,0.0
cat__Connection_Date_2022-05-21 00:00:00,0.0
cat__Developer_Smart home energy source,0.0
cat__Developer_Smart Roofs Solar,0.0
cat__Developer_Smart Home energy source,0.0
cat__Developer_Smart Home LI Home improvement,0.0
cat__Developer_Smart Home Energy source,0.0
cat__Developer_Smart Home Energy Source LLC,0.0
cat__Connection_Date_2022-05-14 00:00:00,0.0
cat__Developer_Small Grid LLC C/O SOLAR VILLAGE COMPANY LLC,0.0
cat__Developer_Skyline Solar Inc.,0.0
cat__Connection_Date_2015-05-16 00:00:00,0.0
cat__Developer_Sky Wolf Wind Turbines,0.0
"cat__Developer_Simply Solar Systems, LLC",0.0
cat__Developer_Simply Solar Systems,0.0
cat__Developer_Solar City/Tesla,0.0
cat__Developer_Solar City DBA Tesla Energy,0.0
cat__Developer_Solar City DBA Tesla,0.0
cat__Developer_Solar City Corp DBA Tesla,0.0
cat__Developer_Solar Center,0.0
cat__Developer_Solar Bear Energy LLC,0.0
cat__Developer_Solar Amigos Energy,0.0
cat__Connection_Date_2022-06-25 00:00:00,0.0
"cat__Developer_Solar Alchemy, Inc.",0.0
"cat__Developer_Solar Alchemy, Inc",0.0
cat__Developer_Solar Alchemy Inc,0.0
cat__Developer_Solar Alchemy,0.0
cat__Developer_Solar 1 (non-profit),0.0
cat__Connection_Date_2022-06-24 00:00:00,0.0
cat__Connection_Date_2022-06-21 00:00:00,0.0
cat__Developer_Sol Power Associates,0.0
cat__Connection_Date_2022-06-20 00:00:00,0.0
cat__Connection_Date_2003-09-16 00:00:00,0.0
cat__Connection_Date_2003-09-15 00:00:00,0.0
cat__Connection_Date_2022-06-18 00:00:00,0.0
cat__Connection_Date_2003-09-05 00:00:00,0.0
cat__Connection_Date_2003-08-29 00:00:00,0.0
cat__Connection_Date_2003-08-28 00:00:00,0.0
cat__Connection_Date_2003-08-26 00:00:00,0.0
cat__Connection_Date_2003-08-25 00:00:00,0.0
cat__Connection_Date_2003-08-09 00:00:00,0.0
cat__Connection_Date_2003-08-08 00:00:00,0.0
cat__Connection_Date_2003-08-06 00:00:00,0.0
cat__Connection_Date_2003-08-05 00:00:00,0.0
cat__Connection_Date_2003-07-31 00:00:00,0.0
cat__Developer_Solar Dad and Sons Inc.,0.0
"cat__Developer_Solar Dad & Sons, Inc.",0.0
cat__Developer_Solar Inc,0.0
"cat__Developer_Solar Image, LLC",0.0
cat__Developer_Solar Image,0.0
"cat__Developer_Solar Generation, Inc.",0.0
cat__Developer_Solar Generation Projects LLC,0.0
cat__Developer_Solar Flair,0.0
cat__Developer_Solar Environment LLC,0.0
cat__Developer_Solar Energy World LLC,0.0
cat__Developer_Solar Energy World,0.0
cat__Developer_Solar Energy Services,0.0
cat__Developer_Solar Energy NY Corp,0.0
cat__Developer_Solar Energy NY,0.0
cat__Developer_Solar Electrical Solutions,0.0
cat__Developer_Solar Design Assoc. Inc.,0.0
cat__Connection_Date_2003-10-08 00:00:00,0.0
cat__Connection_Date_2003-10-07 00:00:00,0.0
cat__Developer_Solar Project Solutions,0.0
cat__Developer_Solar Program,0.0
cat__Developer_Solar Power Integrators,0.0
"cat__Developer_Solar Plus a division of US Energy Concierge, Inc.",0.0
"cat__Developer_Solar Plumbing Design, Inc.",0.0
cat__Connection_Date_2022-06-11 00:00:00,0.0
cat__Developer_Solar Opportunities,0.0
cat__Developer_Solar One INC,0.0
"cat__Developer_Solar Maximum LLC, dba RevoluSun",0.0
cat__Developer_Solar Maximum LLC,0.0
cat__Developer_Solar Maximum,0.0
cat__Developer_Solar Max,0.0
cat__Connection_Date_2022-06-06 00:00:00,0.0
cat__Developer_Solar Liberty Energy Systems Inc,0.0
cat__Developer_Solar Liberty Energy,0.0
"cat__Developer_Solar Landscape, LLC",0.0
cat__Developer_Solar solution LI,0.0
cat__Developer_Solar city,0.0
cat__Connection_Date_2022-07-19 00:00:00,0.0
cat__Developer_Solar Works,0.0
cat__Developer_Solar Windependence,0.0
cat__Developer_Solar Village Company,0.0
cat__Developer_Solar Village,0.0
cat__Developer_Solar Tech Renewables,0.0
cat__Developer_Solar States LLC,0.0
cat__Connection_Date_2022-07-18 00:00:00,0.0
cat__Developer_Solar Solutions of Long Island,0.0
cat__Developer_Solar Service and Installations,0.0
cat__Developer_Solar Service and Installation,0.0
cat__Developer_Solar Roof Dynamics,0.0
cat__Developer_Solar Revolution LLC,0.0
"cat__Developer_Solar Renewable Energy, LLC",0.0
cat__Developer_Solor Liberty Energy Systems,0.0
"cat__Developer_Sologistics, LLC",0.0
cat__Developer_Solcius,0.0
cat__Developer_Solartech Renewables,0.0
"cat__Developer_Solarias, Inc.",0.0
cat__Developer_Solare Systems,0.0
cat__Developer_Solarcity DBA Tesla,0.0
cat__Developer_Solarblocks Energy llc,0.0
"cat__Developer_SolarPlus, a division of US Energy Concierge, Inc.",0.0
cat__Developer_SolarPlus,0.0
"cat__Developer_SolarKal, LLC",0.0
cat__Developer_SolarKal,0.0
"cat__Developer_SolarCity dba Tesla Energy Operations, Inc.",0.0
cat__Developer_SolarCity DBA Tesla Energy,0.0
cat__Developer_SolarCity DBA Tesla,0.0
cat__Developer_SolarCity Corp dba Tesla Energy,0.0
cat__Connection_Date_2003-07-21 00:00:00,0.0
cat__Connection_Date_2003-07-11 00:00:00,0.0
cat__Connection_Date_2003-07-08 00:00:00,0.0
cat__Connection_Date_2022-07-14 00:00:00,0.0
cat__Connection_Date_2003-06-26 00:00:00,0.0
cat__Connection_Date_2022-07-12 00:00:00,0.0
cat__Connection_Date_2003-06-16 00:00:00,0.0
cat__Connection_Date_2003-06-10 00:00:00,0.0
cat__Connection_Date_2003-06-09 00:00:00,0.0
cat__Connection_Date_2003-06-04 00:00:00,0.0
cat__Connection_Date_2003-05-31 00:00:00,0.0
cat__Connection_Date_2003-05-21 00:00:00,0.0
cat__Connection_Date_2003-05-20 00:00:00,0.0
cat__Developer_Sprint Enterprises & Sun Energy,0.0
cat__Developer_Spark Solutions,0.0
cat__Developer_Solular,0.0
"cat__Developer_Steve Riggall (Stellar Renewable Designs, LLC)",0.0
"cat__Developer_Steve Nickels (Nickels Energy Solutions, LLC)",0.0
cat__Developer_Steve Nickels (Nickels Energy Solutions LLC),0.0
cat__Developer_Steve Edgar,0.0
cat__Developer_Stephen Lee,0.0
cat__Developer_Stephen Bradshaw,0.0
"cat__Developer_Stephanie Loucas (Wildcat Renewables, LLC)",0.0
cat__Developer_Stellar Renewables,0.0
cat__Developer_Stefanie Kusmann (Empire Solar Solutions),0.0
cat__Developer_Steed Energ,0.0
cat__Developer_Staten Island Renewable Energy Corp,0.0
cat__Developer_Standard Solar,0.0
cat__Developer_Squan Solar,0.0
cat__Connection_Date_2003-07-25 00:00:00,0.0
cat__Connection_Date_2003-07-24 00:00:00,0.0
cat__Connection_Date_2003-07-23 00:00:00,0.0
cat__Connection_Date_2022-07-11 00:00:00,0.0
cat__Developer_Sun Edison,0.0
cat__Developer_Sun Directed,0.0
cat__Developer_Sun Common,0.0
cat__Developer_Summit Solar Company LLC,0.0
cat__Developer_Summer Palmberg (Solar City),0.0
cat__Developer_Sumintra LLC,0.0
cat__Developer_Sumintra,0.0
cat__Developer_Suffolk Solar System,0.0
cat__Developer_Steven Sgarlata (BlueRock Solar),0.0
cat__Developer_Steven Robinson (Vivint Solar),0.0
cat__Developer_Steven Riggall (Fusion Energy Services),0.0
"cat__Developer_Steven Nickels (Nickels Energy Solutions, LLC)",0.0
cat__Developer_Steven Nickels (Nickels Energy Solutions LLC),0.0
cat__Connection_Date_2022-07-08 00:00:00,0.0
cat__Developer_Steve Weigel (PlugPV),0.0
cat__Developer_SunPower By EmPower Solar,0.0
cat__Developer_SunLight General Capital,0.0
cat__Connection_Date_2022-07-01 00:00:00,0.0
cat__Developer_SunBug Solar,0.0
cat__Developer_Sun-Brite Solar,0.0
cat__Developer_Sun shine Plus Solar,0.0
cat__Developer_Sun run,0.0
cat__Developer_Sun power,0.0
cat__Developer_Sun Stream,0.0
cat__Developer_Sun Spot Solar,0.0
cat__Developer_Sun Run,0.0
cat__Developer_Sun Power,0.0
cat__Developer_Sun Mountain,0.0
cat__Developer_Sun Masters Corp.,0.0
"cat__Developer_Sun Is Green Solar, LLC",0.0
"cat__Developer_Sun Is Green Solar, Inc.",0.0
cat__Developer_Sundog Solar,0.0
cat__Connection_Date_2015-04-27 00:00:00,0.0
cat__Developer_Sundial Solar Innovations LLC,0.0
cat__Connection_Date_2015-04-26 00:00:00,0.0
cat__Connection_Date_2015-04-25 00:00:00,0.0
cat__Developer_Sunburn Solar,0.0
cat__Developer_Sunation Solar System,0.0
cat__Developer_Sunation,0.0
cat__Connection_Date_2015-04-24 00:00:00,0.0
cat__Developer_SunStream USA,0.0
cat__Developer_SunStream Partners,0.0
cat__Developer_SunRun Installations INC,0.0
cat__Developer_SunPower by Venture Solar,0.0
cat__Developer_SunPower by EmPower Solar,0.0
cat__Connection_Date_2015-04-20 00:00:00,0.0
cat__Developer_SunPower Direct,0.0
cat__Connection_Date_2003-05-14 00:00:00,0.0
cat__Connection_Date_2003-05-09 00:00:00,0.0
cat__Connection_Date_2003-05-07 00:00:00,0.0
cat__Connection_Date_2003-04-25 00:00:00,0.0
cat__Connection_Date_2003-04-12 00:00:00,0.0
cat__Connection_Date_2003-04-05 00:00:00,0.0
cat__Connection_Date_2003-04-02 00:00:00,0.0
cat__Connection_Date_2003-03-28 00:00:00,0.0
cat__Connection_Date_2003-03-21 00:00:00,0.0
cat__Connection_Date_2003-03-13 00:00:00,0.0
cat__Connection_Date_2003-03-07 00:00:00,0.0
cat__Connection_Date_2003-02-27 00:00:00,0.0
cat__Connection_Date_2003-02-26 00:00:00,0.0
cat__Connection_Date_2003-02-20 00:00:00,0.0
cat__Connection_Date_2003-02-14 00:00:00,0.0
cat__Connection_Date_2003-02-13 00:00:00,0.0
cat__Developer_Sunrise Power,0.0
cat__Developer_Sunrise Energy Corp,0.0
cat__Developer_Sunrise Electrical Services_ LLC,0.0
cat__Developer_Sunrise Electrical Services,0.0
cat__Developer_Sunrise Electrical Service,0.0
cat__Connection_Date_2015-04-17 00:00:00,0.0
cat__Developer_Sunology Solar,0.0
cat__Developer_Sunnyside Solar,0.0
cat__Developer_Sunlab Solutions,0.0
cat__Developer_Sunkeeper Solar,0.0
cat__Connection_Date_2015-04-14 00:00:00,0.0
"cat__Developer_Sungevity, Inc.",0.0
"cat__Developer_Sungevity, Inc",0.0
cat__Developer_Sungevity Solar Home,0.0
cat__Developer_Sungevity Inc.,0.0
cat__Connection_Date_2015-04-12 00:00:00,0.0
cat__Connection_Date_2003-01-07 00:00:00,0.0
cat__Connection_Date_2002-12-19 00:00:00,0.0
cat__Connection_Date_2002-12-17 00:00:00,0.0
cat__Connection_Date_2002-12-03 00:00:00,0.0
cat__Connection_Date_2022-07-23 00:00:00,0.0
cat__Connection_Date_2002-11-21 00:00:00,0.0
cat__Connection_Date_2002-11-18 00:00:00,0.0
cat__Connection_Date_2022-07-22 00:00:00,0.0
cat__Connection_Date_2002-11-06 00:00:00,0.0
cat__Connection_Date_2002-11-05 00:00:00,0.0
cat__Connection_Date_2002-10-25 00:00:00,0.0
cat__Connection_Date_2002-10-21 00:00:00,0.0
cat__Connection_Date_2002-10-17 00:00:00,0.0
cat__Connection_Date_2022-08-17 00:00:00,0.0
cat__Developer_Sunrise Solar LLC,0.0
cat__Developer_Sunrise Power Solution,0.0
cat__Developer_Sunshine plus solar corp,0.0
cat__Developer_Sunshine Plus,0.0
cat__Developer_Sunshine Cowgill (SUNRUN INC),0.0
"cat__Developer_Sunrun, Inc.",0.0
cat__Connection_Date_2022-08-13 00:00:00,0.0
cat__Developer_Sunrun inc,0.0
cat__Connection_Date_2022-08-06 00:00:00,0.0
cat__Developer_Sunrun Installation Services,0.0
"cat__Developer_Sunrun Installation Service, Inc.",0.0
"cat__Developer_Sunrun Installaion Services, Inc.",0.0
cat__Developer_Sunrun Inc.,0.0
cat__Developer_Sunrun,0.0
cat__Developer_Sunrise Solar Solutions LLC,0.0
cat__Connection_Date_2003-02-12 00:00:00,0.0
cat__Connection_Date_2003-02-10 00:00:00,0.0
cat__Connection_Date_2003-01-15 00:00:00,0.0
cat__Developer_Surf Clean Energy Inc.,0.0
cat__Connection_Date_2022-08-01 00:00:00,0.0
cat__Developer_Surf Clean Energy,0.0
cat__Developer_Suresh Bhate (Inverters Unlimited Inc),0.0
cat__Developer_Sure Sustainable Renewable Energies,0.0
cat__Developer_Sure Energy,0.0
cat__Developer_Sure Energies Corp.,0.0
cat__Developer_Superior Solutions,0.0
cat__Developer_Superior Solar USA,0.0
cat__Developer_Superior Heat Co. LLC,0.0
cat__Developer_Sunwize Technologies,0.0
cat__Developer_Sunwise Energy LLC,0.0
cat__Developer_Suntuity,0.0
cat__Developer_Suntric Renewable Electric Systems,0.0
cat__Developer_Sunstruck Design,0.0
cat__Developer_Sunstream USA,0.0
cat__Developer_TJ Murphy (Environomics.Co),0.0
cat__Developer_TESLA ENERGY OPERATIONS INC,0.0
cat__Connection_Date_2022-07-30 00:00:00,0.0
cat__Developer_TED ZACH ATLAS TERMINAL,0.0
"cat__Developer_TAG Mechanical Systems, Inc.",0.0
cat__Developer_TAG Mechanical,0.0
cat__Developer_T-KAR Smart Energy Systems,0.0
cat__Developer_T J Technology,0.0
cat__Developer_Syracuse Solar and Wind LLC,0.0
cat__Developer_Syracuse Solar and Wind,0.0
cat__Developer_Switch Inc. Electrical Contractors,0.0
cat__Developer_SustenCorp,0.0
cat__Developer_Susten Energy,0.0
"cat__Developer_Sustainable Energy Developments, Inc.",0.0
cat__Developer_Surf Clean energy,0.0
cat__Developer_Surf Clean Energy_ Inc.,0.0
cat__Developer_Teresa Angelico (Trinity Solar),0.0
cat__Developer_Teddy Epstein (Novis Renewables),0.0
cat__Developer_Tecta Solar,0.0
cat__Developer_Tech Home Electric LLC,0.0
cat__Developer_Tayler Thilk (M.H. Thilk Electric LLC),0.0
"cat__Developer_Tarrah DeVito (Solar Liberty Energy Systems, Inc.)",0.0
cat__Developer_Tania Pawlyk (Trinity Solar),0.0
cat__Developer_Tanglewood Nature Center,0.0
cat__Developer_Talon Robb (Halco Plumbing & Heating),0.0
cat__Developer_Talie Cohen (New York Power Solutions),0.0
cat__Developer_Tai-Enlighten Power Solutions,0.0
cat__Developer_Tag Mechanical,0.0
cat__Developer_Taconic Renewable energy Solutions,0.0
cat__Developer_TPS Interconnection <ATXIC@sunpower.com>,0.0
cat__Developer_TM Montante Solar Developments LLC,0.0
cat__Developer_TJ Potter (S L Electric Inc),0.0
cat__Developer_The Solar Doctors,0.0
cat__Developer_The Solar Center,0.0
cat__Developer_Tetra-Tech Architects & Engineers,0.0
"cat__Developer_Tesla, Inc.",0.0
cat__Developer_Tesla Energy Ops,0.0
"cat__Developer_Tesla Energy Operations, Inc",0.0
cat__Developer_Tesla Energy Operations Inc.,0.0
cat__Developer_Tesla Energy Operations Inc,0.0
cat__Developer_Tesla Energy Operations,0.0
cat__Developer_Tesla Energy Operation,0.0
"cat__Developer_Tesla Energy (Tesla Energy Operations, Inc.)",0.0
cat__Developer_Tesla Energy (Tesla Energy Operations),0.0
cat__Developer_Tesla Energy (Solar City),0.0
cat__Developer_Tesla Energy,0.0
cat__Developer_Teresa Minnick,0.0
cat__Connection_Date_2022-07-29 00:00:00,0.0
cat__Connection_Date_2002-10-09 00:00:00,0.0
cat__Connection_Date_2002-10-04 00:00:00,0.0
cat__Connection_Date_2002-09-28 00:00:00,0.0
cat__Connection_Date_2002-09-27 00:00:00,0.0
cat__Connection_Date_2002-09-26 00:00:00,0.0
cat__Connection_Date_2002-09-25 00:00:00,0.0
cat__Connection_Date_2002-09-24 00:00:00,0.0
cat__Connection_Date_2002-09-12 00:00:00,0.0
cat__Connection_Date_2002-09-10 00:00:00,0.0
cat__Connection_Date_2002-09-06 00:00:00,0.0
cat__Connection_Date_2002-09-05 00:00:00,0.0
cat__Connection_Date_2002-09-04 00:00:00,0.0
cat__Connection_Date_2002-08-29 00:00:00,0.0
cat__Developer_The Solar Program,0.0
cat__Developer_The Solar Man,0.0
cat__Developer_The Solar Doctors LLC,0.0
cat__Developer_Titan Solar Power,0.0
cat__Developer_Tisdel Associates,0.0
cat__Developer_Tina DeKing (CNY Solar Inc),0.0
cat__Developer_Timothy Augustyn (Timothy Augustyn),0.0
cat__Developer_Tia Cline (PALMETTO SOLAR),0.0
cat__Developer_Thomas Murphy (Environomics.Co),0.0
cat__Developer_Thomas McColloch,0.0
cat__Developer_Thomas Howley,0.0
cat__Developer_Thomas Doherty (Thomas J Doherty),0.0
"cat__Developer_Thibaut Deslespaul (CVE North America, Inc.)",0.0
cat__Developer_Thibaut Delespaul (CVE North America),0.0
cat__Developer_The Sun Energy Group,0.0
cat__Developer_The Solar Specialists,0.0
cat__Connection_Date_2002-10-16 00:00:00,0.0
cat__Connection_Date_2002-10-15 00:00:00,0.0
cat__Connection_Date_2002-10-10 00:00:00,0.0
cat__Developer_Tucker Buchas (TM MONTANTE SOLAR DEVELOPMENT LLC),0.0
cat__Developer_True Energy Solutions,0.0
cat__Developer_Triple J Electric,0.0
cat__Developer_Trinity Solarr,0.0
cat__Connection_Date_2022-09-10 00:00:00,0.0
"cat__Developer_Triangle Electrical Systems, Inc",0.0
"cat__Developer_Triangle Electric Systems, Inc.",0.0
cat__Developer_TriState Solar Services,0.0
cat__Connection_Date_2022-09-03 00:00:00,0.0
cat__Developer_Tri-State Solar,0.0
cat__Developer_Tri state solar services,0.0
cat__Developer_Tri State Solar Services,0.0
cat__Developer_Tracy Krueger (Solar City),0.0
cat__Developer_Tracy Krueger (Solar City DBA Tesla),0.0
cat__Developer_Toni Haviland (Apex Solar),0.0
cat__Developer_Tom Thompson (Gridwerks Consulting Inc),0.0
cat__Developer_Unisolar LLC,0.0
cat__Developer_UniAssociates,0.0
"cat__Developer_US Energy Concierge, Inc",0.0
cat__Developer_US Energy Concierge Inc.,0.0
cat__Developer_US Energy Concierge,0.0
cat__Developer_US Electric,0.0
"cat__Developer_US ENERGY CONCIERGE, INC.",0.0
cat__Developer_UGEI,0.0
cat__Developer_UGE USA,0.0
"cat__Developer_U.S. LIGHT ENERGY, LLC",0.0
cat__Developer_Tyler Uebelhoer (Buffalo Solar Solutions),0.0
cat__Connection_Date_2022-09-02 00:00:00,0.0
cat__Developer_Ty-Lectric,0.0
cat__Developer_Twin Tier Solar and Wind,0.0
cat__Developer_Twin Tier Solar & Wind,0.0
"cat__Developer_Turner Engineering, PC",0.0
cat__Developer_VP Supply,0.0
cat__Developer_VP SUPPLY CORP,0.0
"cat__Developer_VEITH ELECTRIC, LLC",0.0
cat__Developer_Ursela Daly (Solar City),0.0
cat__Developer_UrbnDER,0.0
cat__Developer_Urban Energy Inc.,0.0
"cat__Developer_Upstate Solar Solutions, LLC",0.0
cat__Developer_Upstate Energy Solutions,0.0
cat__Developer_Upstate Alternatvie Energy,0.0
cat__Connection_Date_2022-09-01 00:00:00,0.0
cat__Developer_Unknown Contractor,0.0
cat__Developer_Universe Appliance Electric,0.0
cat__Developer_Unity Electric Co. Inc.,0.0
cat__Developer_United Wind,0.0
cat__Connection_Date_2022-08-29 00:00:00,0.0
cat__Developer_United Renewable Energy,0.0
cat__Connection_Date_2002-08-22 00:00:00,0.0
cat__Connection_Date_2022-08-27 00:00:00,0.0
cat__Connection_Date_2002-08-19 00:00:00,0.0
cat__Connection_Date_2002-08-16 00:00:00,0.0
cat__Connection_Date_2002-07-30 00:00:00,0.0
cat__Connection_Date_2002-07-20 00:00:00,0.0
cat__Connection_Date_2002-07-19 00:00:00,0.0
cat__Connection_Date_2002-06-28 00:00:00,0.0
cat__Connection_Date_2002-06-22 00:00:00,0.0
cat__Connection_Date_2002-06-20 00:00:00,0.0
cat__Connection_Date_2002-06-10 00:00:00,0.0
cat__Connection_Date_2002-05-30 00:00:00,0.0
cat__Developer_Vanguard Energies,0.0
cat__Connection_Date_2022-08-22 00:00:00,0.0
cat__Developer_Valentine Christian (self),0.0
cat__Developer_Val Green Energy,0.0
cat__Connection_Date_2022-08-20 00:00:00,0.0
cat__Developer_Veteran Solar Systems Inc,0.0
cat__Developer_Veteran Solar Systems,0.0
"cat__Developer_Venture Home Solar, LLC.",0.0
"cat__Developer_Venture Home Solar, LLC",0.0
cat__Connection_Date_2015-04-08 00:00:00,0.0
"cat__Developer_Veith electric, llc",0.0
"cat__Developer_Veith Electric,llc",0.0
"cat__Developer_Veith Electric, llc",0.0
"cat__Developer_Veith Electric, LLC",0.0
cat__Developer_Veith Electric,0.0
cat__Developer_Vara Solar,0.0
cat__Developer_Vanguard Energy/Sol Providers,0.0
cat__Developer_Vanguard Energy Partners LLC,0.0
cat__Connection_Date_2002-08-27 00:00:00,0.0
cat__Connection_Date_2002-08-23 00:00:00,0.0
cat__Developer_Voltaic,0.0
cat__Developer_Vivnt Solar (Vivint Solar),0.0
cat__Connection_Date_2015-04-07 00:00:00,0.0
cat__Developer_Vivint Solar Development LLC,0.0
cat__Connection_Date_2015-04-06 00:00:00,0.0
cat__Developer_Vivint Solar Developer LLC,0.0
cat__Connection_Date_2015-04-05 00:00:00,0.0
"cat__Developer_Vivint Solar (Vivint Solar Developer, LLC)",0.0
"cat__Developer_Visionary Solar Group, LLC",0.0
"cat__Developer_Violet Jensen-Moulton (Next Generation Solar, LLC)",0.0
cat__Developer_Violet Jensen-Moulton (Next Generation Solar),0.0
cat__Developer_Viola Homes DBA renewablerochester,0.0
cat__Developer_Vinvint Solar,0.0
cat__Developer_Vinnie Smith (Next Generation Solar),0.0
cat__Developer_Viking Solar Inc,0.0
cat__Developer_Viking Solar,0.0
cat__Developer_Wiley Electronics LLC,0.0
cat__Developer_Wildwood Electric,0.0
"cat__Developer_Wildcat Solar, LLC",0.0
cat__Developer_Wildcat Solar LLC,0.0
"cat__Developer_Wildcat Renewables, LLC.",0.0
cat__Developer_Wholesale Solar,0.0
cat__Developer_Westchester Solar Inc.,0.0
"cat__Developer_Wendy Mueller (PlugPV, LLC)",0.0
cat__Connection_Date_2015-04-02 00:00:00,0.0
cat__Developer_Wendy De Wolf (East Light Partners),0.0
"cat__Developer_Weaver Wind Energy formerly Renovus Energy, Inc.",0.0
cat__Developer_Wayne Shuster (Wayne Shuster),0.0
cat__Developer_Wayne Dederick (Northwoods Solar),0.0
cat__Developer_Warner Energy LLC,0.0
cat__Developer_Warner Energy,0.0
cat__Developer_Voltaic Solaire LLC,0.0
cat__Developer_Wiltshire Renewable Energy Systems LLC DBA Empire,0.0
cat__Developer_Wiltshire Renewable Energy Systems LLC,0.0
cat__Developer_Wiltshire Renewable Energy Systems,0.0
cat__Connection_Date_2015-03-26 00:00:00,0.0
cat__Developer_William Klink (Freedom Solar LLC),0.0
cat__Developer_William Jurith (HELIOS LENOX 1 LLC),0.0
cat__Developer_William James Bushell Corp DBA Radiant Solar,0.0
cat__Developer_William Hall,0.0
cat__Developer_William Bugenhagen (Concord Clean Power),0.0
cat__Developer_William Bugenhagen,0.0
cat__Developer_William Bugemhagen (Concord Clean Power),0.0
"cat__Developer_William Appenheimer (Solar Liberty Energy Systems,",0.0
cat__Connection_Date_2015-03-25 00:00:00,0.0
cat__Developer_William  Cole,0.0
cat__Developer_Will Klink (Temperature Experts),0.0
cat__Developer_Wililam Silva (RaVolt LLC),0.0
cat__Developer_Zachary Schrowang (Solar Generation),0.0
cat__Connection_Date_2015-03-24 00:00:00,0.0
cat__Developer_Zach Drescher (Warner Energy LLC),0.0
cat__Developer_ZOE ENERGY SOLUTIONS INC,0.0
cat__Developer_Yuichi Segawa (GAF Energy),0.0
"cat__Developer_You Save Green, Inc.",0.0
cat__Connection_Date_2022-09-19 00:00:00,0.0
"cat__Developer_Yogesh kumar (OYA Solar NY, L.P.)",0.0
"cat__Developer_Yogesh Kumar (OYA Solar NY, L.P.)",0.0
"cat__Developer_YellowLite, Inc.",0.0
"cat__Developer_YSG Solar, LLC",0.0
cat__Developer_YSG Solar Installers LLC,0.0
cat__Connection_Date_2022-09-18 00:00:00,0.0
cat__Developer_YSG Community Solar LLC,0.0
cat__Connection_Date_2022-09-17 00:00:00,0.0
cat__Developer_Windsoul,0.0
cat__Developer_connor dawson (GreenSpark Solar),0.0
cat__Developer_complete solar,0.0
cat__Developer_bright bay electric,0.0
cat__Developer_bright Power,0.0
cat__Developer_bgraziani@sunation.com,0.0
cat__Developer_arizzo@nystatesolar.com,0.0
cat__Developer_amergysolar,0.0
cat__Developer_amergy solar,0.0
"cat__Developer_altPower, Inc.",0.0
cat__Developer_altPower,0.0
cat__Developer_all island group,0.0
cat__Developer_aesguerra@tesla.com,0.0
cat__Developer_accord power inc,0.0
cat__Developer_Zero Energy Homes,0.0
cat__Developer_Zero Carbon Corporation,0.0
cat__Developer_Zack Parker (ACES-Energy),0.0
cat__Developer_ethan brush (east west electric),0.0
cat__Developer_ethan brush (East west electric),0.0
cat__Developer_empower solar,0.0
cat__Developer_empower,0.0
cat__Developer_elite Now,0.0
cat__Developer_element energy systems,0.0
cat__Developer_element energy system,0.0
cat__Developer_eastern energy,0.0
cat__Developer_e-Vanhee Clean Energy,0.0
cat__Developer_dob@sologistics.us,0.0
cat__Developer_direct energy solar,0.0
cat__Developer_dcdan93@optonline.net,0.0
cat__Developer_curt Snyder (Crest Solar LLC),0.0
cat__Developer_cross@amergysolar.com,0.0
cat__Developer_core stats construction,0.0
cat__Connection_Date_2022-10-15 00:00:00,0.0
cat__Developer_jason Tyler (J&A Electrical Construction LLC),0.0
cat__Developer_island wide energy,0.0
cat__Developer_hytechsolar,0.0
cat__Developer_home owner,0.0
cat__Developer_group solar USA,0.0
cat__Connection_Date_2022-10-13 00:00:00,0.0
cat__Developer_grid city,0.0
cat__Developer_green logic,0.0
cat__Developer_greeenlogic,0.0
cat__Developer_gogreen leaf solar,0.0
cat__Developer_go solargreen ny,0.0
cat__Developer_go green leafd solar,0.0
cat__Developer_go green leaf solar,0.0
cat__Developer_fusionenergyservices.com,0.0
cat__Developer_filing@srsolardesign.com,0.0
cat__Developer_evolution energy,0.0
cat__Developer_mark e smith,0.0
cat__Developer_long island power solutions,0.0
cat__Developer_long island power,0.0
cat__Developer_long island Power,0.0
cat__Developer_long Island Solar Solutions,0.0
cat__Developer_light house energy partners,0.0
cat__Developer_keithmonoghan@juno.com,0.0
cat__Developer_kamtechsolar,0.0
cat__Developer_kamtech solar,0.0
cat__Developer_kamtech Solar,0.0
cat__Developer_kam tech solar,0.0
cat__Developer_kam tech,0.0
cat__Developer_kalleyne@nystatesolar.com,0.0
cat__Developer_juanita@sologistics.us,0.0
cat__Developer_jsynergygreen,0.0
cat__Developer_jeffrey Marshall (timberridge Renovations),0.0
cat__Developer_self,0.0
cat__Developer_sara Murali (American Solar Partners),0.0
cat__Developer_s.n.d. electrical contracting inc.,0.0
cat__Developer_ruvim bushmich (alpha auto),0.0
cat__Developer_premier solar usa,0.0
cat__Developer_premier solar NY,0.0
cat__Developer_plugPV LLC,0.0
cat__Developer_peconic power,0.0
cat__Developer_ovolz@nystatesolar.com,0.0
cat__Developer_not on list,0.0
cat__Developer_murphysolarandcentralair,0.0
cat__Developer_murphy solar and central air,0.0
cat__Developer_mosaic,0.0
cat__Developer_momentum solar,0.0
cat__Developer_momentum Solar,0.0
cat__Developer_momentum,0.0
cat__Developer_sun run,0.0
cat__Developer_sun power,0.0
cat__Connection_Date_2022-10-06 00:00:00,0.0
cat__Developer_sologiscics,0.0
cat__Developer_solarspectrum,0.0
cat__Developer_solarsolutionsli@yahoo.com,0.0
cat__Connection_Date_2022-10-05 00:00:00,0.0
"cat__Developer_solar image, llc",0.0
cat__Developer_solar City,0.0
cat__Connection_Date_2022-10-03 00:00:00,0.0
cat__Developer_smart source electric LLC,0.0
cat__Developer_smart home energy source,0.0
cat__Developer_sky line solar,0.0
cat__Developer_self installer,0.0
cat__Developer_self installation,0.0
cat__Developer_self install,0.0
cat__Connection_Date_2001-07-02 00:00:00,0.0
cat__Connection_Date_2002-04-16 00:00:00,0.0
cat__Connection_Date_2002-04-09 00:00:00,0.0
cat__Connection_Date_2002-03-13 00:00:00,0.0
cat__Connection_Date_2022-10-02 00:00:00,0.0
cat__Connection_Date_2002-02-13 00:00:00,0.0
cat__Connection_Date_2002-02-09 00:00:00,0.0
cat__Connection_Date_2002-01-24 00:00:00,0.0
cat__Connection_Date_2001-12-13 00:00:00,0.0
cat__Connection_Date_2001-12-06 00:00:00,0.0
cat__Connection_Date_2001-12-05 00:00:00,0.0
cat__Connection_Date_2001-11-17 00:00:00,0.0
cat__Developer_sungevity,0.0
cat__Developer_sunation,0.0
cat__Developer_sun run home,0.0
cat__Connection_Date_2002-05-01 00:00:00,0.0
cat__Developer_vsantos@nystatesolar.com,0.0
cat__Developer_tj technology,0.0
"cat__Developer_tesla energy operations, inc",0.0
cat__Developer_tesla,0.0
cat__Developer_surf clen,0.0
cat__Developer_surf clean energy,0.0
cat__Developer_surf clean,0.0
cat__Developer_surf Clean energy,0.0
cat__Developer_sunrun,0.0
cat__Connection_Date_2022-09-24 00:00:00,0.0
cat__Developer_sunrise electric services,0.0
cat__Connection_Date_2022-09-22 00:00:00,0.0
cat__Developer_sunpoer,0.0
cat__Connection_Date_2002-05-09 00:00:00,0.0
cat__Connection_Date_2002-05-03 00:00:00,0.0
cat__Connection_Date_2001-08-17 00:00:00,0.0
